ISO-10303-21;
HEADER;
FILE_DESCRIPTION (( 'STEP AP214' ),
    '1' );
FILE_NAME ('¸ÖÍø¼Ð AÃæ.STEP',
    '2025-07-20T08:43:49',
    ( '' ),
    ( '' ),
    'SwSTEP 2.0',
    'SolidWorks 2020',
    '' );
FILE_SCHEMA (( 'AUTOMOTIVE_DESIGN' ));
ENDSEC;

DATA;
#1 = ORIENTED_EDGE ( 'NONE', *, *, #443, .T. ) ;
#2 = ORIENTED_EDGE ( 'NONE', *, *, #858, .T. ) ;
#3 = DIRECTION ( 'NONE',  ( 0.000000000000000000, 0.000000000000000000, -1.000000000000000000 ) ) ;
#4 = DIRECTION ( 'NONE',  ( 0.000000000000000000, 1.000000000000000000, 0.000000000000000000 ) ) ;
#5 = DIRECTION ( 'NONE',  ( 0.000000000000000000, 0.000000000000000000, 1.000000000000000000 ) ) ;
#6 = FACE_BOUND ( 'NONE', #1424, .T. ) ;
#7 =( NAMED_UNIT ( * ) SI_UNIT ( $, .STERADIAN. ) SOLID_ANGLE_UNIT ( ) );
#8 = DIRECTION ( 'NONE',  ( 0.000000000000000000, 0.000000000000000000, 1.000000000000000000 ) ) ;
#9 = AXIS2_PLACEMENT_3D ( 'NONE', #1328, #549, #530 ) ;
#10 = ORIENTED_EDGE ( 'NONE', *, *, #1918, .F. ) ;
#11 = CIRCLE ( 'NONE', #861, 1.749999999999994671 ) ;
#12 = AXIS2_PLACEMENT_3D ( 'NONE', #928, #1994, #1872 ) ;
#13 = EDGE_CURVE ( 'NONE', #1323, #340, #735, .T. ) ;
#14 = VERTEX_POINT ( 'NONE', #1308 ) ;
#15 = CARTESIAN_POINT ( 'NONE',  ( -25.19999999999999929, 2.000000000000000000, -62.99999999999992895 ) ) ;
#16 = AXIS2_PLACEMENT_3D ( 'NONE', #812, #1444, #3 ) ;
#17 = CARTESIAN_POINT ( 'NONE',  ( -63.00000000000011369, 2.000000000000000000, -1.749999999999985789 ) ) ;
#18 = EDGE_CURVE ( 'NONE', #1212, #14, #1035, .T. ) ;
#19 = EDGE_LOOP ( 'NONE', ( #83, #1859 ) ) ;
#20 = ORIENTED_EDGE ( 'NONE', *, *, #1280, .F. ) ;
#21 =( LENGTH_UNIT ( ) NAMED_UNIT ( * ) SI_UNIT ( .MILLI., .METRE. ) );
#22 = DIRECTION ( 'NONE',  ( 0.000000000000000000, 0.000000000000000000, 1.000000000000000000 ) ) ;
#23 = EDGE_LOOP ( 'NONE', ( #1245, #490, #475, #1033 ) ) ;
#24 = CIRCLE ( 'NONE', #698, 1.750000000000244471 ) ;
#25 = CYLINDRICAL_SURFACE ( 'NONE', #1743, 1.750000000000213607 ) ;
#26 = VECTOR ( 'NONE', #1561, 1000.000000000000000 ) ;
#27 = ORIENTED_EDGE ( 'NONE', *, *, #313, .F. ) ;
#28 = CYLINDRICAL_SURFACE ( 'NONE', #791, 1.750000000000001554 ) ;
#29 = CARTESIAN_POINT ( 'NONE',  ( 25.20000000000000639, -2.000000000000000000, 61.24999999999992895 ) ) ;
#30 = ORIENTED_EDGE ( 'NONE', *, *, #1184, .T. ) ;
#31 = EDGE_CURVE ( 'NONE', #985, #43, #1742, .T. ) ;
#32 = CARTESIAN_POINT ( 'NONE',  ( -70.00000000000000000, -2.000000000000000000, -70.00000000000000000 ) ) ;
#33 = ORIENTED_EDGE ( 'NONE', *, *, #1987, .T. ) ;
#34 = CYLINDRICAL_SURFACE ( 'NONE', #273, 1.750000000000213607 ) ;
#35 = CARTESIAN_POINT ( 'NONE',  ( 63.00000000000011369, -2.000000000000000000, -6.938893903907228378E-15 ) ) ;
#36 = EDGE_LOOP ( 'NONE', ( #211, #88, #1075, #284 ) ) ;
#37 = DIRECTION ( 'NONE',  ( -0.000000000000000000, -1.000000000000000000, -0.000000000000000000 ) ) ;
#38 = ORIENTED_EDGE ( 'NONE', *, *, #1636, .T. ) ;
#39 = EDGE_CURVE ( 'NONE', #1660, #1068, #1082, .T. ) ;
#40 = VERTEX_POINT ( 'NONE', #1949 ) ;
#41 =( LENGTH_UNIT ( ) NAMED_UNIT ( * ) SI_UNIT ( .MILLI., .METRE. ) );
#42 = CARTESIAN_POINT ( 'NONE',  ( 63.00000000000011369, 2.000000000000000000, 25.19999999999999929 ) ) ;
#43 = VERTEX_POINT ( 'NONE', #501 ) ;
#44 = ADVANCED_FACE ( 'NONE', ( #642 ), #1461, .F. ) ;
#45 = ORIENTED_EDGE ( 'NONE', *, *, #935, .T. ) ;
#46 = CIRCLE ( 'NONE', #1492, 1.750000000000001554 ) ;
#47 = VERTEX_POINT ( 'NONE', #961 ) ;
#48 = DIRECTION ( 'NONE',  ( 0.000000000000000000, 1.000000000000000000, 0.000000000000000000 ) ) ;
#49 = ORIENTED_EDGE ( 'NONE', *, *, #2083, .T. ) ;
#50 = VECTOR ( 'NONE', #683, 1000.000000000000000 ) ;
#51 = VECTOR ( 'NONE', #726, 1000.000000000000000 ) ;
#52 = EDGE_LOOP ( 'NONE', ( #1548, #1968 ) ) ;
#53 = DIRECTION ( 'NONE',  ( 0.000000000000000000, -1.000000000000000000, 0.000000000000000000 ) ) ;
#54 = EDGE_CURVE ( 'NONE', #938, #1502, #1971, .T. ) ;
#55 = DIRECTION ( 'NONE',  ( -0.000000000000000000, -1.000000000000000000, -0.000000000000000000 ) ) ;
#56 = ADVANCED_FACE ( 'NONE', ( #1639 ), #728, .F. ) ;
#57 = VECTOR ( 'NONE', #414, 1000.000000000000000 ) ;
#58 = CARTESIAN_POINT ( 'NONE',  ( 50.39999999999999858, -2.000000000000000000, -63.00000000000011369 ) ) ;
#59 = AXIS2_PLACEMENT_3D ( 'NONE', #1714, #278, #927 ) ;
#60 = DIRECTION ( 'NONE',  ( 0.000000000000000000, 0.000000000000000000, 1.000000000000000000 ) ) ;
#61 = EDGE_LOOP ( 'NONE', ( #105, #1631, #1123, #807 ) ) ;
#62 = ORIENTED_EDGE ( 'NONE', *, *, #535, .T. ) ;
#63 = CARTESIAN_POINT ( 'NONE',  ( -25.19999999999999929, -2.000000000000000000, -62.99999999999992895 ) ) ;
#64 = ORIENTED_EDGE ( 'NONE', *, *, #243, .T. ) ;
#65 = DIRECTION ( 'NONE',  ( 0.000000000000000000, 1.000000000000000000, 0.000000000000000000 ) ) ;
#66 = FACE_OUTER_BOUND ( 'NONE', #784, .T. ) ;
#67 = FACE_BOUND ( 'NONE', #337, .T. ) ;
#68 = CARTESIAN_POINT ( 'NONE',  ( -62.99999999999992895, -2.000000000000000000, 25.20000000000000639 ) ) ;
#69 = ORIENTED_EDGE ( 'NONE', *, *, #874, .F. ) ;
#70 = EDGE_LOOP ( 'NONE', ( #990, #697 ) ) ;
#71 = PRODUCT_CONTEXT ( 'NONE', #509, 'mechanical' ) ;
#72 = FACE_BOUND ( 'NONE', #158, .T. ) ;
#73 = VERTEX_POINT ( 'NONE', #1483 ) ;
#74 = FACE_OUTER_BOUND ( 'NONE', #1333, .T. ) ;
#75 = DIRECTION ( 'NONE',  ( 0.000000000000000000, 0.000000000000000000, -1.000000000000000000 ) ) ;
#76 = DIRECTION ( 'NONE',  ( 0.000000000000000000, 1.000000000000000000, 0.000000000000000000 ) ) ;
#77 = DIRECTION ( 'NONE',  ( 0.000000000000000000, 0.000000000000000000, 1.000000000000000000 ) ) ;
#78 = ADVANCED_FACE ( 'NONE', ( #889 ), #854, .F. ) ;
#79 = DIRECTION ( 'NONE',  ( 0.000000000000000000, 0.000000000000000000, 1.000000000000000000 ) ) ;
#80 = ORIENTED_EDGE ( 'NONE', *, *, #287, .T. ) ;
#81 = DIRECTION ( 'NONE',  ( 0.000000000000000000, 1.000000000000000000, 0.000000000000000000 ) ) ;
#82 = CIRCLE ( 'NONE', #900, 5.000000000000004441 ) ;
#83 = ORIENTED_EDGE ( 'NONE', *, *, #325, .T. ) ;
#84 = EDGE_CURVE ( 'NONE', #1479, #108, #1840, .T. ) ;
#85 = CIRCLE ( 'NONE', #689, 1.749999999999994671 ) ;
#86 = ORIENTED_EDGE ( 'NONE', *, *, #672, .T. ) ;
#87 = FACE_OUTER_BOUND ( 'NONE', #156, .T. ) ;
#88 = ORIENTED_EDGE ( 'NONE', *, *, #781, .T. ) ;
#89 = VECTOR ( 'NONE', #283, 1000.000000000000000 ) ;
#90 = ORIENTED_EDGE ( 'NONE', *, *, #1118, .F. ) ;
#91 = PLANE ( 'NONE',  #390 ) ;
#92 = VERTEX_POINT ( 'NONE', #1995 ) ;
#93 = ORIENTED_EDGE ( 'NONE', *, *, #397, .T. ) ;
#94 = DIRECTION ( 'NONE',  ( 0.000000000000000000, 1.000000000000000000, 0.000000000000000000 ) ) ;
#95 = ORIENTED_EDGE ( 'NONE', *, *, #558, .T. ) ;
#96 = CARTESIAN_POINT ( 'NONE',  ( 65.00000000000001421, 2.000000000000000000, 70.00000000000000000 ) ) ;
#97 = VECTOR ( 'NONE', #999, 1000.000000000000114 ) ;
#98 = VERTEX_POINT ( 'NONE', #1523 ) ;
#99 = ORIENTED_EDGE ( 'NONE', *, *, #1916, .T. ) ;
#100 = AXIS2_PLACEMENT_3D ( 'NONE', #436, #1066, #2034 ) ;
#101 = EDGE_CURVE ( 'NONE', #98, #47, #471, .T. ) ;
#102 = EDGE_LOOP ( 'NONE', ( #195, #1622 ) ) ;
#103 = CARTESIAN_POINT ( 'NONE',  ( 47.00000000000000711, 2.000000000000000000, 47.00000000000000000 ) ) ;
#104 = CARTESIAN_POINT ( 'NONE',  ( -64.99999999999998579, 2.000000000000000000, 70.00000000000000000 ) ) ;
#105 = ORIENTED_EDGE ( 'NONE', *, *, #213, .T. ) ;
#106 = CYLINDRICAL_SURFACE ( 'NONE', #226, 1.750000000000001554 ) ;
#107 = CARTESIAN_POINT ( 'NONE',  ( -64.99999999999998579, -2.000000000000000000, 65.00000000000000000 ) ) ;
#108 = VERTEX_POINT ( 'NONE', #1959 ) ;
#109 = DIRECTION ( 'NONE',  ( 0.000000000000000000, 1.000000000000000000, 0.000000000000000000 ) ) ;
#110 = CARTESIAN_POINT ( 'NONE',  ( 6.938893903907228378E-15, -2.000000000000000000, 63.00000000000011369 ) ) ;
#111 = CYLINDRICAL_SURFACE ( 'NONE', #1637, 1.750000000000001554 ) ;
#112 = CARTESIAN_POINT ( 'NONE',  ( -52.00000000000000000, -2.000000000000000000, 52.00000000000000000 ) ) ;
#113 = LINE ( 'NONE', #1034, #1895 ) ;
#114 = CARTESIAN_POINT ( 'NONE',  ( -52.00000000000000000, -2.000000000000028866, -52.00000000000002132 ) ) ;
#115 = EDGE_CURVE ( 'NONE', #690, #1004, #516, .T. ) ;
#116 = ORIENTED_EDGE ( 'NONE', *, *, #945, .F. ) ;
#117 = DIRECTION ( 'NONE',  ( 0.000000000000000000, 0.000000000000000000, -1.000000000000000000 ) ) ;
#118 = EDGE_CURVE ( 'NONE', #1674, #1177, #1877, .T. ) ;
#119 = CARTESIAN_POINT ( 'NONE',  ( 7.153207093758016465E-15, 2.000000000000000000, 64.75000000000011369 ) ) ;
#120 = EDGE_LOOP ( 'NONE', ( #1087, #974 ) ) ;
#121 = LINE ( 'NONE', #604, #1843 ) ;
#122 = AXIS2_PLACEMENT_3D ( 'NONE', #63, #1973, #22 ) ;
#123 = CIRCLE ( 'NONE', #651, 4.999999999999997335 ) ;
#124 = FACE_OUTER_BOUND ( 'NONE', #187, .T. ) ;
#125 = VECTOR ( 'NONE', #587, 1000.000000000000000 ) ;
#126 = CARTESIAN_POINT ( 'NONE',  ( 6.938893903907228378E-15, -2.000000000000000000, 61.25000000000010658 ) ) ;
#127 = AXIS2_PLACEMENT_3D ( 'NONE', #1869, #1100, #612 ) ;
#128 = EDGE_CURVE ( 'NONE', #1062, #531, #1023, .T. ) ;
#129 = EDGE_CURVE ( 'NONE', #1891, #1286, #679, .T. ) ;
#130 = CARTESIAN_POINT ( 'NONE',  ( 50.40000000000000568, -2.000000000000000000, 62.99999999999976552 ) ) ;
#131 = ORIENTED_EDGE ( 'NONE', *, *, #1709, .F. ) ;
#132 = VERTEX_POINT ( 'NONE', #1658 ) ;
#133 = DIRECTION ( 'NONE',  ( -0.000000000000000000, -1.000000000000000000, -0.000000000000000000 ) ) ;
#134 = AXIS2_PLACEMENT_3D ( 'NONE', #711, #246, #1352 ) ;
#135 = FACE_OUTER_BOUND ( 'NONE', #238, .T. ) ;
#136 = CIRCLE ( 'NONE', #2058, 1.750000000000001554 ) ;
#137 = FACE_OUTER_BOUND ( 'NONE', #997, .T. ) ;
#138 = VECTOR ( 'NONE', #1261, 1000.000000000000000 ) ;
#139 = CARTESIAN_POINT ( 'NONE',  ( 70.00000000000000000, -2.000000000000000000, -65.00000000000000000 ) ) ;
#140 = CYLINDRICAL_SURFACE ( 'NONE', #1007, 5.000000000000004441 ) ;
#141 = CARTESIAN_POINT ( 'NONE',  ( -63.00000000000011369, -2.000000000000000000, -23.44999999999999929 ) ) ;
#142 = EDGE_CURVE ( 'NONE', #686, #108, #1307, .T. ) ;
#143 = ORIENTED_EDGE ( 'NONE', *, *, #352, .F. ) ;
#144 = DIRECTION ( 'NONE',  ( 0.000000000000000000, 1.000000000000000000, 0.000000000000000000 ) ) ;
#145 = CARTESIAN_POINT ( 'NONE',  ( 50.39999999999999858, 2.000000000000000000, -63.00000000000011369 ) ) ;
#146 = LINE ( 'NONE', #310, #605 ) ;
#147 = CARTESIAN_POINT ( 'NONE',  ( -70.00000000000000000, -2.000000000000000000, -65.00000000000000000 ) ) ;
#148 = CARTESIAN_POINT ( 'NONE',  ( -63.00000000000011369, -2.000000000000000000, -25.19999999999999218 ) ) ;
#149 = ORIENTED_EDGE ( 'NONE', *, *, #128, .T. ) ;
#150 = CARTESIAN_POINT ( 'NONE',  ( 25.19999999999999929, 2.000000000000000000, -63.00000000000011369 ) ) ;
#151 = EDGE_CURVE ( 'NONE', #1068, #1660, #2056, .T. ) ;
#152 = CARTESIAN_POINT ( 'NONE',  ( -47.00000000000000000, 2.000000000000000000, -47.00000000000002132 ) ) ;
#153 = ORIENTED_EDGE ( 'NONE', *, *, #808, .F. ) ;
#154 = ADVANCED_FACE ( 'NONE', ( #940 ), #575, .F. ) ;
#155 = AXIS2_PLACEMENT_3D ( 'NONE', #652, #624, #1272 ) ;
#156 = EDGE_LOOP ( 'NONE', ( #293, #912, #1600, #1605 ) ) ;
#157 = DIRECTION ( 'NONE',  ( 0.000000000000000000, 0.000000000000000000, 1.000000000000000000 ) ) ;
#158 = EDGE_LOOP ( 'NONE', ( #1443, #1919 ) ) ;
#159 = AXIS2_PLACEMENT_3D ( 'NONE', #845, #48, #212 ) ;
#160 = CIRCLE ( 'NONE', #2045, 1.750000000000001554 ) ;
#161 = AXIS2_PLACEMENT_3D ( 'NONE', #410, #1048, #1546 ) ;
#162 = DIRECTION ( 'NONE',  ( 0.000000000000000000, 0.000000000000000000, 1.000000000000000000 ) ) ;
#163 = EDGE_LOOP ( 'NONE', ( #1725, #1147 ) ) ;
#164 = AXIS2_PLACEMENT_3D ( 'NONE', #1906, #2085, #1080 ) ;
#165 = ORIENTED_EDGE ( 'NONE', *, *, #151, .T. ) ;
#166 = CARTESIAN_POINT ( 'NONE',  ( 63.00000000000011369, -2.000000000000000000, 48.64999999999982805 ) ) ;
#167 = CARTESIAN_POINT ( 'NONE',  ( 65.00000000000000000, 2.000000000000000000, -70.00000000000000000 ) ) ;
#168 = DIRECTION ( 'NONE',  ( 0.000000000000000000, 1.000000000000000000, 0.000000000000000000 ) ) ;
#169 = CARTESIAN_POINT ( 'NONE',  ( -50.39999999999999147, -2.000000000000000000, 63.00000000000011369 ) ) ;
#170 = ADVANCED_FACE ( 'NONE', ( #1259 ), #111, .F. ) ;
#171 = SURFACE_SIDE_STYLE ('',( #1603 ) ) ;
#172 = CARTESIAN_POINT ( 'NONE',  ( -25.19999999999999218, -2.000000000000000000, 63.00000000000011369 ) ) ;
#173 = AXIS2_PLACEMENT_3D ( 'NONE', #556, #378, #77 ) ;
#174 = ORIENTED_EDGE ( 'NONE', *, *, #582, .F. ) ;
#175 = DIRECTION ( 'NONE',  ( 0.000000000000000000, 0.7071067811865461294, 0.7071067811865489050 ) ) ;
#176 = EDGE_LOOP ( 'NONE', ( #1505, #1434, #1477, #2035 ) ) ;
#177 = VERTEX_POINT ( 'NONE', #449 ) ;
#178 = CARTESIAN_POINT ( 'NONE',  ( -65.00000000000000000, -2.000000000000000000, -70.00000000000000000 ) ) ;
#179 = ORIENTED_EDGE ( 'NONE', *, *, #1330, .T. ) ;
#180 = CARTESIAN_POINT ( 'NONE',  ( -63.00000000000011369, -2.000000000000000000, -25.19999999999999218 ) ) ;
#181 = EDGE_CURVE ( 'NONE', #1313, #1047, #588, .T. ) ;
#182 = VERTEX_POINT ( 'NONE', #1863 ) ;
#183 = EDGE_LOOP ( 'NONE', ( #621, #1615 ) ) ;
#184 = EDGE_CURVE ( 'NONE', #723, #1557, #601, .T. ) ;
#185 = FACE_OUTER_BOUND ( 'NONE', #1516, .T. ) ;
#186 = LINE ( 'NONE', #2090, #206 ) ;
#187 = EDGE_LOOP ( 'NONE', ( #362, #2043, #851, #779 ) ) ;
#188 = DIRECTION ( 'NONE',  ( -0.000000000000000000, -1.000000000000000000, -0.000000000000000000 ) ) ;
#189 = CARTESIAN_POINT ( 'NONE',  ( -52.00000000000000000, -2.000000000000000000, -47.00000000000002132 ) ) ;
#190 = FACE_BOUND ( 'NONE', #1656, .T. ) ;
#191 = ORIENTED_EDGE ( 'NONE', *, *, #1951, .T. ) ;
#192 = CARTESIAN_POINT ( 'NONE',  ( 63.00000000000011369, -2.000000000000000000, 25.19999999999999929 ) ) ;
#193 = APPLICATION_PROTOCOL_DEFINITION ( 'draft international standard', 'automotive_design', 1998, #509 ) ;
#194 = DIRECTION ( 'NONE',  ( 0.000000000000000000, 0.000000000000000000, 1.000000000000000000 ) ) ;
#195 = ORIENTED_EDGE ( 'NONE', *, *, #1439, .F. ) ;
#196 = EDGE_LOOP ( 'NONE', ( #548, #1470, #1471, #1440 ) ) ;
#197 = CIRCLE ( 'NONE', #295, 9.000000000000042633 ) ;
#198 = CIRCLE ( 'NONE', #461, 1.750000000000168088 ) ;
#199 = DIRECTION ( 'NONE',  ( 0.000000000000000000, 0.000000000000000000, 1.000000000000000000 ) ) ;
#200 = CIRCLE ( 'NONE', #389, 1.750000000000001554 ) ;
#201 = EDGE_CURVE ( 'NONE', #523, #484, #950, .T. ) ;
#202 = VECTOR ( 'NONE', #1757, 1000.000000000000000 ) ;
#203 = CARTESIAN_POINT ( 'NONE',  ( -52.00000000000000000, -2.000000000000000000, -52.00000000000002132 ) ) ;
#204 = CARTESIAN_POINT ( 'NONE',  ( -2.490333468844531319E-17, 2.000000000000000000, -63.00000000000011369 ) ) ;
#205 = EDGE_LOOP ( 'NONE', ( #1946, #644, #1188, #1322 ) ) ;
#206 = VECTOR ( 'NONE', #1454, 1000.000000000000000 ) ;
#207 = CARTESIAN_POINT ( 'NONE',  ( 0.000000000000000000, 2.000000000000000000, 56.00000000000004263 ) ) ;
#208 = ADVANCED_FACE ( 'NONE', ( #1705 ), #721, .F. ) ;
#209 = FILL_AREA_STYLE_COLOUR ( '', #1293 ) ;
#210 = ORIENTED_EDGE ( 'NONE', *, *, #440, .T. ) ;
#211 = ORIENTED_EDGE ( 'NONE', *, *, #1187, .T. ) ;
#212 = DIRECTION ( 'NONE',  ( 0.000000000000000000, 0.000000000000000000, 1.000000000000000000 ) ) ;
#213 = EDGE_CURVE ( 'NONE', #1369, #541, #24, .T. ) ;
#214 = CARTESIAN_POINT ( 'NONE',  ( 6.938893903907228378E-15, 2.000000000000000000, 61.25000000000010658 ) ) ;
#215 = DIRECTION ( 'NONE',  ( 0.000000000000000000, 0.000000000000000000, 1.000000000000000000 ) ) ;
#216 = EDGE_LOOP ( 'NONE', ( #382, #1837, #1022, #386 ) ) ;
#217 = EDGE_CURVE ( 'NONE', #1665, #1753, #1113, .T. ) ;
#218 = DIRECTION ( 'NONE',  ( 0.000000000000000000, 0.000000000000000000, 1.000000000000000000 ) ) ;
#219 = ORIENTED_EDGE ( 'NONE', *, *, #1986, .F. ) ;
#220 = UNCERTAINTY_MEASURE_WITH_UNIT (LENGTH_MEASURE( 1.000000000000000082E-05 ), #21, 'distance_accuracy_value', 'NONE');
#221 = VECTOR ( 'NONE', #890, 1000.000000000000000 ) ;
#222 = AXIS2_PLACEMENT_3D ( 'NONE', #1344, #545, #388 ) ;
#223 = DIRECTION ( 'NONE',  ( 0.000000000000000000, 0.000000000000000000, -1.000000000000000000 ) ) ;
#224 = CIRCLE ( 'NONE', #555, 1.749999999999994671 ) ;
#225 = VECTOR ( 'NONE', #1139, 1000.000000000000000 ) ;
#226 = AXIS2_PLACEMENT_3D ( 'NONE', #707, #55, #864 ) ;
#227 = ORIENTED_EDGE ( 'NONE', *, *, #867, .F. ) ;
#228 = ORIENTED_EDGE ( 'NONE', *, *, #1118, .T. ) ;
#229 = DIRECTION ( 'NONE',  ( -0.000000000000000000, -1.000000000000000000, -0.000000000000000000 ) ) ;
#230 = FACE_OUTER_BOUND ( 'NONE', #814, .T. ) ;
#231 = AXIS2_PLACEMENT_3D ( 'NONE', #906, #563, #1577 ) ;
#232 = VERTEX_POINT ( 'NONE', #2011 ) ;
#233 = DIRECTION ( 'NONE',  ( 0.000000000000000000, 0.000000000000000000, 1.000000000000000000 ) ) ;
#234 = AXIS2_PLACEMENT_3D ( 'NONE', #1892, #960, #306 ) ;
#235 = AXIS2_PLACEMENT_3D ( 'NONE', #172, #645, #2073 ) ;
#236 = PLANE ( 'NONE',  #1421 ) ;
#237 = ORIENTED_EDGE ( 'NONE', *, *, #1393, .T. ) ;
#238 = EDGE_LOOP ( 'NONE', ( #1006, #80, #1172, #1348 ) ) ;
#239 = CARTESIAN_POINT ( 'NONE',  ( 0.000000000000000000, 0.000000000000000000, 0.000000000000000000 ) ) ;
#240 = FACE_BOUND ( 'NONE', #863, .T. ) ;
#241 = DIRECTION ( 'NONE',  ( -9.912705577010325549E-17, 0.000000000000000000, -1.000000000000000000 ) ) ;
#242 = ORIENTED_EDGE ( 'NONE', *, *, #771, .F. ) ;
#243 = EDGE_CURVE ( 'NONE', #1367, #985, #1851, .T. ) ;
#244 = EDGE_CURVE ( 'NONE', #992, #664, #1873, .T. ) ;
#245 = CARTESIAN_POINT ( 'NONE',  ( 63.00000000000011369, 2.000000000000000000, 50.39999999999999147 ) ) ;
#246 = DIRECTION ( 'NONE',  ( -0.000000000000000000, -1.000000000000000000, -0.000000000000000000 ) ) ;
#247 = VERTEX_POINT ( 'NONE', #1559 ) ;
#248 = CARTESIAN_POINT ( 'NONE',  ( 50.40000000000000568, -2.000000000000000000, 62.99999999999976552 ) ) ;
#249 = ORIENTED_EDGE ( 'NONE', *, *, #1086, .F. ) ;
#250 = VERTEX_POINT ( 'NONE', #119 ) ;
#251 = CARTESIAN_POINT ( 'NONE',  ( -63.00000000000011369, 2.000000000000000000, 1.750000000000006439 ) ) ;
#252 = LINE ( 'NONE', #1704, #1067 ) ;
#253 = DIRECTION ( 'NONE',  ( -0.000000000000000000, -1.000000000000000000, -0.000000000000000000 ) ) ;
#254 = AXIS2_PLACEMENT_3D ( 'NONE', #1110, #620, #1905 ) ;
#255 = EDGE_CURVE ( 'NONE', #340, #1202, #1213, .T. ) ;
#256 = ORIENTED_EDGE ( 'NONE', *, *, #1555, .F. ) ;
#257 = FACE_BOUND ( 'NONE', #1696, .T. ) ;
#258 = AXIS2_PLACEMENT_3D ( 'NONE', #1176, #377, #528 ) ;
#259 = ORIENTED_EDGE ( 'NONE', *, *, #1568, .F. ) ;
#260 = ORIENTED_EDGE ( 'NONE', *, *, #217, .T. ) ;
#261 = VECTOR ( 'NONE', #1620, 1000.000000000000000 ) ;
#262 = VERTEX_POINT ( 'NONE', #1150 ) ;
#263 = FACE_BOUND ( 'NONE', #120, .T. ) ;
#264 = CIRCLE ( 'NONE', #1268, 1.749999999999994671 ) ;
#265 = CARTESIAN_POINT ( 'NONE',  ( 63.00000000000011369, 2.000000000000000000, 48.64999999999982805 ) ) ;
#266 = CARTESIAN_POINT ( 'NONE',  ( 52.00000000000001421, -2.000000000000028866, -52.00000000000002132 ) ) ;
#267 = CARTESIAN_POINT ( 'NONE',  ( -62.99999999999992895, -2.000000000000000000, 23.45000000000001350 ) ) ;
#268 = VERTEX_POINT ( 'NONE', #147 ) ;
#269 = DIRECTION ( 'NONE',  ( -0.000000000000000000, -1.000000000000000000, -0.000000000000000000 ) ) ;
#270 = CARTESIAN_POINT ( 'NONE',  ( -63.00000000000011369, -2.000000000000000000, 1.040834085586084257E-14 ) ) ;
#271 = CARTESIAN_POINT ( 'NONE',  ( -63.00000000000011369, -2.000000000000000000, -26.94999999999998863 ) ) ;
#272 = CARTESIAN_POINT ( 'NONE',  ( -25.19999999999999218, -2.000000000000000000, 61.25000000000011369 ) ) ;
#273 = AXIS2_PLACEMENT_3D ( 'NONE', #1175, #1019, #813 ) ;
#274 = ORIENTED_EDGE ( 'NONE', *, *, #1576, .F. ) ;
#275 = FACE_BOUND ( 'NONE', #448, .T. ) ;
#276 = EDGE_CURVE ( 'NONE', #250, #992, #1573, .T. ) ;
#277 = CARTESIAN_POINT ( 'NONE',  ( -2.490333468844531319E-17, 2.000000000000000000, -63.00000000000011369 ) ) ;
#278 = DIRECTION ( 'NONE',  ( 0.000000000000000000, 1.000000000000000000, 0.000000000000000000 ) ) ;
#279 = DIRECTION ( 'NONE',  ( 0.000000000000000000, 0.000000000000000000, 1.000000000000000000 ) ) ;
#280 = DIRECTION ( 'NONE',  ( 0.000000000000000000, 0.000000000000000000, -1.000000000000000000 ) ) ;
#281 = CARTESIAN_POINT ( 'NONE',  ( -63.00000000000011369, -2.000000000000000000, -1.749999999999985789 ) ) ;
#282 = ORIENTED_EDGE ( 'NONE', *, *, #1524, .T. ) ;
#283 = DIRECTION ( 'NONE',  ( -0.000000000000000000, -1.000000000000000000, -0.000000000000000000 ) ) ;
#284 = ORIENTED_EDGE ( 'NONE', *, *, #474, .F. ) ;
#285 = VERTEX_POINT ( 'NONE', #1788 ) ;
#286 = CARTESIAN_POINT ( 'NONE',  ( 25.19999999999999929, -2.000000000000000000, -64.75000000000011369 ) ) ;
#287 = EDGE_CURVE ( 'NONE', #247, #1975, #1291, .T. ) ;
#288 = FACE_BOUND ( 'NONE', #1153, .T. ) ;
#289 = DIRECTION ( 'NONE',  ( -1.000000000000000000, 0.000000000000000000, 0.000000000000000000 ) ) ;
#290 = EDGE_CURVE ( 'NONE', #1746, #182, #1244, .T. ) ;
#291 = CARTESIAN_POINT ( 'NONE',  ( 63.00000000000011369, -2.000000000000000000, 26.95000000000019824 ) ) ;
#292 = VERTEX_POINT ( 'NONE', #1776 ) ;
#293 = ORIENTED_EDGE ( 'NONE', *, *, #661, .F. ) ;
#294 = DIRECTION ( 'NONE',  ( 0.000000000000000000, 1.000000000000000000, 0.000000000000000000 ) ) ;
#295 = AXIS2_PLACEMENT_3D ( 'NONE', #103, #1046, #895 ) ;
#296 = AXIS2_PLACEMENT_3D ( 'NONE', #2036, #1522, #1862 ) ;
#297 = CYLINDRICAL_SURFACE ( 'NONE', #905, 1.750000000000001554 ) ;
#298 = AXIS2_PLACEMENT_3D ( 'NONE', #308, #1856, #1722 ) ;
#299 = DIRECTION ( 'NONE',  ( -0.7071067811865489050, 0.7071067811865461294, 0.000000000000000000 ) ) ;
#300 = AXIS2_PLACEMENT_3D ( 'NONE', #1183, #952, #1928 ) ;
#301 = EDGE_CURVE ( 'NONE', #1287, #885, #307, .T. ) ;
#302 = DIRECTION ( 'NONE',  ( 0.000000000000000000, 1.000000000000000000, 0.000000000000000000 ) ) ;
#303 = CARTESIAN_POINT ( 'NONE',  ( -2.490333468844531319E-17, 2.000000000000000000, -63.00000000000011369 ) ) ;
#304 = CARTESIAN_POINT ( 'NONE',  ( 62.99999999999992895, 2.000000000000000000, -25.20000000000000284 ) ) ;
#305 = VERTEX_POINT ( 'NONE', #141 ) ;
#306 = DIRECTION ( 'NONE',  ( 0.000000000000000000, 0.000000000000000000, 1.000000000000000000 ) ) ;
#307 = CIRCLE ( 'NONE', #503, 9.000000000000042633 ) ;
#308 = CARTESIAN_POINT ( 'NONE',  ( -63.00000000000011369, 2.000000000000000000, -50.39999999999999147 ) ) ;
#309 = FACE_OUTER_BOUND ( 'NONE', #659, .T. ) ;
#310 = CARTESIAN_POINT ( 'NONE',  ( 56.00000000000007105, 2.000000000000000000, 47.00000000000000000 ) ) ;
#311 = EDGE_CURVE ( 'NONE', #250, #1122, #1591, .T. ) ;
#312 = DIRECTION ( 'NONE',  ( -0.000000000000000000, -1.000000000000000000, -0.000000000000000000 ) ) ;
#313 = EDGE_CURVE ( 'NONE', #40, #1690, #186, .T. ) ;
#314 = ORIENTED_EDGE ( 'NONE', *, *, #1680, .T. ) ;
#315 = DIRECTION ( 'NONE',  ( -0.000000000000000000, -0.7071067811865489050, 0.7071067811865461294 ) ) ;
#316 = DIRECTION ( 'NONE',  ( 0.000000000000000000, 0.000000000000000000, -1.000000000000000000 ) ) ;
#317 = ORIENTED_EDGE ( 'NONE', *, *, #1415, .T. ) ;
#318 = LINE ( 'NONE', #963, #1607 ) ;
#319 = ORIENTED_EDGE ( 'NONE', *, *, #1858, .T. ) ;
#320 = EDGE_LOOP ( 'NONE', ( #1750, #45, #149, #1796, #978, #665, #1645, #1790 ) ) ;
#321 = ORIENTED_EDGE ( 'NONE', *, *, #712, .T. ) ;
#322 = EDGE_LOOP ( 'NONE', ( #2001, #798 ) ) ;
#323 = LINE ( 'NONE', #998, #1239 ) ;
#324 = CARTESIAN_POINT ( 'NONE',  ( 63.00000000000011369, 2.000000000000000000, -6.938893903907228378E-15 ) ) ;
#325 = EDGE_CURVE ( 'NONE', #1690, #742, #339, .T. ) ;
#326 = MECHANICAL_DESIGN_GEOMETRIC_PRESENTATION_REPRESENTATION (  '', ( #1494 ), #1825 ) ;
#327 = ORIENTED_EDGE ( 'NONE', *, *, #1121, .F. ) ;
#328 = LINE ( 'NONE', #1898, #1144 ) ;
#329 = VECTOR ( 'NONE', #562, 1000.000000000000000 ) ;
#330 = CIRCLE ( 'NONE', #1107, 1.750000000000001554 ) ;
#331 = AXIS2_PLACEMENT_3D ( 'NONE', #1699, #229, #1985 ) ;
#332 = CARTESIAN_POINT ( 'NONE',  ( -47.00000000000000000, -2.000000000000000000, -52.00000000000002132 ) ) ;
#333 = VERTEX_POINT ( 'NONE', #1264 ) ;
#334 = EDGE_LOOP ( 'NONE', ( #597, #2013 ) ) ;
#335 = AXIS2_PLACEMENT_3D ( 'NONE', #744, #1071, #456 ) ;
#336 = ADVANCED_FACE ( 'NONE', ( #626 ), #1281, .F. ) ;
#337 = EDGE_LOOP ( 'NONE', ( #1412, #1350 ) ) ;
#338 = DIRECTION ( 'NONE',  ( -0.000000000000000000, -1.000000000000000000, -0.000000000000000000 ) ) ;
#339 = CIRCLE ( 'NONE', #1672, 1.750000000000001554 ) ;
#340 = VERTEX_POINT ( 'NONE', #332 ) ;
#341 = AXIS2_PLACEMENT_3D ( 'NONE', #192, #827, #1806 ) ;
#342 = CARTESIAN_POINT ( 'NONE',  ( -70.00000000000000000, 2.000000000000000000, -70.00000000000000000 ) ) ;
#343 = VERTEX_POINT ( 'NONE', #526 ) ;
#344 = ORIENTED_EDGE ( 'NONE', *, *, #84, .T. ) ;
#345 = DIRECTION ( 'NONE',  ( -0.7071067811865489050, -0.7071067811865461294, 0.000000000000000000 ) ) ;
#346 = DIRECTION ( 'NONE',  ( 0.000000000000000000, 0.000000000000000000, 1.000000000000000000 ) ) ;
#347 = CARTESIAN_POINT ( 'NONE',  ( -70.00000000000000000, 2.000000000000000000, -65.00000000000000000 ) ) ;
#348 = DIRECTION ( 'NONE',  ( 0.000000000000000000, 0.000000000000000000, 1.000000000000000000 ) ) ;
#349 = ADVANCED_FACE ( 'NONE', ( #360 ), #1469, .F. ) ;
#350 = DIRECTION ( 'NONE',  ( 9.912705577010325549E-17, 0.000000000000000000, 1.000000000000000000 ) ) ;
#351 = ORIENTED_EDGE ( 'NONE', *, *, #858, .F. ) ;
#352 = EDGE_CURVE ( 'NONE', #1479, #1791, #1432, .T. ) ;
#353 = DIRECTION ( 'NONE',  ( -0.000000000000000000, -1.000000000000000000, -0.000000000000000000 ) ) ;
#354 = CYLINDRICAL_SURFACE ( 'NONE', #943, 1.750000000000001554 ) ;
#355 = DIRECTION ( 'NONE',  ( 0.000000000000000000, 0.000000000000000000, -1.000000000000000000 ) ) ;
#356 = ORIENTED_EDGE ( 'NONE', *, *, #1355, .F. ) ;
#357 = DIRECTION ( 'NONE',  ( -1.000000000000000000, -0.000000000000000000, -0.000000000000000000 ) ) ;
#358 = CIRCLE ( 'NONE', #1927, 1.749999999999994671 ) ;
#359 = ORIENTED_EDGE ( 'NONE', *, *, #712, .F. ) ;
#360 = FACE_OUTER_BOUND ( 'NONE', #1821, .T. ) ;
#361 = AXIS2_PLACEMENT_3D ( 'NONE', #595, #1098, #1241 ) ;
#362 = ORIENTED_EDGE ( 'NONE', *, *, #1939, .T. ) ;
#363 = DIRECTION ( 'NONE',  ( 0.000000000000000000, 1.000000000000000000, 0.000000000000000000 ) ) ;
#364 = DIRECTION ( 'NONE',  ( 0.000000000000000000, 0.000000000000000000, 1.000000000000000000 ) ) ;
#365 = DIRECTION ( 'NONE',  ( 0.000000000000000000, 0.000000000000000000, 1.000000000000000000 ) ) ;
#366 = CARTESIAN_POINT ( 'NONE',  ( -63.00000000000011369, -2.000000000000000000, -48.64999999999999858 ) ) ;
#367 = ORIENTED_EDGE ( 'NONE', *, *, #1280, .T. ) ;
#368 = ORIENTED_EDGE ( 'NONE', *, *, #499, .F. ) ;
#369 = AXIS2_PLACEMENT_3D ( 'NONE', #703, #1824, #1669 ) ;
#370 = DIRECTION ( 'NONE',  ( 0.000000000000000000, 1.000000000000000000, 0.000000000000000000 ) ) ;
#371 = CIRCLE ( 'NONE', #2089, 1.750000000000213607 ) ;
#372 = ADVANCED_FACE ( 'NONE', ( #230 ), #25, .F. ) ;
#373 = FACE_OUTER_BOUND ( 'NONE', #1126, .T. ) ;
#374 = EDGE_CURVE ( 'NONE', #1891, #1752, #878, .T. ) ;
#375 = ORIENTED_EDGE ( 'NONE', *, *, #1578, .T. ) ;
#376 = DIRECTION ( 'NONE',  ( 0.000000000000000000, 1.000000000000000000, 0.000000000000000000 ) ) ;
#377 = DIRECTION ( 'NONE',  ( -1.000000000000000000, 0.000000000000000000, 1.982541115402065110E-16 ) ) ;
#378 = DIRECTION ( 'NONE',  ( 0.000000000000000000, 1.000000000000000000, 0.000000000000000000 ) ) ;
#379 = EDGE_CURVE ( 'NONE', #885, #1138, #1715, .T. ) ;
#380 = ORIENTED_EDGE ( 'NONE', *, *, #924, .T. ) ;
#381 = ORIENTED_EDGE ( 'NONE', *, *, #1731, .F. ) ;
#382 = ORIENTED_EDGE ( 'NONE', *, *, #1896, .F. ) ;
#383 = DIRECTION ( 'NONE',  ( 0.7071067811865457964, -0.7071067811865492381, -4.717825897487293852E-17 ) ) ;
#384 = PRESENTATION_LAYER_ASSIGNMENT (  '', '', ( #1494 ) ) ;
#385 = AXIS2_PLACEMENT_3D ( 'NONE', #1648, #1980, #1319 ) ;
#386 = ORIENTED_EDGE ( 'NONE', *, *, #452, .F. ) ;
#387 = CARTESIAN_POINT ( 'NONE',  ( 62.99999999999992895, 2.000000000000000000, -23.44999999999975770 ) ) ;
#388 = DIRECTION ( 'NONE',  ( 0.000000000000000000, 0.000000000000000000, 1.000000000000000000 ) ) ;
#389 = AXIS2_PLACEMENT_3D ( 'NONE', #446, #934, #704 ) ;
#390 = AXIS2_PLACEMENT_3D ( 'NONE', #266, #383, #580 ) ;
#391 = CARTESIAN_POINT ( 'NONE',  ( -63.00000000000011369, -2.000000000000000000, -50.39999999999999147 ) ) ;
#392 = DIRECTION ( 'NONE',  ( 0.000000000000000000, 1.000000000000000000, 0.000000000000000000 ) ) ;
#393 = STYLED_ITEM ( 'NONE', ( #1437 ), #451 ) ;
#394 = ADVANCED_FACE ( 'NONE', ( #1135 ), #510, .F. ) ;
#395 = ORIENTED_EDGE ( 'NONE', *, *, #768, .F. ) ;
#396 = DIRECTION ( 'NONE',  ( 0.000000000000000000, 0.000000000000000000, 1.000000000000000000 ) ) ;
#397 = EDGE_CURVE ( 'NONE', #132, #455, #1610, .T. ) ;
#398 = ORIENTED_EDGE ( 'NONE', *, *, #1486, .T. ) ;
#399 = FACE_OUTER_BOUND ( 'NONE', #1210, .T. ) ;
#400 = AXIS2_PLACEMENT_3D ( 'NONE', #760, #294, #1120 ) ;
#401 = CIRCLE ( 'NONE', #1909, 1.750000000000168088 ) ;
#402 = DIRECTION ( 'NONE',  ( 0.000000000000000000, 1.000000000000000000, 0.000000000000000000 ) ) ;
#403 = DIRECTION ( 'NONE',  ( -0.000000000000000000, -1.000000000000000000, -0.000000000000000000 ) ) ;
#404 = LINE ( 'NONE', #2062, #221 ) ;
#405 = ORIENTED_EDGE ( 'NONE', *, *, #1253, .F. ) ;
#406 = VERTEX_POINT ( 'NONE', #847 ) ;
#407 = ORIENTED_EDGE ( 'NONE', *, *, #805, .F. ) ;
#408 = SHAPE_DEFINITION_REPRESENTATION ( #1925, #451 ) ;
#409 = ORIENTED_EDGE ( 'NONE', *, *, #2064, .F. ) ;
#410 = CARTESIAN_POINT ( 'NONE',  ( -63.00000000000011369, 2.000000000000000000, -50.39999999999999147 ) ) ;
#411 = CYLINDRICAL_SURFACE ( 'NONE', #1038, 1.750000000000001554 ) ;
#412 = EDGE_CURVE ( 'NONE', #1633, #742, #1783, .T. ) ;
#413 = CARTESIAN_POINT ( 'NONE',  ( 62.99999999999992895, -2.000000000000000000, -23.44999999999975770 ) ) ;
#414 = DIRECTION ( 'NONE',  ( -0.000000000000000000, -1.000000000000000000, -0.000000000000000000 ) ) ;
#415 = CARTESIAN_POINT ( 'NONE',  ( 0.000000000000000000, 2.000000000000000000, 0.000000000000000000 ) ) ;
#416 = EDGE_LOOP ( 'NONE', ( #1964, #1992, #2040, #1389 ) ) ;
#417 = EDGE_LOOP ( 'NONE', ( #359, #30, #1933, #857 ) ) ;
#418 = CYLINDRICAL_SURFACE ( 'NONE', #1596, 1.750000000000001554 ) ;
#419 = EDGE_LOOP ( 'NONE', ( #480, #1215 ) ) ;
#420 = LINE ( 'NONE', #1065, #1032 ) ;
#421 = CARTESIAN_POINT ( 'NONE',  ( 25.20000000000000639, 2.000000000000000000, 64.74999999999992895 ) ) ;
#422 = DIRECTION ( 'NONE',  ( 0.000000000000000000, 0.000000000000000000, 1.000000000000000000 ) ) ;
#423 = CARTESIAN_POINT ( 'NONE',  ( 50.40000000000000568, 2.000000000000000000, 61.24999999999976552 ) ) ;
#424 = CIRCLE ( 'NONE', #254, 1.750000000000199396 ) ;
#425 = EDGE_CURVE ( 'NONE', #247, #1688, #136, .T. ) ;
#426 = CARTESIAN_POINT ( 'NONE',  ( 0.000000000000000000, 2.000000000000000000, -56.00000000000006395 ) ) ;
#427 = AXIS2_PLACEMENT_3D ( 'NONE', #1550, #609, #1397 ) ;
#428 = EDGE_LOOP ( 'NONE', ( #1886, #1064 ) ) ;
#429 = CARTESIAN_POINT ( 'NONE',  ( 50.40000000000000568, 2.000000000000000000, 62.99999999999976552 ) ) ;
#430 = CIRCLE ( 'NONE', #1931, 1.750000000000001554 ) ;
#431 = ORIENTED_EDGE ( 'NONE', *, *, #1611, .F. ) ;
#432 = FACE_BOUND ( 'NONE', #603, .T. ) ;
#433 = CIRCLE ( 'NONE', #1832, 1.750000000000001554 ) ;
#434 = DIRECTION ( 'NONE',  ( 0.000000000000000000, 1.000000000000000000, 0.000000000000000000 ) ) ;
#435 = CARTESIAN_POINT ( 'NONE',  ( 63.00000000000011369, 2.000000000000000000, 26.95000000000019824 ) ) ;
#436 = CARTESIAN_POINT ( 'NONE',  ( 65.00000000000000000, 2.000000000000000000, -65.00000000000000000 ) ) ;
#437 = ORIENTED_EDGE ( 'NONE', *, *, #1987, .F. ) ;
#438 = DIRECTION ( 'NONE',  ( -0.000000000000000000, -1.000000000000000000, -0.000000000000000000 ) ) ;
#439 = CARTESIAN_POINT ( 'NONE',  ( 6.938893903907228378E-15, 2.000000000000000000, 61.25000000000010658 ) ) ;
#440 = EDGE_CURVE ( 'NONE', #931, #648, #2016, .T. ) ;
#441 = DIRECTION ( 'NONE',  ( -0.000000000000000000, -1.000000000000000000, -0.000000000000000000 ) ) ;
#442 = AXIS2_PLACEMENT_3D ( 'NONE', #270, #2052, #1736 ) ;
#443 = EDGE_CURVE ( 'NONE', #658, #1408, #919, .T. ) ;
#444 = ORIENTED_EDGE ( 'NONE', *, *, #511, .F. ) ;
#445 = CARTESIAN_POINT ( 'NONE',  ( 25.19999999999999929, 2.000000000000000000, -64.75000000000011369 ) ) ;
#446 = CARTESIAN_POINT ( 'NONE',  ( 6.938893903907228378E-15, -2.000000000000000000, 63.00000000000011369 ) ) ;
#447 = EDGE_LOOP ( 'NONE', ( #381, #632, #1092, #1053, #69, #787, #1539, #666 ) ) ;
#448 = EDGE_LOOP ( 'NONE', ( #210, #722 ) ) ;
#449 = CARTESIAN_POINT ( 'NONE',  ( 63.00000000000011369, 2.000000000000000000, 52.15000000000016200 ) ) ;
#450 = CARTESIAN_POINT ( 'NONE',  ( -63.00000000000011369, 2.000000000000000000, -1.749999999999985789 ) ) ;
#451 = ADVANCED_BREP_SHAPE_REPRESENTATION ( '¸ÖÍø¼Ð AÃæ', ( #873, #1170 ), #1270 ) ;
#452 = EDGE_CURVE ( 'NONE', #182, #1746, #401, .T. ) ;
#453 = CARTESIAN_POINT ( 'NONE',  ( -62.99999999999992895, 2.000000000000000000, 25.20000000000000639 ) ) ;
#454 = DIRECTION ( 'NONE',  ( 0.000000000000000000, 0.000000000000000000, 1.000000000000000000 ) ) ;
#455 = VERTEX_POINT ( 'NONE', #946 ) ;
#456 = DIRECTION ( 'NONE',  ( 0.000000000000000000, 0.000000000000000000, 1.000000000000000000 ) ) ;
#457 = ORIENTED_EDGE ( 'NONE', *, *, #1089, .F. ) ;
#458 = DIRECTION ( 'NONE',  ( 0.000000000000000000, 0.000000000000000000, 1.000000000000000000 ) ) ;
#459 = CIRCLE ( 'NONE', #1967, 1.750000000000272227 ) ;
#460 = ORIENTED_EDGE ( 'NONE', *, *, #31, .T. ) ;
#461 = AXIS2_PLACEMENT_3D ( 'NONE', #245, #1684, #888 ) ;
#462 = CIRCLE ( 'NONE', #2002, 1.750000000000001554 ) ;
#463 = EDGE_CURVE ( 'NONE', #668, #578, #1569, .T. ) ;
#464 = DIRECTION ( 'NONE',  ( -0.000000000000000000, 1.000000000000000000, -0.000000000000000000 ) ) ;
#465 = CARTESIAN_POINT ( 'NONE',  ( 50.40000000000000568, 2.000000000000000000, 61.24999999999976552 ) ) ;
#466 = ADVANCED_FACE ( 'NONE', ( #477 ), #1812, .F. ) ;
#467 = CARTESIAN_POINT ( 'NONE',  ( -63.00000000000011369, 2.000000000000000000, 1.040834085586084257E-14 ) ) ;
#468 = ORIENTED_EDGE ( 'NONE', *, *, #1442, .F. ) ;
#469 = EDGE_LOOP ( 'NONE', ( #818, #1676, #237, #1997 ) ) ;
#470 = DIRECTION ( 'NONE',  ( -0.000000000000000000, -1.000000000000000000, -0.000000000000000000 ) ) ;
#471 = CIRCLE ( 'NONE', #173, 1.750000000000272227 ) ;
#472 = ORIENTED_EDGE ( 'NONE', *, *, #1918, .T. ) ;
#473 = CIRCLE ( 'NONE', #1510, 4.999999999999997335 ) ;
#474 = EDGE_CURVE ( 'NONE', #1251, #1068, #1125, .T. ) ;
#475 = ORIENTED_EDGE ( 'NONE', *, *, #440, .F. ) ;
#476 = FACE_OUTER_BOUND ( 'NONE', #908, .T. ) ;
#477 = FACE_OUTER_BOUND ( 'NONE', #1779, .T. ) ;
#478 = ORIENTED_EDGE ( 'NONE', *, *, #1271, .F. ) ;
#479 = FACE_OUTER_BOUND ( 'NONE', #1570, .T. ) ;
#480 = ORIENTED_EDGE ( 'NONE', *, *, #213, .F. ) ;
#481 = CARTESIAN_POINT ( 'NONE',  ( 65.00000000000000000, -2.000000000000000000, -70.00000000000000000 ) ) ;
#482 = DIRECTION ( 'NONE',  ( -0.000000000000000000, -1.000000000000000000, -0.000000000000000000 ) ) ;
#483 = ORIENTED_EDGE ( 'NONE', *, *, #129, .T. ) ;
#484 = VERTEX_POINT ( 'NONE', #1095 ) ;
#485 = DIRECTION ( 'NONE',  ( 0.000000000000000000, 0.000000000000000000, -1.000000000000000000 ) ) ;
#486 = CARTESIAN_POINT ( 'NONE',  ( -47.00000000000000000, 2.000000000000000000, -47.00000000000002132 ) ) ;
#487 = ADVANCED_FACE ( 'NONE', ( #2055 ), #789, .F. ) ;
#488 = AXIS2_PLACEMENT_3D ( 'NONE', #130, #94, #79 ) ;
#489 = VECTOR ( 'NONE', #1151, 1000.000000000000000 ) ;
#490 = ORIENTED_EDGE ( 'NONE', *, *, #709, .T. ) ;
#491 = DIRECTION ( 'NONE',  ( 0.000000000000000000, 0.000000000000000000, -1.000000000000000000 ) ) ;
#492 = AXIS2_PLACEMENT_3D ( 'NONE', #1519, #2006, #1689 ) ;
#493 = EDGE_LOOP ( 'NONE', ( #1452, #367 ) ) ;
#494 = CIRCLE ( 'NONE', #300, 4.999999999999997335 ) ;
#495 = CARTESIAN_POINT ( 'NONE',  ( -62.99999999999992895, 2.000000000000000000, 25.20000000000000639 ) ) ;
#496 = ORIENTED_EDGE ( 'NONE', *, *, #700, .T. ) ;
#497 = ORIENTED_EDGE ( 'NONE', *, *, #39, .F. ) ;
#498 = CARTESIAN_POINT ( 'NONE',  ( -47.00000000000000000, 2.000000000000000000, 47.00000000000000000 ) ) ;
#499 = EDGE_CURVE ( 'NONE', #333, #406, #371, .T. ) ;
#500 = DIRECTION ( 'NONE',  ( -0.000000000000000000, 1.000000000000000000, -0.000000000000000000 ) ) ;
#501 = CARTESIAN_POINT ( 'NONE',  ( -50.39999999999999147, -2.000000000000000000, 64.75000000000011369 ) ) ;
#502 = EDGE_CURVE ( 'NONE', #132, #568, #1921, .T. ) ;
#503 = AXIS2_PLACEMENT_3D ( 'NONE', #1431, #1930, #822 ) ;
#504 = DIRECTION ( 'NONE',  ( -0.000000000000000000, -1.000000000000000000, -0.000000000000000000 ) ) ;
#505 = VECTOR ( 'NONE', #1145, 1000.000000000000000 ) ;
#506 = ORIENTED_EDGE ( 'NONE', *, *, #474, .T. ) ;
#507 = AXIS2_PLACEMENT_3D ( 'NONE', #1288, #1419, #1112 ) ;
#508 = CARTESIAN_POINT ( 'NONE',  ( -25.19999999999999929, -2.000000000000000000, -64.74999999999992895 ) ) ;
#509 = APPLICATION_CONTEXT ( 'automotive_design' ) ;
#510 = CYLINDRICAL_SURFACE ( 'NONE', #1476, 1.750000000000001554 ) ;
#511 = EDGE_CURVE ( 'NONE', #668, #855, #121, .T. ) ;
#512 = ORIENTED_EDGE ( 'NONE', *, *, #1442, .T. ) ;
#513 = CARTESIAN_POINT ( 'NONE',  ( -70.00000000000000000, -2.000000000000000000, -70.00000000000000000 ) ) ;
#514 = VERTEX_POINT ( 'NONE', #1792 ) ;
#515 = CARTESIAN_POINT ( 'NONE',  ( -62.99999999999992895, 2.000000000000000000, 26.95000000000000284 ) ) ;
#516 = LINE ( 'NONE', #1021, #917 ) ;
#517 = ORIENTED_EDGE ( 'NONE', *, *, #781, .F. ) ;
#518 = FACE_OUTER_BOUND ( 'NONE', #1778, .T. ) ;
#519 = VERTEX_POINT ( 'NONE', #1957 ) ;
#520 = EDGE_LOOP ( 'NONE', ( #1226, #49, #64, #1003 ) ) ;
#521 = FACE_OUTER_BOUND ( 'NONE', #1763, .T. ) ;
#522 = ADVANCED_FACE ( 'NONE', ( #1473 ), #34, .F. ) ;
#523 = VERTEX_POINT ( 'NONE', #1647 ) ;
#524 = AXIS2_PLACEMENT_3D ( 'NONE', #1853, #1059, #1347 ) ;
#525 = CIRCLE ( 'NONE', #1802, 1.750000000000213607 ) ;
#526 = CARTESIAN_POINT ( 'NONE',  ( -63.00000000000011369, 2.000000000000000000, -23.44999999999999929 ) ) ;
#527 = AXIS2_PLACEMENT_3D ( 'NONE', #498, #629, #1838 ) ;
#528 = DIRECTION ( 'NONE',  ( 1.982541115402065110E-16, 0.000000000000000000, 1.000000000000000000 ) ) ;
#529 = ORIENTED_EDGE ( 'NONE', *, *, #1146, .F. ) ;
#530 = DIRECTION ( 'NONE',  ( -1.000000000000000000, 0.000000000000000000, -0.000000000000000000 ) ) ;
#531 = VERTEX_POINT ( 'NONE', #1445 ) ;
#532 = AXIS2_PLACEMENT_3D ( 'NONE', #688, #1481, #544 ) ;
#533 = DIRECTION ( 'NONE',  ( -0.000000000000000000, -1.000000000000000000, -0.000000000000000000 ) ) ;
#534 = AXIS2_PLACEMENT_3D ( 'NONE', #1373, #1534, #1049 ) ;
#535 = EDGE_CURVE ( 'NONE', #1265, #1653, #1880, .T. ) ;
#536 = CARTESIAN_POINT ( 'NONE',  ( 63.00000000000011369, 2.000000000000000000, -1.750000000000220490 ) ) ;
#537 = CYLINDRICAL_SURFACE ( 'NONE', #1234, 1.750000000000001554 ) ;
#538 = DIRECTION ( 'NONE',  ( -0.000000000000000000, -1.000000000000000000, -0.000000000000000000 ) ) ;
#539 = CARTESIAN_POINT ( 'NONE',  ( -62.99999999999976552, 2.000000000000000000, 52.15000000000000568 ) ) ;
#540 = ORIENTED_EDGE ( 'NONE', *, *, #2061, .F. ) ;
#541 = VERTEX_POINT ( 'NONE', #387 ) ;
#542 = FILL_AREA_STYLE ('',( #209 ) ) ;
#543 = EDGE_LOOP ( 'NONE', ( #1955, #653, #1915, #1737 ) ) ;
#544 = DIRECTION ( 'NONE',  ( 0.000000000000000000, 0.000000000000000000, -1.000000000000000000 ) ) ;
#545 = DIRECTION ( 'NONE',  ( 0.000000000000000000, 1.000000000000000000, 0.000000000000000000 ) ) ;
#546 = DIRECTION ( 'NONE',  ( 0.000000000000000000, 0.000000000000000000, -1.000000000000000000 ) ) ;
#547 = ADVANCED_FACE ( 'NONE', ( #1667 ), #729, .F. ) ;
#548 = ORIENTED_EDGE ( 'NONE', *, *, #1799, .T. ) ;
#549 = DIRECTION ( 'NONE',  ( 0.000000000000000000, 0.000000000000000000, -1.000000000000000000 ) ) ;
#550 = PLANE ( 'NONE',  #1134 ) ;
#551 = LINE ( 'NONE', #1203, #1396 ) ;
#552 = CIRCLE ( 'NONE', #524, 1.750000000000272227 ) ;
#553 = AXIS2_PLACEMENT_3D ( 'NONE', #152, #1297, #641 ) ;
#554 = CARTESIAN_POINT ( 'NONE',  ( -50.39999999999999858, 2.000000000000000000, -61.24999999999976552 ) ) ;
#555 = AXIS2_PLACEMENT_3D ( 'NONE', #68, #1961, #1805 ) ;
#556 = CARTESIAN_POINT ( 'NONE',  ( 62.99999999999976552, -2.000000000000000000, -50.40000000000000568 ) ) ;
#557 = EDGE_CURVE ( 'NONE', #855, #810, #473, .T. ) ;
#558 = EDGE_CURVE ( 'NONE', #484, #1674, #1617, .T. ) ;
#559 = ORIENTED_EDGE ( 'NONE', *, *, #1830, .T. ) ;
#560 = DIRECTION ( 'NONE',  ( 0.000000000000000000, 0.000000000000000000, 1.000000000000000000 ) ) ;
#561 = VECTOR ( 'NONE', #533, 1000.000000000000000 ) ;
#562 = DIRECTION ( 'NONE',  ( -0.000000000000000000, -1.000000000000000000, -0.000000000000000000 ) ) ;
#563 = DIRECTION ( 'NONE',  ( 0.000000000000000000, 1.000000000000000000, 0.000000000000000000 ) ) ;
#564 = DIRECTION ( 'NONE',  ( 0.000000000000000000, 0.000000000000000000, 1.000000000000000000 ) ) ;
#565 = FACE_BOUND ( 'NONE', #2024, .T. ) ;
#566 = FACE_OUTER_BOUND ( 'NONE', #1077, .T. ) ;
#567 = VERTEX_POINT ( 'NONE', #1635 ) ;
#568 = VERTEX_POINT ( 'NONE', #1787 ) ;
#569 = FACE_BOUND ( 'NONE', #674, .T. ) ;
#570 = ORIENTED_EDGE ( 'NONE', *, *, #1168, .T. ) ;
#571 = PRODUCT_DEFINITION_CONTEXT ( 'detailed design', #1262, 'design' ) ;
#572 = ADVANCED_FACE ( 'NONE', ( #1623 ), #1468, .F. ) ;
#573 = DIRECTION ( 'NONE',  ( 0.000000000000000000, 1.000000000000000000, 0.000000000000000000 ) ) ;
#574 = VERTEX_POINT ( 'NONE', #1009 ) ;
#575 = CYLINDRICAL_SURFACE ( 'NONE', #1140, 1.749999999999994671 ) ;
#576 = ORIENTED_EDGE ( 'NONE', *, *, #244, .F. ) ;
#577 = LINE ( 'NONE', #112, #1804 ) ;
#578 = VERTEX_POINT ( 'NONE', #481 ) ;
#579 = FACE_BOUND ( 'NONE', #19, .T. ) ;
#580 = DIRECTION ( 'NONE',  ( -6.672013369141566696E-17, 0.000000000000000000, -1.000000000000000000 ) ) ;
#581 = DIRECTION ( 'NONE',  ( -0.000000000000000000, -1.000000000000000000, -0.000000000000000000 ) ) ;
#582 = EDGE_CURVE ( 'NONE', #938, #982, #980, .T. ) ;
#583 = DIRECTION ( 'NONE',  ( -0.000000000000000000, -1.000000000000000000, -0.000000000000000000 ) ) ;
#584 = VERTEX_POINT ( 'NONE', #267 ) ;
#585 = EDGE_CURVE ( 'NONE', #232, #1212, #1977, .T. ) ;
#586 = CARTESIAN_POINT ( 'NONE',  ( 63.00000000000011369, 2.000000000000000000, 25.19999999999999929 ) ) ;
#587 = DIRECTION ( 'NONE',  ( -0.000000000000000000, 1.000000000000000000, -0.000000000000000000 ) ) ;
#588 = LINE ( 'NONE', #1057, #979 ) ;
#589 = VECTOR ( 'NONE', #1562, 1000.000000000000000 ) ;
#590 = CARTESIAN_POINT ( 'NONE',  ( -25.19999999999999929, 2.000000000000000000, -61.24999999999992895 ) ) ;
#591 = FACE_OUTER_BOUND ( 'NONE', #882, .T. ) ;
#592 = ORIENTED_EDGE ( 'NONE', *, *, #1846, .F. ) ;
#593 = VECTOR ( 'NONE', #1595, 1000.000000000000000 ) ;
#594 = CARTESIAN_POINT ( 'NONE',  ( -62.99999999999976552, 2.000000000000000000, 48.65000000000001990 ) ) ;
#595 = CARTESIAN_POINT ( 'NONE',  ( -2.490333468844531319E-17, -2.000000000000000000, -63.00000000000011369 ) ) ;
#596 =( GEOMETRIC_REPRESENTATION_CONTEXT ( 3 ) GLOBAL_UNCERTAINTY_ASSIGNED_CONTEXT ( ( #897 ) ) GLOBAL_UNIT_ASSIGNED_CONTEXT ( ( #41, #860, #1677 ) ) REPRESENTATION_CONTEXT ( 'NONE', 'WORKASPACE' ) );
#597 = ORIENTED_EDGE ( 'NONE', *, *, #2000, .T. ) ;
#598 = DIRECTION ( 'NONE',  ( 0.000000000000000000, 1.000000000000000000, 0.000000000000000000 ) ) ;
#599 = CARTESIAN_POINT ( 'NONE',  ( 62.99999999999992895, -2.000000000000000000, -26.95000000000024798 ) ) ;
#600 = LINE ( 'NONE', #1692, #125 ) ;
#601 = LINE ( 'NONE', #423, #770 ) ;
#602 = ADVANCED_FACE ( 'NONE', ( #1879 ), #1224, .F. ) ;
#603 = EDGE_LOOP ( 'NONE', ( #165, #1294 ) ) ;
#604 = CARTESIAN_POINT ( 'NONE',  ( -70.00000000000000000, 2.000000000000000000, -70.00000000000000000 ) ) ;
#605 = VECTOR ( 'NONE', #1127, 1000.000000000000000 ) ;
#606 = CYLINDRICAL_SURFACE ( 'NONE', #1165, 1.750000000000001554 ) ;
#607 = DIRECTION ( 'NONE',  ( 0.000000000000000000, 0.000000000000000000, -1.000000000000000000 ) ) ;
#608 = DIRECTION ( 'NONE',  ( 0.000000000000000000, 1.000000000000000000, 0.000000000000000000 ) ) ;
#609 = DIRECTION ( 'NONE',  ( 0.000000000000000000, 1.000000000000000000, 0.000000000000000000 ) ) ;
#610 = ADVANCED_FACE ( 'NONE', ( #2023 ), #899, .T. ) ;
#611 = ADVANCED_FACE ( 'NONE', ( #1402 ), #411, .F. ) ;
#612 = DIRECTION ( 'NONE',  ( 0.000000000000000000, 0.000000000000000000, 1.000000000000000000 ) ) ;
#613 = CYLINDRICAL_SURFACE ( 'NONE', #1246, 1.750000000000168088 ) ;
#614 = DIRECTION ( 'NONE',  ( 0.000000000000000000, 1.000000000000000000, 0.000000000000000000 ) ) ;
#615 = ORIENTED_EDGE ( 'NONE', *, *, #1253, .T. ) ;
#616 = CARTESIAN_POINT ( 'NONE',  ( 70.00000000000000000, 2.000000000000000000, -70.00000000000000000 ) ) ;
#617 = ORIENTED_EDGE ( 'NONE', *, *, #1852, .T. ) ;
#618 = CIRCLE ( 'NONE', #1800, 1.749999999999994671 ) ;
#619 = VECTOR ( 'NONE', #1549, 1000.000000000000000 ) ;
#620 = DIRECTION ( 'NONE',  ( 0.000000000000000000, 1.000000000000000000, 0.000000000000000000 ) ) ;
#621 = ORIENTED_EDGE ( 'NONE', *, *, #1010, .F. ) ;
#622 = AXIS2_PLACEMENT_3D ( 'NONE', #1379, #434, #1876 ) ;
#623 = EDGE_CURVE ( 'NONE', #2019, #1251, #842, .T. ) ;
#624 = DIRECTION ( 'NONE',  ( 0.000000000000000000, 1.000000000000000000, 0.000000000000000000 ) ) ;
#625 = VECTOR ( 'NONE', #1069, 1000.000000000000000 ) ;
#626 = FACE_OUTER_BOUND ( 'NONE', #36, .T. ) ;
#627 = ORIENTED_EDGE ( 'NONE', *, *, #792, .T. ) ;
#628 = ORIENTED_EDGE ( 'NONE', *, *, #1683, .T. ) ;
#629 = DIRECTION ( 'NONE',  ( -0.000000000000000000, -1.000000000000000000, -0.000000000000000000 ) ) ;
#630 = VECTOR ( 'NONE', #1504, 1000.000000000000000 ) ;
#631 = AXIS2_PLACEMENT_3D ( 'NONE', #1463, #302, #838 ) ;
#632 = ORIENTED_EDGE ( 'NONE', *, *, #1426, .T. ) ;
#633 = CARTESIAN_POINT ( 'NONE',  ( 63.00000000000011369, 2.000000000000000000, 50.39999999999999147 ) ) ;
#634 = ADVANCED_FACE ( 'NONE', ( #727 ), #1724, .F. ) ;
#635 = DIRECTION ( 'NONE',  ( 0.000000000000000000, 0.000000000000000000, 1.000000000000000000 ) ) ;
#636 = ORIENTED_EDGE ( 'NONE', *, *, #1394, .F. ) ;
#637 = ORIENTED_EDGE ( 'NONE', *, *, #118, .T. ) ;
#638 = CARTESIAN_POINT ( 'NONE',  ( 6.938893903907228378E-15, 2.000000000000000000, 63.00000000000011369 ) ) ;
#639 = DIRECTION ( 'NONE',  ( -0.000000000000000000, -1.000000000000000000, -0.000000000000000000 ) ) ;
#640 = ORIENTED_EDGE ( 'NONE', *, *, #911, .T. ) ;
#641 = DIRECTION ( 'NONE',  ( 0.000000000000000000, 0.000000000000000000, 1.000000000000000000 ) ) ;
#642 = FACE_OUTER_BOUND ( 'NONE', #176, .T. ) ;
#643 = DIRECTION ( 'NONE',  ( 0.000000000000000000, 1.000000000000000000, 0.000000000000000000 ) ) ;
#644 = ORIENTED_EDGE ( 'NONE', *, *, #1978, .T. ) ;
#645 = DIRECTION ( 'NONE',  ( 0.000000000000000000, 1.000000000000000000, 0.000000000000000000 ) ) ;
#646 = EDGE_CURVE ( 'NONE', #690, #1441, #1116, .T. ) ;
#647 = EDGE_CURVE ( 'NONE', #343, #1313, #1374, .T. ) ;
#648 = VERTEX_POINT ( 'NONE', #291 ) ;
#649 = LINE ( 'NONE', #1934, #794 ) ;
#650 = EDGE_LOOP ( 'NONE', ( #636, #747, #380, #1359 ) ) ;
#651 = AXIS2_PLACEMENT_3D ( 'NONE', #1376, #76, #2027 ) ;
#652 = CARTESIAN_POINT ( 'NONE',  ( 63.00000000000011369, 2.000000000000000000, 50.39999999999999147 ) ) ;
#653 = ORIENTED_EDGE ( 'NONE', *, *, #1846, .T. ) ;
#654 = ORIENTED_EDGE ( 'NONE', *, *, #1830, .F. ) ;
#655 = CIRCLE ( 'NONE', #622, 1.749999999999994671 ) ;
#656 = EDGE_LOOP ( 'NONE', ( #282, #1279 ) ) ;
#657 = AXIS2_PLACEMENT_3D ( 'NONE', #1111, #962, #1242 ) ;
#658 = VERTEX_POINT ( 'NONE', #599 ) ;
#659 = EDGE_LOOP ( 'NONE', ( #2, #1943, #242, #1520 ) ) ;
#660 = DIRECTION ( 'NONE',  ( 0.000000000000000000, 0.000000000000000000, -1.000000000000000000 ) ) ;
#661 = EDGE_CURVE ( 'NONE', #1407, #98, #936, .T. ) ;
#662 = AXIS2_PLACEMENT_3D ( 'NONE', #1618, #614, #162 ) ;
#663 = SURFACE_STYLE_FILL_AREA ( #542 ) ;
#664 = VERTEX_POINT ( 'NONE', #126 ) ;
#665 = ORIENTED_EDGE ( 'NONE', *, *, #1156, .T. ) ;
#666 = ORIENTED_EDGE ( 'NONE', *, *, #768, .T. ) ;
#667 = CYLINDRICAL_SURFACE ( 'NONE', #385, 1.750000000000168088 ) ;
#668 = VERTEX_POINT ( 'NONE', #1361 ) ;
#669 = ADVANCED_FACE ( 'NONE', ( #767 ), #1890, .F. ) ;
#670 = FACE_BOUND ( 'NONE', #70, .T. ) ;
#671 = CARTESIAN_POINT ( 'NONE',  ( -25.19999999999999218, 2.000000000000000000, 64.75000000000011369 ) ) ;
#672 = EDGE_CURVE ( 'NONE', #810, #73, #1117, .T. ) ;
#673 = PLANE ( 'NONE',  #9 ) ;
#674 = EDGE_LOOP ( 'NONE', ( #1017, #725 ) ) ;
#675 = ORIENTED_EDGE ( 'NONE', *, *, #1939, .F. ) ;
#676 = CARTESIAN_POINT ( 'NONE',  ( 62.99999999999992895, 2.000000000000000000, -25.20000000000000284 ) ) ;
#677 = ORIENTED_EDGE ( 'NONE', *, *, #907, .T. ) ;
#678 = DIRECTION ( 'NONE',  ( -0.000000000000000000, -1.000000000000000000, -0.000000000000000000 ) ) ;
#679 = LINE ( 'NONE', #693, #630 ) ;
#680 = DIRECTION ( 'NONE',  ( 0.000000000000000000, 1.000000000000000000, 0.000000000000000000 ) ) ;
#681 = ORIENTED_EDGE ( 'NONE', *, *, #867, .T. ) ;
#682 = SURFACE_STYLE_USAGE ( .BOTH. , #1154 ) ;
#683 = DIRECTION ( 'NONE',  ( -0.000000000000000000, -1.000000000000000000, -0.000000000000000000 ) ) ;
#684 = AXIS2_PLACEMENT_3D ( 'NONE', #391, #1230, #60 ) ;
#685 = ADVANCED_FACE ( 'NONE', ( #479 ), #613, .F. ) ;
#686 = VERTEX_POINT ( 'NONE', #983 ) ;
#687 = VECTOR ( 'NONE', #2081, 1000.000000000000000 ) ;
#688 = CARTESIAN_POINT ( 'NONE',  ( -25.19999999999999218, 2.000000000000000000, 63.00000000000011369 ) ) ;
#689 = AXIS2_PLACEMENT_3D ( 'NONE', #1013, #376, #215 ) ;
#690 = VERTEX_POINT ( 'NONE', #1758 ) ;
#691 = CIRCLE ( 'NONE', #1935, 1.750000000000001554 ) ;
#692 = CARTESIAN_POINT ( 'NONE',  ( 65.00000000000001421, -2.000000000000000000, 70.00000000000000000 ) ) ;
#693 = CARTESIAN_POINT ( 'NONE',  ( -69.99999999999998579, -2.000000000000000000, 70.00000000000000000 ) ) ;
#694 = ORIENTED_EDGE ( 'NONE', *, *, #623, .T. ) ;
#695 = FACE_BOUND ( 'NONE', #52, .T. ) ;
#696 = CARTESIAN_POINT ( 'NONE',  ( -65.00000000000000000, 2.000000000000000000, -70.00000000000000000 ) ) ;
#697 = ORIENTED_EDGE ( 'NONE', *, *, #425, .F. ) ;
#698 = AXIS2_PLACEMENT_3D ( 'NONE', #304, #949, #1237 ) ;
#699 = EDGE_CURVE ( 'NONE', #541, #1408, #318, .T. ) ;
#700 = EDGE_CURVE ( 'NONE', #1138, #484, #146, .T. ) ;
#701 = DIRECTION ( 'NONE',  ( 0.000000000000000000, 0.000000000000000000, 1.000000000000000000 ) ) ;
#702 = CARTESIAN_POINT ( 'NONE',  ( 65.00000000000001421, 2.000000000000000000, 70.00000000000000000 ) ) ;
#703 = CARTESIAN_POINT ( 'NONE',  ( 47.00000000000000711, 2.000000000000000000, 47.00000000000000000 ) ) ;
#704 = DIRECTION ( 'NONE',  ( 0.000000000000000000, 0.000000000000000000, 1.000000000000000000 ) ) ;
#705 = ORIENTED_EDGE ( 'NONE', *, *, #1249, .T. ) ;
#706 = ORIENTED_EDGE ( 'NONE', *, *, #1636, .F. ) ;
#707 = CARTESIAN_POINT ( 'NONE',  ( 50.39999999999999858, 2.000000000000000000, -63.00000000000011369 ) ) ;
#708 = DIRECTION ( 'NONE',  ( -0.000000000000000000, -1.000000000000000000, -0.000000000000000000 ) ) ;
#709 = EDGE_CURVE ( 'NONE', #2070, #648, #1941, .T. ) ;
#710 = DIRECTION ( 'NONE',  ( 0.000000000000000000, 1.000000000000000000, 0.000000000000000000 ) ) ;
#711 = CARTESIAN_POINT ( 'NONE',  ( -62.99999999999976552, 2.000000000000000000, 50.40000000000001279 ) ) ;
#712 = EDGE_CURVE ( 'NONE', #1650, #1317, #944, .T. ) ;
#713 = FACE_BOUND ( 'NONE', #1430, .T. ) ;
#714 = FACE_BOUND ( 'NONE', #1276, .T. ) ;
#715 = ORIENTED_EDGE ( 'NONE', *, *, #502, .F. ) ;
#716 = DIRECTION ( 'NONE',  ( 0.000000000000000000, 0.000000000000000000, 1.000000000000000000 ) ) ;
#717 = CARTESIAN_POINT ( 'NONE',  ( -63.00000000000011369, 2.000000000000000000, -25.19999999999999218 ) ) ;
#718 = AXIS2_PLACEMENT_3D ( 'NONE', #1668, #1324, #1823 ) ;
#719 = LINE ( 'NONE', #1209, #1460 ) ;
#720 = VECTOR ( 'NONE', #1726, 1000.000000000000000 ) ;
#721 = CYLINDRICAL_SURFACE ( 'NONE', #1810, 1.750000000000199396 ) ;
#722 = ORIENTED_EDGE ( 'NONE', *, *, #981, .T. ) ;
#723 = VERTEX_POINT ( 'NONE', #465 ) ;
#724 = DIRECTION ( 'NONE',  ( 0.000000000000000000, 0.000000000000000000, -1.000000000000000000 ) ) ;
#725 = ORIENTED_EDGE ( 'NONE', *, *, #1072, .T. ) ;
#726 = DIRECTION ( 'NONE',  ( -0.000000000000000000, -1.000000000000000000, -0.000000000000000000 ) ) ;
#727 = FACE_OUTER_BOUND ( 'NONE', #1584, .T. ) ;
#728 = CONICAL_SURFACE ( 'NONE', #369, 9.000000000000042633, 0.7853981633974500554 ) ;
#729 = CYLINDRICAL_SURFACE ( 'NONE', #1981, 1.749999999999994671 ) ;
#730 = CARTESIAN_POINT ( 'NONE',  ( -62.99999999999976552, -2.000000000000000000, 52.15000000000000568 ) ) ;
#731 = DIRECTION ( 'NONE',  ( 0.000000000000000000, 0.000000000000000000, 1.000000000000000000 ) ) ;
#732 = DIRECTION ( 'NONE',  ( 0.000000000000000000, 0.000000000000000000, 1.000000000000000000 ) ) ;
#733 = ORIENTED_EDGE ( 'NONE', *, *, #1346, .F. ) ;
#734 = LINE ( 'NONE', #96, #1103 ) ;
#735 = LINE ( 'NONE', #2028, #97 ) ;
#736 = DIRECTION ( 'NONE',  ( 0.000000000000000000, 0.000000000000000000, -1.000000000000000000 ) ) ;
#737 = EDGE_CURVE ( 'NONE', #1644, #1407, #2059, .T. ) ;
#738 = ORIENTED_EDGE ( 'NONE', *, *, #201, .T. ) ;
#739 = DIRECTION ( 'NONE',  ( -0.000000000000000000, -1.000000000000000000, -0.000000000000000000 ) ) ;
#740 = FACE_OUTER_BOUND ( 'NONE', #797, .T. ) ;
#741 = EDGE_CURVE ( 'NONE', #965, #1295, #328, .T. ) ;
#742 = VERTEX_POINT ( 'NONE', #1450 ) ;
#743 = CARTESIAN_POINT ( 'NONE',  ( -69.99999999999998579, 2.000000000000000000, 65.00000000000000000 ) ) ;
#744 = CARTESIAN_POINT ( 'NONE',  ( 47.00000000000000711, -2.000000000000000000, 47.00000000000000000 ) ) ;
#745 = DIRECTION ( 'NONE',  ( 0.000000000000000000, -1.000000000000000000, 0.000000000000000000 ) ) ;
#746 = VERTEX_POINT ( 'NONE', #971 ) ;
#747 = ORIENTED_EDGE ( 'NONE', *, *, #1273, .T. ) ;
#748 = ORIENTED_EDGE ( 'NONE', *, *, #1214, .F. ) ;
#749 = DIRECTION ( 'NONE',  ( 0.000000000000000000, 1.000000000000000000, 0.000000000000000000 ) ) ;
#750 = EDGE_LOOP ( 'NONE', ( #1163, #1938, #2084, #748 ) ) ;
#751 = EDGE_LOOP ( 'NONE', ( #2078, #681 ) ) ;
#752 = DIRECTION ( 'NONE',  ( 0.000000000000000000, -0.000000000000000000, 1.000000000000000000 ) ) ;
#753 = ORIENTED_EDGE ( 'NONE', *, *, #1552, .F. ) ;
#754 = DIRECTION ( 'NONE',  ( 0.000000000000000000, 1.000000000000000000, 0.000000000000000000 ) ) ;
#755 = EDGE_CURVE ( 'NONE', #742, #1690, #1039, .T. ) ;
#756 = EDGE_LOOP ( 'NONE', ( #2003, #478 ) ) ;
#757 = VERTEX_POINT ( 'NONE', #775 ) ;
#758 = VECTOR ( 'NONE', #1581, 1000.000000000000000 ) ;
#759 = LINE ( 'NONE', #743, #1929 ) ;
#760 = CARTESIAN_POINT ( 'NONE',  ( -47.00000000000000000, -2.000000000000000000, -47.00000000000002132 ) ) ;
#761 = CARTESIAN_POINT ( 'NONE',  ( -50.39999999999999858, -2.000000000000000000, -62.99999999999976552 ) ) ;
#762 = CIRCLE ( 'NONE', #1868, 1.750000000000001554 ) ;
#763 = AXIS2_PLACEMENT_3D ( 'NONE', #1974, #1489, #1845 ) ;
#764 = ORIENTED_EDGE ( 'NONE', *, *, #142, .F. ) ;
#765 = CARTESIAN_POINT ( 'NONE',  ( 0.000000000000000000, -2.000000000000000000, 0.000000000000000000 ) ) ;
#766 = DIRECTION ( 'NONE',  ( -0.000000000000000000, -1.000000000000000000, -0.000000000000000000 ) ) ;
#767 = FACE_OUTER_BOUND ( 'NONE', #416, .T. ) ;
#768 = EDGE_CURVE ( 'NONE', #578, #1888, #1405, .T. ) ;
#769 = ORIENTED_EDGE ( 'NONE', *, *, #1484, .T. ) ;
#770 = VECTOR ( 'NONE', #1217, 1000.000000000000000 ) ;
#771 = EDGE_CURVE ( 'NONE', #1047, #305, #1948, .T. ) ;
#772 = CYLINDRICAL_SURFACE ( 'NONE', #1167, 1.750000000000244471 ) ;
#773 = AXIS2_PLACEMENT_3D ( 'NONE', #783, #1612, #2095 ) ;
#774 = CARTESIAN_POINT ( 'NONE',  ( 50.40000000000000568, -2.000000000000000000, 61.24999999999976552 ) ) ;
#775 = CARTESIAN_POINT ( 'NONE',  ( -2.490333468844531319E-17, -2.000000000000000000, -64.75000000000011369 ) ) ;
#776 = ORIENTED_EDGE ( 'NONE', *, *, #115, .F. ) ;
#777 = CARTESIAN_POINT ( 'NONE',  ( -64.99999999999998579, -2.000000000000000000, 70.00000000000000000 ) ) ;
#778 = CARTESIAN_POINT ( 'NONE',  ( 7.153207093758016465E-15, 2.000000000000000000, 64.75000000000011369 ) ) ;
#779 = ORIENTED_EDGE ( 'NONE', *, *, #301, .F. ) ;
#780 = ORIENTED_EDGE ( 'NONE', *, *, #290, .F. ) ;
#781 = EDGE_CURVE ( 'NONE', #2019, #1660, #1741, .T. ) ;
#782 = CARTESIAN_POINT ( 'NONE',  ( 70.00000000000000000, 2.000000000000000000, -65.00000000000000000 ) ) ;
#783 = CARTESIAN_POINT ( 'NONE',  ( 62.99999999999976552, 2.000000000000000000, -50.40000000000000568 ) ) ;
#784 = EDGE_LOOP ( 'NONE', ( #994, #1703, #1400, #227 ) ) ;
#785 = DIRECTION ( 'NONE',  ( 0.000000000000000000, 1.000000000000000000, 0.000000000000000000 ) ) ;
#786 = ORIENTED_EDGE ( 'NONE', *, *, #1353, .F. ) ;
#787 = ORIENTED_EDGE ( 'NONE', *, *, #1910, .T. ) ;
#788 = DIRECTION ( 'NONE',  ( 0.000000000000000000, 0.000000000000000000, 1.000000000000000000 ) ) ;
#789 = CYLINDRICAL_SURFACE ( 'NONE', #1181, 1.749999999999994671 ) ;
#790 = EDGE_LOOP ( 'NONE', ( #174, #256 ) ) ;
#791 = AXIS2_PLACEMENT_3D ( 'NONE', #15, #470, #1305 ) ;
#792 = EDGE_CURVE ( 'NONE', #1609, #177, #1356, .T. ) ;
#793 = CARTESIAN_POINT ( 'NONE',  ( 62.99999999999976552, 2.000000000000000000, -50.40000000000000568 ) ) ;
#794 = VECTOR ( 'NONE', #1425, 1000.000000000000000 ) ;
#795 = EDGE_LOOP ( 'NONE', ( #260, #1733 ) ) ;
#796 = FACE_OUTER_BOUND ( 'NONE', #942, .T. ) ;
#797 = EDGE_LOOP ( 'NONE', ( #1785, #1289, #675, #1192 ) ) ;
#798 = ORIENTED_EDGE ( 'NONE', *, *, #1417, .F. ) ;
#799 = FACE_OUTER_BOUND ( 'NONE', #1511, .T. ) ;
#800 = DIRECTION ( 'NONE',  ( 0.000000000000000000, 1.000000000000000000, 0.000000000000000000 ) ) ;
#801 = DIRECTION ( 'NONE',  ( 0.000000000000000000, 0.000000000000000000, 1.000000000000000000 ) ) ;
#802 = DIRECTION ( 'NONE',  ( 0.000000000000000000, 0.000000000000000000, 1.000000000000000000 ) ) ;
#803 = VECTOR ( 'NONE', #929, 1000.000000000000000 ) ;
#804 = VECTOR ( 'NONE', #1749, 1000.000000000000000 ) ;
#805 = EDGE_CURVE ( 'NONE', #1407, #1644, #459, .T. ) ;
#806 = CARTESIAN_POINT ( 'NONE',  ( -70.00000000000000000, 2.000000000000000000, -70.00000000000000000 ) ) ;
#807 = ORIENTED_EDGE ( 'NONE', *, *, #907, .F. ) ;
#808 = EDGE_CURVE ( 'NONE', #1202, #1042, #1303, .T. ) ;
#809 = CARTESIAN_POINT ( 'NONE',  ( 63.00000000000011369, 2.000000000000000000, 1.750000000000206724 ) ) ;
#810 = VERTEX_POINT ( 'NONE', #1572 ) ;
#811 = ORIENTED_EDGE ( 'NONE', *, *, #1072, .F. ) ;
#812 = CARTESIAN_POINT ( 'NONE',  ( -62.99999999999976552, 2.000000000000000000, 50.40000000000001279 ) ) ;
#813 = DIRECTION ( 'NONE',  ( 0.000000000000000000, 0.000000000000000000, -1.000000000000000000 ) ) ;
#814 = EDGE_LOOP ( 'NONE', ( #1129, #228, #1114, #654 ) ) ;
#815 = ORIENTED_EDGE ( 'NONE', *, *, #1910, .F. ) ;
#816 = DIRECTION ( 'NONE',  ( -0.000000000000000000, -1.000000000000000000, -0.000000000000000000 ) ) ;
#817 = ORIENTED_EDGE ( 'NONE', *, *, #741, .F. ) ;
#818 = ORIENTED_EDGE ( 'NONE', *, *, #709, .F. ) ;
#819 = DIRECTION ( 'NONE',  ( 0.000000000000000000, 0.000000000000000000, 1.000000000000000000 ) ) ;
#820 = ADVANCED_FACE ( 'NONE', ( #137 ), #1428, .F. ) ;
#821 = CARTESIAN_POINT ( 'NONE',  ( 52.00000000000001421, -2.000000000000000000, -52.00000000000002132 ) ) ;
#822 = DIRECTION ( 'NONE',  ( 0.000000000000000000, 0.000000000000000000, 1.000000000000000000 ) ) ;
#823 = ORIENTED_EDGE ( 'NONE', *, *, #1578, .F. ) ;
#824 = FACE_BOUND ( 'NONE', #1551, .T. ) ;
#825 = CIRCLE ( 'NONE', #1996, 1.750000000000001554 ) ;
#826 = ORIENTED_EDGE ( 'NONE', *, *, #290, .T. ) ;
#827 = DIRECTION ( 'NONE',  ( 0.000000000000000000, 1.000000000000000000, 0.000000000000000000 ) ) ;
#828 = CIRCLE ( 'NONE', #1762, 1.749999999999994671 ) ;
#829 = FILL_AREA_STYLE ('',( #1311 ) ) ;
#830 = CARTESIAN_POINT ( 'NONE',  ( 62.99999999999992895, 2.000000000000000000, -26.95000000000024798 ) ) ;
#831 = AXIS2_PLACEMENT_3D ( 'NONE', #1829, #392, #1673 ) ;
#832 = ORIENTED_EDGE ( 'NONE', *, *, #2097, .T. ) ;
#833 = CIRCLE ( 'NONE', #2005, 1.750000000000001554 ) ;
#834 = EDGE_CURVE ( 'NONE', #1854, #584, #618, .T. ) ;
#835 = DIRECTION ( 'NONE',  ( 0.000000000000000000, 0.000000000000000000, 1.000000000000000000 ) ) ;
#836 = CARTESIAN_POINT ( 'NONE',  ( -25.19999999999999929, 2.000000000000000000, -62.99999999999992895 ) ) ;
#837 = ADVANCED_FACE ( 'NONE', ( #521 ), #1321, .F. ) ;
#838 = DIRECTION ( 'NONE',  ( 0.000000000000000000, 0.000000000000000000, 1.000000000000000000 ) ) ;
#839 = AXIS2_PLACEMENT_3D ( 'NONE', #169, #2082, #802 ) ;
#840 = VERTEX_POINT ( 'NONE', #366 ) ;
#841 = LINE ( 'NONE', #32, #939 ) ;
#842 = CIRCLE ( 'NONE', #534, 1.749999999999996225 ) ;
#843 = ORIENTED_EDGE ( 'NONE', *, *, #13, .F. ) ;
#844 = ORIENTED_EDGE ( 'NONE', *, *, #502, .T. ) ;
#845 = CARTESIAN_POINT ( 'NONE',  ( 25.19999999999999929, 2.000000000000000000, -63.00000000000011369 ) ) ;
#846 = ADVANCED_FACE ( 'NONE', ( #1963 ), #1180, .T. ) ;
#847 = CARTESIAN_POINT ( 'NONE',  ( 63.00000000000011369, 2.000000000000000000, 1.750000000000206724 ) ) ;
#848 = DIRECTION ( 'NONE',  ( 0.000000000000000000, 0.000000000000000000, -1.000000000000000000 ) ) ;
#849 = EDGE_LOOP ( 'NONE', ( #1024, #959, #1990, #984 ) ) ;
#850 = DIRECTION ( 'NONE',  ( 1.000000000000000000, 0.000000000000000000, -9.912705577010325549E-17 ) ) ;
#851 = ORIENTED_EDGE ( 'NONE', *, *, #1195, .F. ) ;
#852 = EDGE_LOOP ( 'NONE', ( #143, #1499 ) ) ;
#853 = PLANE ( 'NONE',  #258 ) ;
#854 = CYLINDRICAL_SURFACE ( 'NONE', #134, 1.749999999999994671 ) ;
#855 = VERTEX_POINT ( 'NONE', #696 ) ;
#856 = FACE_BOUND ( 'NONE', #1670, .T. ) ;
#857 = ORIENTED_EDGE ( 'NONE', *, *, #2053, .F. ) ;
#858 = EDGE_CURVE ( 'NONE', #1313, #343, #358, .T. ) ;
#859 = AXIS2_PLACEMENT_3D ( 'NONE', #765, #2004, #752 ) ;
#860 =( NAMED_UNIT ( * ) PLANE_ANGLE_UNIT ( ) SI_UNIT ( $, .RADIAN. ) );
#861 = AXIS2_PLACEMENT_3D ( 'NONE', #148, #1911, #199 ) ;
#862 = EDGE_CURVE ( 'NONE', #746, #2070, #1759, .T. ) ;
#863 = EDGE_LOOP ( 'NONE', ( #1283, #1507 ) ) ;
#864 = DIRECTION ( 'NONE',  ( 0.000000000000000000, 0.000000000000000000, -1.000000000000000000 ) ) ;
#865 = CIRCLE ( 'NONE', #296, 1.750000000000001554 ) ;
#866 = CIRCLE ( 'NONE', #1204, 1.750000000000213607 ) ;
#867 = EDGE_CURVE ( 'NONE', #14, #1212, #1563, .T. ) ;
#868 = ORIENTED_EDGE ( 'NONE', *, *, #2083, .F. ) ;
#869 = AXIS2_PLACEMENT_3D ( 'NONE', #902, #109, #1734 ) ;
#870 = CYLINDRICAL_SURFACE ( 'NONE', #718, 1.750000000000001554 ) ;
#871 = EDGE_LOOP ( 'NONE', ( #62, #570 ) ) ;
#872 = CYLINDRICAL_SURFACE ( 'NONE', #1728, 1.749999999999996225 ) ;
#873 = MANIFOLD_SOLID_BREP ( 'µ¹½Ç1', #1944 ) ;
#874 = EDGE_CURVE ( 'NONE', #268, #1752, #841, .T. ) ;
#875 = AXIS2_PLACEMENT_3D ( 'NONE', #58, #608, #731 ) ;
#876 = ORIENTED_EDGE ( 'NONE', *, *, #1306, .T. ) ;
#877 = CARTESIAN_POINT ( 'NONE',  ( 47.00000000000000000, 2.000000000000000000, -56.00000000000006395 ) ) ;
#878 = CIRCLE ( 'NONE', #1142, 5.000000000000004441 ) ;
#879 = ADVANCED_FACE ( 'NONE', ( #1621 ), #673, .F. ) ;
#880 = CARTESIAN_POINT ( 'NONE',  ( 63.00000000000011369, 2.000000000000000000, -6.938893903907228378E-15 ) ) ;
#881 = VECTOR ( 'NONE', #1604, 1000.000000000000000 ) ;
#882 = EDGE_LOOP ( 'NONE', ( #1803, #876, #844, #1966, #1478, #1260, #86, #398 ) ) ;
#883 = LINE ( 'NONE', #1839, #1900 ) ;
#884 = ORIENTED_EDGE ( 'NONE', *, *, #1382, .T. ) ;
#885 = VERTEX_POINT ( 'NONE', #1814 ) ;
#886 = ORIENTED_EDGE ( 'NONE', *, *, #1601, .F. ) ;
#887 = CARTESIAN_POINT ( 'NONE',  ( 50.40000000000000568, 2.000000000000000000, 64.74999999999977263 ) ) ;
#888 = DIRECTION ( 'NONE',  ( 0.000000000000000000, 0.000000000000000000, 1.000000000000000000 ) ) ;
#889 = FACE_OUTER_BOUND ( 'NONE', #417, .T. ) ;
#890 = DIRECTION ( 'NONE',  ( -0.000000000000000000, -1.000000000000000000, -0.000000000000000000 ) ) ;
#891 = ADVANCED_FACE ( 'NONE', ( #1029 ), #872, .F. ) ;
#892 = FACE_BOUND ( 'NONE', #1613, .T. ) ;
#893 = ORIENTED_EDGE ( 'NONE', *, *, #1709, .T. ) ;
#894 = ORIENTED_EDGE ( 'NONE', *, *, #1680, .F. ) ;
#895 = DIRECTION ( 'NONE',  ( 0.000000000000000000, 0.000000000000000000, 1.000000000000000000 ) ) ;
#896 = DIRECTION ( 'NONE',  ( 0.000000000000000000, 0.000000000000000000, 1.000000000000000000 ) ) ;
#897 = UNCERTAINTY_MEASURE_WITH_UNIT (LENGTH_MEASURE( 1.000000000000000082E-05 ), #41, 'distance_accuracy_value', 'NONE');
#898 = CARTESIAN_POINT ( 'NONE',  ( 50.39999999999999858, 2.000000000000000000, -61.25000000000010658 ) ) ;
#899 = CYLINDRICAL_SURFACE ( 'NONE', #100, 5.000000000000004441 ) ;
#900 = AXIS2_PLACEMENT_3D ( 'NONE', #1801, #363, #1012 ) ;
#901 = ORIENTED_EDGE ( 'NONE', *, *, #557, .F. ) ;
#902 = CARTESIAN_POINT ( 'NONE',  ( -25.19999999999999929, 2.000000000000000000, -62.99999999999992895 ) ) ;
#903 = DIRECTION ( 'NONE',  ( 0.000000000000000000, 0.000000000000000000, 1.000000000000000000 ) ) ;
#904 = CARTESIAN_POINT ( 'NONE',  ( -63.00000000000011369, 2.000000000000000000, -26.94999999999998863 ) ) ;
#905 = AXIS2_PLACEMENT_3D ( 'NONE', #277, #926, #2071 ) ;
#906 = CARTESIAN_POINT ( 'NONE',  ( 25.19999999999999929, -2.000000000000000000, -63.00000000000011369 ) ) ;
#907 = EDGE_CURVE ( 'NONE', #1369, #658, #1991, .T. ) ;
#908 = EDGE_LOOP ( 'NONE', ( #1219, #1060, #1447, #886 ) ) ;
#909 = CIRCLE ( 'NONE', #1901, 1.750000000000001554 ) ;
#910 = CARTESIAN_POINT ( 'NONE',  ( -56.00000000000004263, 2.000000000000000000, 47.00000000000000000 ) ) ;
#911 = EDGE_CURVE ( 'NONE', #578, #1794, #1953, .T. ) ;
#912 = ORIENTED_EDGE ( 'NONE', *, *, #805, .T. ) ;
#913 = FACE_BOUND ( 'NONE', #656, .T. ) ;
#914 = ORIENTED_EDGE ( 'NONE', *, *, #1756, .F. ) ;
#915 = CARTESIAN_POINT ( 'NONE',  ( -50.39999999999999858, 2.000000000000000000, -62.99999999999976552 ) ) ;
#916 = DIRECTION ( 'NONE',  ( 0.000000000000000000, 1.000000000000000000, 0.000000000000000000 ) ) ;
#917 = VECTOR ( 'NONE', #1817, 1000.000000000000114 ) ;
#918 = ORIENTED_EDGE ( 'NONE', *, *, #1916, .F. ) ;
#919 = CIRCLE ( 'NONE', #631, 1.750000000000244471 ) ;
#920 = DIRECTION ( 'NONE',  ( -1.000000000000000000, -0.000000000000000000, -0.000000000000000000 ) ) ;
#921 = DIRECTION ( 'NONE',  ( -0.000000000000000000, -1.000000000000000000, -0.000000000000000000 ) ) ;
#922 = EDGE_LOOP ( 'NONE', ( #1423, #1579, #1662, #1526 ) ) ;
#923 = FACE_OUTER_BOUND ( 'NONE', #1207, .T. ) ;
#924 = EDGE_CURVE ( 'NONE', #1190, #1665, #2031, .T. ) ;
#925 = PLANE ( 'NONE',  #859 ) ;
#926 = DIRECTION ( 'NONE',  ( -0.000000000000000000, -1.000000000000000000, -0.000000000000000000 ) ) ;
#927 = DIRECTION ( 'NONE',  ( 0.000000000000000000, 0.000000000000000000, 1.000000000000000000 ) ) ;
#928 = CARTESIAN_POINT ( 'NONE',  ( 6.938893903907228378E-15, 2.000000000000000000, 63.00000000000011369 ) ) ;
#929 = DIRECTION ( 'NONE',  ( -0.000000000000000000, -1.000000000000000000, -0.000000000000000000 ) ) ;
#930 = DIRECTION ( 'NONE',  ( 0.000000000000000000, 0.000000000000000000, -1.000000000000000000 ) ) ;
#931 = VERTEX_POINT ( 'NONE', #1697 ) ;
#932 = ORIENTED_EDGE ( 'NONE', *, *, #1025, .T. ) ;
#933 = FACE_BOUND ( 'NONE', #871, .T. ) ;
#934 = DIRECTION ( 'NONE',  ( 0.000000000000000000, 1.000000000000000000, 0.000000000000000000 ) ) ;
#935 = EDGE_CURVE ( 'NONE', #1138, #1062, #197, .T. ) ;
#936 = LINE ( 'NONE', #1243, #1341 ) ;
#937 = ADVANCED_FACE ( 'NONE', ( #87 ), #1518, .F. ) ;
#938 = VERTEX_POINT ( 'NONE', #1831 ) ;
#939 = VECTOR ( 'NONE', #350, 1000.000000000000000 ) ;
#940 = FACE_OUTER_BOUND ( 'NONE', #1693, .T. ) ;
#941 = CIRCLE ( 'NONE', #1970, 1.750000000000001554 ) ;
#942 = EDGE_LOOP ( 'NONE', ( #901, #1282, #815, #131 ) ) ;
#943 = AXIS2_PLACEMENT_3D ( 'NONE', #638, #1606, #485 ) ;
#944 = LINE ( 'NONE', #1438, #138 ) ;
#945 = EDGE_CURVE ( 'NONE', #523, #1062, #113, .T. ) ;
#946 = CARTESIAN_POINT ( 'NONE',  ( 70.00000000000002842, -2.000000000000000000, 65.00000000000000000 ) ) ;
#947 = ADVANCED_FACE ( 'NONE', ( #2018, #1088, #913, #1867, #1542, #1370, #569, #1721, #275, #1221, #288, #263, #1378, #579, #714, #933, #1358, #432, #1078, #240, #72, #1678 ), #925, .F. ) ;
#948 = DIRECTION ( 'NONE',  ( 0.000000000000000000, 1.000000000000000000, 0.000000000000000000 ) ) ;
#949 = DIRECTION ( 'NONE',  ( 0.000000000000000000, 1.000000000000000000, 0.000000000000000000 ) ) ;
#950 = CIRCLE ( 'NONE', #335, 4.999999999999997335 ) ;
#951 = ORIENTED_EDGE ( 'NONE', *, *, #1054, .F. ) ;
#952 = DIRECTION ( 'NONE',  ( -0.000000000000000000, -1.000000000000000000, -0.000000000000000000 ) ) ;
#953 = AXIS2_PLACEMENT_3D ( 'NONE', #1363, #1055, #903 ) ;
#954 = CARTESIAN_POINT ( 'NONE',  ( -25.19999999999999218, 2.000000000000000000, 63.00000000000011369 ) ) ;
#955 = ORIENTED_EDGE ( 'NONE', *, *, #1273, .F. ) ;
#956 = ORIENTED_EDGE ( 'NONE', *, *, #2000, .F. ) ;
#957 = CARTESIAN_POINT ( 'NONE',  ( -63.00000000000011369, 2.000000000000000000, 1.750000000000006439 ) ) ;
#958 = DIRECTION ( 'NONE',  ( 0.000000000000000000, 1.000000000000000000, 0.000000000000000000 ) ) ;
#959 = ORIENTED_EDGE ( 'NONE', *, *, #558, .F. ) ;
#960 = DIRECTION ( 'NONE',  ( -0.000000000000000000, 1.000000000000000000, -0.000000000000000000 ) ) ;
#961 = CARTESIAN_POINT ( 'NONE',  ( 62.99999999999976552, -2.000000000000000000, -52.15000000000028280 ) ) ;
#962 = DIRECTION ( 'NONE',  ( 0.000000000000000000, 1.000000000000000000, 0.000000000000000000 ) ) ;
#963 = CARTESIAN_POINT ( 'NONE',  ( 62.99999999999992895, 2.000000000000000000, -23.44999999999975770 ) ) ;
#964 = ORIENTED_EDGE ( 'NONE', *, *, #623, .F. ) ;
#965 = VERTEX_POINT ( 'NONE', #1390 ) ;
#966 = EDGE_CURVE ( 'NONE', #567, #1652, #2044, .T. ) ;
#967 = CARTESIAN_POINT ( 'NONE',  ( 25.20000000000000639, -2.000000000000000000, 62.99999999999992895 ) ) ;
#968 = VECTOR ( 'NONE', #1074, 1000.000000000000000 ) ;
#969 = ADVANCED_FACE ( 'NONE', ( #124 ), #1456, .F. ) ;
#970 = AXIS2_PLACEMENT_3D ( 'NONE', #303, #1413, #896 ) ;
#971 = CARTESIAN_POINT ( 'NONE',  ( 63.00000000000011369, 2.000000000000000000, 23.44999999999980034 ) ) ;
#972 = AXIS2_PLACEMENT_3D ( 'NONE', #1011, #1503, #701 ) ;
#973 = ORIENTED_EDGE ( 'NONE', *, *, #1309, .F. ) ;
#974 = ORIENTED_EDGE ( 'NONE', *, *, #101, .T. ) ;
#975 = ORIENTED_EDGE ( 'NONE', *, *, #311, .T. ) ;
#976 = CARTESIAN_POINT ( 'NONE',  ( -69.99999999999998579, -2.000000000000000000, 65.00000000000000000 ) ) ;
#977 = CARTESIAN_POINT ( 'NONE',  ( 50.40000000000000568, -2.000000000000000000, 64.74999999999977263 ) ) ;
#978 = ORIENTED_EDGE ( 'NONE', *, *, #1818, .T. ) ;
#979 = VECTOR ( 'NONE', #253, 1000.000000000000000 ) ;
#980 = CIRCLE ( 'NONE', #1780, 1.749999999999994671 ) ;
#981 = EDGE_CURVE ( 'NONE', #648, #931, #424, .T. ) ;
#982 = VERTEX_POINT ( 'NONE', #1448 ) ;
#983 = CARTESIAN_POINT ( 'NONE',  ( 50.39999999999999858, -2.000000000000000000, -61.25000000000010658 ) ) ;
#984 = ORIENTED_EDGE ( 'NONE', *, *, #379, .F. ) ;
#985 = VERTEX_POINT ( 'NONE', #1782 ) ;
#986 = LINE ( 'NONE', #887, #50 ) ;
#987 = ORIENTED_EDGE ( 'NONE', *, *, #1330, .F. ) ;
#988 = CARTESIAN_POINT ( 'NONE',  ( -50.39999999999999858, -2.000000000000000000, -61.24999999999976552 ) ) ;
#989 = DIRECTION ( 'NONE',  ( 0.000000000000000000, 1.000000000000000000, 0.000000000000000000 ) ) ;
#990 = ORIENTED_EDGE ( 'NONE', *, *, #1457, .F. ) ;
#991 = PRESENTATION_STYLE_ASSIGNMENT (( #682 ) ) ;
#992 = VERTEX_POINT ( 'NONE', #214 ) ;
#993 = ADVANCED_FACE ( 'NONE', ( #1336, #190, #856, #1493, #824, #1485, #1152, #695, #6, #1793, #670, #591, #565, #1525, #1671, #67, #257, #713, #1354, #1841, #1998, #892 ), #236, .T. ) ;
#994 = ORIENTED_EDGE ( 'NONE', *, *, #1899, .F. ) ;
#995 = EDGE_CURVE ( 'NONE', #47, #98, #552, .T. ) ;
#996 = CARTESIAN_POINT ( 'NONE',  ( -25.19999999999999218, -2.000000000000000000, 63.00000000000011369 ) ) ;
#997 = EDGE_LOOP ( 'NONE', ( #1798, #1926, #1717, #1155 ) ) ;
#998 = CARTESIAN_POINT ( 'NONE',  ( 62.99999999999976552, 2.000000000000000000, -52.15000000000028280 ) ) ;
#999 = DIRECTION ( 'NONE',  ( 0.000000000000000000, -0.7071067811865461294, 0.7071067811865489050 ) ) ;
#1000 = CIRCLE ( 'NONE', #684, 1.749999999999994671 ) ;
#1001 = ORIENTED_EDGE ( 'NONE', *, *, #834, .F. ) ;
#1002 = AXIS2_PLACEMENT_3D ( 'NONE', #248, #1527, #1366 ) ;
#1003 = ORIENTED_EDGE ( 'NONE', *, *, #1826, .F. ) ;
#1004 = VERTEX_POINT ( 'NONE', #910 ) ;
#1005 = CIRCLE ( 'NONE', #763, 5.000000000000004441 ) ;
#1006 = ORIENTED_EDGE ( 'NONE', *, *, #1457, .T. ) ;
#1007 = AXIS2_PLACEMENT_3D ( 'NONE', #1976, #1739, #1258 ) ;
#1008 = ORIENTED_EDGE ( 'NONE', *, *, #699, .F. ) ;
#1009 = CARTESIAN_POINT ( 'NONE',  ( -62.99999999999992895, 2.000000000000000000, 23.45000000000001350 ) ) ;
#1010 = EDGE_CURVE ( 'NONE', #723, #1387, #825, .T. ) ;
#1011 = CARTESIAN_POINT ( 'NONE',  ( -25.19999999999999218, 2.000000000000000000, 63.00000000000011369 ) ) ;
#1012 = DIRECTION ( 'NONE',  ( 0.000000000000000000, 0.000000000000000000, 1.000000000000000000 ) ) ;
#1013 = CARTESIAN_POINT ( 'NONE',  ( -62.99999999999992895, 2.000000000000000000, 25.20000000000000639 ) ) ;
#1014 = VECTOR ( 'NONE', #538, 1000.000000000000000 ) ;
#1015 = DIRECTION ( 'NONE',  ( 0.000000000000000000, 1.000000000000000000, 0.000000000000000000 ) ) ;
#1016 = VECTOR ( 'NONE', #639, 1000.000000000000000 ) ;
#1017 = ORIENTED_EDGE ( 'NONE', *, *, #1756, .T. ) ;
#1018 = ORIENTED_EDGE ( 'NONE', *, *, #1818, .F. ) ;
#1019 = DIRECTION ( 'NONE',  ( -0.000000000000000000, -1.000000000000000000, -0.000000000000000000 ) ) ;
#1020 = DIRECTION ( 'NONE',  ( 0.000000000000000000, 1.000000000000000000, 0.000000000000000000 ) ) ;
#1021 = CARTESIAN_POINT ( 'NONE',  ( -52.00000000000000000, -2.000000000000028866, 47.00000000000000000 ) ) ;
#1022 = ORIENTED_EDGE ( 'NONE', *, *, #1568, .T. ) ;
#1023 = LINE ( 'NONE', #207, #1544 ) ;
#1024 = ORIENTED_EDGE ( 'NONE', *, *, #1195, .T. ) ;
#1025 = EDGE_CURVE ( 'NONE', #1286, #1295, #734, .T. ) ;
#1026 = AXIS2_PLACEMENT_3D ( 'NONE', #42, #1164, #1654 ) ;
#1027 = EDGE_CURVE ( 'NONE', #1502, #840, #1000, .T. ) ;
#1028 = VERTEX_POINT ( 'NONE', #1864 ) ;
#1029 = FACE_OUTER_BOUND ( 'NONE', #1318, .T. ) ;
#1030 = CIRCLE ( 'NONE', #159, 1.750000000000001554 ) ;
#1031 = CARTESIAN_POINT ( 'NONE',  ( 25.20000000000000639, 2.000000000000000000, 62.99999999999992895 ) ) ;
#1032 = VECTOR ( 'NONE', #1037, 1000.000000000000000 ) ;
#1033 = ORIENTED_EDGE ( 'NONE', *, *, #1393, .F. ) ;
#1034 = CARTESIAN_POINT ( 'NONE',  ( 47.00000000000000711, -2.000000000000028866, 52.00000000000000000 ) ) ;
#1035 = CIRCLE ( 'NONE', #1775, 1.750000000000001554 ) ;
#1036 = EDGE_CURVE ( 'NONE', #1323, #1287, #1988, .T. ) ;
#1037 = DIRECTION ( 'NONE',  ( -0.000000000000000000, -1.000000000000000000, -0.000000000000000000 ) ) ;
#1038 = AXIS2_PLACEMENT_3D ( 'NONE', #1091, #1257, #607 ) ;
#1039 = CIRCLE ( 'NONE', #235, 1.750000000000001554 ) ;
#1040 = LINE ( 'NONE', #536, #1768 ) ;
#1041 = LINE ( 'NONE', #1718, #619 ) ;
#1042 = VERTEX_POINT ( 'NONE', #1708 ) ;
#1043 = ORIENTED_EDGE ( 'NONE', *, *, #184, .T. ) ;
#1044 = EDGE_LOOP ( 'NONE', ( #1855, #975, #786, #576 ) ) ;
#1045 = ORIENTED_EDGE ( 'NONE', *, *, #1896, .T. ) ;
#1046 = DIRECTION ( 'NONE',  ( -0.000000000000000000, -1.000000000000000000, -0.000000000000000000 ) ) ;
#1047 = VERTEX_POINT ( 'NONE', #271 ) ;
#1048 = DIRECTION ( 'NONE',  ( -0.000000000000000000, -1.000000000000000000, -0.000000000000000000 ) ) ;
#1049 = DIRECTION ( 'NONE',  ( 0.000000000000000000, 0.000000000000000000, 1.000000000000000000 ) ) ;
#1050 = ADVANCED_FACE ( 'NONE', ( #923 ), #1386, .F. ) ;
#1051 = DIRECTION ( 'NONE',  ( 0.000000000000000000, 0.000000000000000000, 1.000000000000000000 ) ) ;
#1052 = ORIENTED_EDGE ( 'NONE', *, *, #771, .T. ) ;
#1053 = ORIENTED_EDGE ( 'NONE', *, *, #374, .T. ) ;
#1054 = EDGE_CURVE ( 'NONE', #1975, #757, #46, .T. ) ;
#1055 = DIRECTION ( 'NONE',  ( 0.000000000000000000, 1.000000000000000000, 0.000000000000000000 ) ) ;
#1056 = CARTESIAN_POINT ( 'NONE',  ( -25.19999999999999929, 2.000000000000000000, -62.99999999999992895 ) ) ;
#1057 = CARTESIAN_POINT ( 'NONE',  ( -63.00000000000011369, 2.000000000000000000, -26.94999999999998863 ) ) ;
#1058 = DIRECTION ( 'NONE',  ( 0.000000000000000000, 1.000000000000000000, 0.000000000000000000 ) ) ;
#1059 = DIRECTION ( 'NONE',  ( 0.000000000000000000, 1.000000000000000000, 0.000000000000000000 ) ) ;
#1060 = ORIENTED_EDGE ( 'NONE', *, *, #276, .T. ) ;
#1061 = CARTESIAN_POINT ( 'NONE',  ( 62.99999999999976552, 2.000000000000000000, -50.40000000000000568 ) ) ;
#1062 = VERTEX_POINT ( 'NONE', #1707 ) ;
#1063 = DIRECTION ( 'NONE',  ( -0.000000000000000000, -0.7071067811865489050, -0.7071067811865461294 ) ) ;
#1064 = ORIENTED_EDGE ( 'NONE', *, *, #1601, .T. ) ;
#1065 = CARTESIAN_POINT ( 'NONE',  ( -50.39999999999999147, 2.000000000000000000, 64.75000000000011369 ) ) ;
#1066 = DIRECTION ( 'NONE',  ( 0.000000000000000000, -1.000000000000000000, 0.000000000000000000 ) ) ;
#1067 = VECTOR ( 'NONE', #269, 1000.000000000000000 ) ;
#1068 = VERTEX_POINT ( 'NONE', #281 ) ;
#1069 = DIRECTION ( 'NONE',  ( -0.000000000000000000, -1.000000000000000000, -0.000000000000000000 ) ) ;
#1070 = CARTESIAN_POINT ( 'NONE',  ( 65.00000000000002842, -2.000000000000000000, 65.00000000000000000 ) ) ;
#1071 = DIRECTION ( 'NONE',  ( 0.000000000000000000, 1.000000000000000000, 0.000000000000000000 ) ) ;
#1072 = EDGE_CURVE ( 'NONE', #1199, #285, #2041, .T. ) ;
#1073 = CIRCLE ( 'NONE', #127, 1.749999999999994671 ) ;
#1074 = DIRECTION ( 'NONE',  ( 1.000000000000000000, 0.000000000000000000, 0.000000000000000000 ) ) ;
#1075 = ORIENTED_EDGE ( 'NONE', *, *, #151, .F. ) ;
#1076 = CARTESIAN_POINT ( 'NONE',  ( -2.490333468844531319E-17, 2.000000000000000000, -64.75000000000011369 ) ) ;
#1077 = EDGE_LOOP ( 'NONE', ( #191, #319, #1119, #249 ) ) ;
#1078 = FACE_BOUND ( 'NONE', #1625, .T. ) ;
#1079 = DIRECTION ( 'NONE',  ( -0.000000000000000000, -1.000000000000000000, -0.000000000000000000 ) ) ;
#1080 = DIRECTION ( 'NONE',  ( 0.000000000000000000, 0.000000000000000000, -1.000000000000000000 ) ) ;
#1081 = DIRECTION ( 'NONE',  ( 0.000000000000000000, 0.000000000000000000, 1.000000000000000000 ) ) ;
#1082 = CIRCLE ( 'NONE', #1338, 1.749999999999996225 ) ;
#1083 = ORIENTED_EDGE ( 'NONE', *, *, #201, .F. ) ;
#1084 = AXIS2_PLACEMENT_3D ( 'NONE', #1700, #581, #75 ) ;
#1085 = CARTESIAN_POINT ( 'NONE',  ( 62.99999999999992895, 2.000000000000000000, -26.95000000000024798 ) ) ;
#1086 = EDGE_CURVE ( 'NONE', #292, #1265, #404, .T. ) ;
#1087 = ORIENTED_EDGE ( 'NONE', *, *, #995, .T. ) ;
#1088 = FACE_BOUND ( 'NONE', #1686, .T. ) ;
#1089 = EDGE_CURVE ( 'NONE', #1182, #1557, #1391, .T. ) ;
#1090 = DIRECTION ( 'NONE',  ( 0.000000000000000000, 0.000000000000000000, 1.000000000000000000 ) ) ;
#1091 = CARTESIAN_POINT ( 'NONE',  ( 6.938893903907228378E-15, 2.000000000000000000, 63.00000000000011369 ) ) ;
#1092 = ORIENTED_EDGE ( 'NONE', *, *, #129, .F. ) ;
#1093 = LINE ( 'NONE', #554, #720 ) ;
#1094 = CARTESIAN_POINT ( 'NONE',  ( 25.19999999999999929, 2.000000000000000000, -63.00000000000011369 ) ) ;
#1095 = CARTESIAN_POINT ( 'NONE',  ( 52.00000000000002132, -2.000000000000000000, 47.00000000000000000 ) ) ;
#1096 = ORIENTED_EDGE ( 'NONE', *, *, #1184, .F. ) ;
#1097 = EDGE_CURVE ( 'NONE', #406, #333, #1496, .T. ) ;
#1098 = DIRECTION ( 'NONE',  ( 0.000000000000000000, 1.000000000000000000, 0.000000000000000000 ) ) ;
#1099 = ADVANCED_FACE ( 'NONE', ( #1250 ), #1377, .T. ) ;
#1100 = DIRECTION ( 'NONE',  ( 0.000000000000000000, 1.000000000000000000, 0.000000000000000000 ) ) ;
#1101 = CARTESIAN_POINT ( 'NONE',  ( 62.99999999999976552, 2.000000000000000000, -50.40000000000000568 ) ) ;
#1102 = VERTEX_POINT ( 'NONE', #1884 ) ;
#1103 = VECTOR ( 'NONE', #1875, 1000.000000000000000 ) ;
#1104 = LINE ( 'NONE', #421, #625 ) ;
#1105 = AXIS2_PLACEMENT_3D ( 'NONE', #1811, #1459, #1638 ) ;
#1106 = ORIENTED_EDGE ( 'NONE', *, *, #1133, .F. ) ;
#1107 = AXIS2_PLACEMENT_3D ( 'NONE', #915, #1409, #1231 ) ;
#1108 = ORIENTED_EDGE ( 'NONE', *, *, #412, .T. ) ;
#1109 = LINE ( 'NONE', #1748, #687 ) ;
#1110 = CARTESIAN_POINT ( 'NONE',  ( 63.00000000000011369, -2.000000000000000000, 25.19999999999999929 ) ) ;
#1111 = CARTESIAN_POINT ( 'NONE',  ( 62.99999999999992895, -2.000000000000000000, -25.20000000000000284 ) ) ;
#1112 = DIRECTION ( 'NONE',  ( 0.000000000000000000, 0.000000000000000000, 1.000000000000000000 ) ) ;
#1113 = CIRCLE ( 'NONE', #231, 1.750000000000001554 ) ;
#1114 = ORIENTED_EDGE ( 'NONE', *, *, #1513, .F. ) ;
#1115 = DIRECTION ( 'NONE',  ( 0.000000000000000000, 1.000000000000000000, 0.000000000000000000 ) ) ;
#1116 = CIRCLE ( 'NONE', #59, 4.999999999999997335 ) ;
#1117 = LINE ( 'NONE', #806, #804 ) ;
#1118 = EDGE_CURVE ( 'NONE', #406, #514, #1455, .T. ) ;
#1119 = ORIENTED_EDGE ( 'NONE', *, *, #535, .F. ) ;
#1120 = DIRECTION ( 'NONE',  ( 0.000000000000000000, 0.000000000000000000, 1.000000000000000000 ) ) ;
#1121 = EDGE_CURVE ( 'NONE', #305, #1047, #11, .T. ) ;
#1122 = VERTEX_POINT ( 'NONE', #1789 ) ;
#1123 = ORIENTED_EDGE ( 'NONE', *, *, #443, .F. ) ;
#1124 = CARTESIAN_POINT ( 'NONE',  ( 50.39999999999999858, 2.000000000000000000, -61.25000000000010658 ) ) ;
#1125 = LINE ( 'NONE', #450, #1016 ) ;
#1126 = EDGE_LOOP ( 'NONE', ( #468, #1833, #2007, #811 ) ) ;
#1127 = DIRECTION ( 'NONE',  ( -0.7071067811865495711, -0.7071067811865454633, 0.000000000000000000 ) ) ;
#1128 = AXIS2_PLACEMENT_3D ( 'NONE', #761, #1058, #732 ) ;
#1129 = ORIENTED_EDGE ( 'NONE', *, *, #499, .T. ) ;
#1130 = DIRECTION ( 'NONE',  ( 0.000000000000000000, 0.000000000000000000, 1.000000000000000000 ) ) ;
#1131 = DIRECTION ( 'NONE',  ( 0.000000000000000000, 1.000000000000000000, 0.000000000000000000 ) ) ;
#1132 = CIRCLE ( 'NONE', #222, 1.749999999999994671 ) ;
#1133 = EDGE_CURVE ( 'NONE', #1557, #1182, #1298, .T. ) ;
#1134 = AXIS2_PLACEMENT_3D ( 'NONE', #342, #850, #241 ) ;
#1135 = FACE_OUTER_BOUND ( 'NONE', #1847, .T. ) ;
#1136 = AXIS2_PLACEMENT_3D ( 'NONE', #1947, #315, #1472 ) ;
#1137 = CARTESIAN_POINT ( 'NONE',  ( 63.00000000000011369, 2.000000000000000000, 26.95000000000019824 ) ) ;
#1138 = VERTEX_POINT ( 'NONE', #2014 ) ;
#1139 = DIRECTION ( 'NONE',  ( -0.000000000000000000, -1.000000000000000000, -0.000000000000000000 ) ) ;
#1140 = AXIS2_PLACEMENT_3D ( 'NONE', #2037, #1248, #2060 ) ;
#1141 = LINE ( 'NONE', #1781, #1201 ) ;
#1142 = AXIS2_PLACEMENT_3D ( 'NONE', #107, #583, #1081 ) ;
#1143 = ADVANCED_FACE ( 'NONE', ( #1284 ), #1936, .F. ) ;
#1144 = VECTOR ( 'NONE', #1589, 1000.000000000000000 ) ;
#1145 = DIRECTION ( 'NONE',  ( 0.000000000000000000, -1.000000000000000000, 0.000000000000000000 ) ) ;
#1146 = EDGE_CURVE ( 'NONE', #1028, #285, #1109, .T. ) ;
#1147 = ORIENTED_EDGE ( 'NONE', *, *, #2053, .T. ) ;
#1148 = DIRECTION ( 'NONE',  ( 0.000000000000000000, 0.000000000000000000, 1.000000000000000000 ) ) ;
#1149 = ORIENTED_EDGE ( 'NONE', *, *, #1799, .F. ) ;
#1150 = CARTESIAN_POINT ( 'NONE',  ( -25.19999999999999929, 2.000000000000000000, -61.24999999999992895 ) ) ;
#1151 = DIRECTION ( 'NONE',  ( 0.000000000000000000, 0.000000000000000000, 1.000000000000000000 ) ) ;
#1152 = FACE_BOUND ( 'NONE', #419, .T. ) ;
#1153 = EDGE_LOOP ( 'NONE', ( #1, #1940 ) ) ;
#1154 = SURFACE_SIDE_STYLE ('',( #663 ) ) ;
#1155 = ORIENTED_EDGE ( 'NONE', *, *, #1168, .F. ) ;
#1156 = EDGE_CURVE ( 'NONE', #1042, #1323, #1531, .T. ) ;
#1157 = DIRECTION ( 'NONE',  ( -0.000000000000000000, -1.000000000000000000, -0.000000000000000000 ) ) ;
#1158 = DIRECTION ( 'NONE',  ( 0.000000000000000000, 1.000000000000000000, 0.000000000000000000 ) ) ;
#1159 = DIRECTION ( 'NONE',  ( 0.000000000000000000, 1.000000000000000000, 0.000000000000000000 ) ) ;
#1160 = VECTOR ( 'NONE', #357, 1000.000000000000000 ) ;
#1161 = DIRECTION ( 'NONE',  ( -0.000000000000000000, -1.000000000000000000, -0.000000000000000000 ) ) ;
#1162 = AXIS2_PLACEMENT_3D ( 'NONE', #2063, #1131, #1767 ) ;
#1163 = ORIENTED_EDGE ( 'NONE', *, *, #2097, .F. ) ;
#1164 = DIRECTION ( 'NONE',  ( 0.000000000000000000, 1.000000000000000000, 0.000000000000000000 ) ) ;
#1165 = AXIS2_PLACEMENT_3D ( 'NONE', #1255, #1079, #2065 ) ;
#1166 = ORIENTED_EDGE ( 'NONE', *, *, #1089, .T. ) ;
#1167 = AXIS2_PLACEMENT_3D ( 'NONE', #676, #353, #1315 ) ;
#1168 = EDGE_CURVE ( 'NONE', #1653, #1265, #1422, .T. ) ;
#1169 = CARTESIAN_POINT ( 'NONE',  ( -50.39999999999999147, 2.000000000000000000, 63.00000000000011369 ) ) ;
#1170 = AXIS2_PLACEMENT_3D ( 'NONE', #239, #1220, #1517 ) ;
#1171 = CARTESIAN_POINT ( 'NONE',  ( 50.39999999999999858, 2.000000000000000000, -63.00000000000011369 ) ) ;
#1172 = ORIENTED_EDGE ( 'NONE', *, *, #1524, .F. ) ;
#1173 = ADVANCED_FACE ( 'NONE', ( #1446 ), #1565, .F. ) ;
#1174 = DIRECTION ( 'NONE',  ( 0.000000000000000000, 0.000000000000000000, 1.000000000000000000 ) ) ;
#1175 = CARTESIAN_POINT ( 'NONE',  ( 63.00000000000011369, 2.000000000000000000, -6.938893903907228378E-15 ) ) ;
#1176 = CARTESIAN_POINT ( 'NONE',  ( 70.00000000000000000, 2.000000000000000000, -70.00000000000000000 ) ) ;
#1177 = VERTEX_POINT ( 'NONE', #2092 ) ;
#1178 = CARTESIAN_POINT ( 'NONE',  ( -70.00000000000000000, 2.000000000000000000, -70.00000000000000000 ) ) ;
#1179 = VECTOR ( 'NONE', #2098, 1000.000000000000000 ) ;
#1180 = CYLINDRICAL_SURFACE ( 'NONE', #2072, 4.999999999999997335 ) ;
#1181 = AXIS2_PLACEMENT_3D ( 'NONE', #1755, #1414, #930 ) ;
#1182 = VERTEX_POINT ( 'NONE', #977 ) ;
#1183 = CARTESIAN_POINT ( 'NONE',  ( -65.00000000000000000, -2.000000000000000000, -65.00000000000000000 ) ) ;
#1184 = EDGE_CURVE ( 'NONE', #1650, #567, #828, .T. ) ;
#1185 = CARTESIAN_POINT ( 'NONE',  ( 25.19999999999999929, 2.000000000000000000, -63.00000000000011369 ) ) ;
#1186 = CARTESIAN_POINT ( 'NONE',  ( 50.39999999999999858, 2.000000000000000000, -64.75000000000011369 ) ) ;
#1187 = EDGE_CURVE ( 'NONE', #1251, #2019, #1659, .T. ) ;
#1188 = ORIENTED_EDGE ( 'NONE', *, *, #31, .F. ) ;
#1189 = DIRECTION ( 'NONE',  ( -0.7071067811865461294, -0.7071067811865489050, 0.000000000000000000 ) ) ;
#1190 = VERTEX_POINT ( 'NONE', #1608 ) ;
#1191 = CARTESIAN_POINT ( 'NONE',  ( -25.19999999999999929, 2.000000000000000000, -64.74999999999992895 ) ) ;
#1192 = ORIENTED_EDGE ( 'NONE', *, *, #1036, .F. ) ;
#1193 = DIRECTION ( 'NONE',  ( 0.000000000000000000, 1.000000000000000000, 0.000000000000000000 ) ) ;
#1194 = CARTESIAN_POINT ( 'NONE',  ( -2.490333468844531319E-17, -2.000000000000000000, -63.00000000000011369 ) ) ;
#1195 = EDGE_CURVE ( 'NONE', #885, #1674, #1141, .T. ) ;
#1196 = CARTESIAN_POINT ( 'NONE',  ( -25.19999999999999218, 2.000000000000000000, 64.75000000000011369 ) ) ;
#1197 = EDGE_LOOP ( 'NONE', ( #38, #2054, #431, #973 ) ) ;
#1198 = VECTOR ( 'NONE', #1553, 1000.000000000000000 ) ;
#1199 = VERTEX_POINT ( 'NONE', #988 ) ;
#1200 = CARTESIAN_POINT ( 'NONE',  ( 50.39999999999999858, 2.000000000000000000, -64.75000000000011369 ) ) ;
#1201 = VECTOR ( 'NONE', #345, 1000.000000000000114 ) ;
#1202 = VERTEX_POINT ( 'NONE', #189 ) ;
#1203 = CARTESIAN_POINT ( 'NONE',  ( -63.00000000000011369, 2.000000000000000000, -23.44999999999999929 ) ) ;
#1204 = AXIS2_PLACEMENT_3D ( 'NONE', #1894, #144, #1090 ) ;
#1205 = DIRECTION ( 'NONE',  ( 0.000000000000000000, 0.000000000000000000, -1.000000000000000000 ) ) ;
#1206 = CIRCLE ( 'NONE', #527, 9.000000000000042633 ) ;
#1207 = EDGE_LOOP ( 'NONE', ( #1634, #628, #1043, #457 ) ) ;
#1208 = COLOUR_RGB ( '',1.000000000000000000, 1.000000000000000000, 1.000000000000000000 ) ;
#1209 = CARTESIAN_POINT ( 'NONE',  ( 25.19999999999999929, 2.000000000000000000, -61.25000000000010658 ) ) ;
#1210 = EDGE_LOOP ( 'NONE', ( #10, #617, #344, #764 ) ) ;
#1211 = ADVANCED_FACE ( 'NONE', ( #1893 ), #1738, .F. ) ;
#1212 = VERTEX_POINT ( 'NONE', #508 ) ;
#1213 = CIRCLE ( 'NONE', #400, 4.999999999999997335 ) ;
#1214 = EDGE_CURVE ( 'NONE', #840, #1502, #1132, .T. ) ;
#1215 = ORIENTED_EDGE ( 'NONE', *, *, #1249, .F. ) ;
#1216 = CYLINDRICAL_SURFACE ( 'NONE', #161, 1.749999999999994671 ) ;
#1217 = DIRECTION ( 'NONE',  ( -0.000000000000000000, -1.000000000000000000, -0.000000000000000000 ) ) ;
#1218 = DIRECTION ( 'NONE',  ( 0.000000000000000000, -0.000000000000000000, 1.000000000000000000 ) ) ;
#1219 = ORIENTED_EDGE ( 'NONE', *, *, #311, .F. ) ;
#1220 = DIRECTION ( 'NONE',  ( 0.000000000000000000, 0.000000000000000000, 1.000000000000000000 ) ) ;
#1221 = FACE_BOUND ( 'NONE', #2096, .T. ) ;
#1222 = DIRECTION ( 'NONE',  ( 0.000000000000000000, -1.000000000000000000, 0.000000000000000000 ) ) ;
#1223 = ORIENTED_EDGE ( 'NONE', *, *, #1706, .T. ) ;
#1224 = CYLINDRICAL_SURFACE ( 'NONE', #1945, 1.749999999999994671 ) ;
#1225 = ADVANCED_FACE ( 'NONE', ( #373 ), #870, .F. ) ;
#1226 = ORIENTED_EDGE ( 'NONE', *, *, #1978, .F. ) ;
#1227 = CARTESIAN_POINT ( 'NONE',  ( -52.00000000000000000, -2.000000000000000000, -52.00000000000002132 ) ) ;
#1228 = DIRECTION ( 'NONE',  ( -0.000000000000000000, -1.000000000000000000, -0.000000000000000000 ) ) ;
#1229 = CARTESIAN_POINT ( 'NONE',  ( 65.00000000000002842, 2.000000000000000000, 65.00000000000000000 ) ) ;
#1230 = DIRECTION ( 'NONE',  ( 0.000000000000000000, 1.000000000000000000, 0.000000000000000000 ) ) ;
#1231 = DIRECTION ( 'NONE',  ( 0.000000000000000000, 0.000000000000000000, 1.000000000000000000 ) ) ;
#1232 = CYLINDRICAL_SURFACE ( 'NONE', #1598, 1.750000000000001554 ) ;
#1233 = AXIS2_PLACEMENT_3D ( 'NONE', #1632, #1189, #194 ) ;
#1234 = AXIS2_PLACEMENT_3D ( 'NONE', #1185, #678, #223 ) ;
#1235 = DIRECTION ( 'NONE',  ( -0.000000000000000000, -1.000000000000000000, -0.000000000000000000 ) ) ;
#1236 = CIRCLE ( 'NONE', #970, 1.750000000000001554 ) ;
#1237 = DIRECTION ( 'NONE',  ( 0.000000000000000000, 0.000000000000000000, 1.000000000000000000 ) ) ;
#1238 = ADVANCED_FACE ( 'NONE', ( #1969 ), #853, .F. ) ;
#1239 = VECTOR ( 'NONE', #188, 1000.000000000000000 ) ;
#1240 = CARTESIAN_POINT ( 'NONE',  ( 50.40000000000000568, 2.000000000000000000, 62.99999999999976552 ) ) ;
#1241 = DIRECTION ( 'NONE',  ( 0.000000000000000000, 0.000000000000000000, 1.000000000000000000 ) ) ;
#1242 = DIRECTION ( 'NONE',  ( 0.000000000000000000, 0.000000000000000000, 1.000000000000000000 ) ) ;
#1243 = CARTESIAN_POINT ( 'NONE',  ( 62.99999999999976552, 2.000000000000000000, -48.64999999999973568 ) ) ;
#1244 = CIRCLE ( 'NONE', #662, 1.750000000000168088 ) ;
#1245 = ORIENTED_EDGE ( 'NONE', *, *, #862, .T. ) ;
#1246 = AXIS2_PLACEMENT_3D ( 'NONE', #633, #504, #491 ) ;
#1247 = DIRECTION ( 'NONE',  ( 8.326672684688666165E-15, 0.000000000000000000, 1.000000000000000000 ) ) ;
#1248 = DIRECTION ( 'NONE',  ( -0.000000000000000000, -1.000000000000000000, -0.000000000000000000 ) ) ;
#1249 = EDGE_CURVE ( 'NONE', #541, #1369, #1999, .T. ) ;
#1250 = FACE_OUTER_BOUND ( 'NONE', #922, .T. ) ;
#1251 = VERTEX_POINT ( 'NONE', #17 ) ;
#1252 = DIRECTION ( 'NONE',  ( 0.000000000000000000, -1.000000000000000000, 0.000000000000000000 ) ) ;
#1253 = EDGE_CURVE ( 'NONE', #1202, #690, #1627, .T. ) ;
#1254 = DIRECTION ( 'NONE',  ( 0.000000000000000000, 0.000000000000000000, 1.000000000000000000 ) ) ;
#1255 = CARTESIAN_POINT ( 'NONE',  ( -50.39999999999999858, 2.000000000000000000, -62.99999999999976552 ) ) ;
#1256 = DIRECTION ( 'NONE',  ( 0.000000000000000000, 0.000000000000000000, -1.000000000000000000 ) ) ;
#1257 = DIRECTION ( 'NONE',  ( -0.000000000000000000, -1.000000000000000000, -0.000000000000000000 ) ) ;
#1258 = DIRECTION ( 'NONE',  ( 0.000000000000000000, 0.000000000000000000, -1.000000000000000000 ) ) ;
#1259 = FACE_OUTER_BOUND ( 'NONE', #650, .T. ) ;
#1260 = ORIENTED_EDGE ( 'NONE', *, *, #557, .T. ) ;
#1261 = DIRECTION ( 'NONE',  ( -0.000000000000000000, -1.000000000000000000, -0.000000000000000000 ) ) ;
#1262 = APPLICATION_CONTEXT ( 'automotive_design' ) ;
#1263 = AXIS2_PLACEMENT_3D ( 'NONE', #2086, #338, #1411 ) ;
#1264 = CARTESIAN_POINT ( 'NONE',  ( 63.00000000000011369, 2.000000000000000000, -1.750000000000220490 ) ) ;
#1265 = VERTEX_POINT ( 'NONE', #29 ) ;
#1266 = DIRECTION ( 'NONE',  ( -1.000000000000000000, -0.000000000000000000, -0.000000000000000000 ) ) ;
#1267 = CIRCLE ( 'NONE', #361, 1.750000000000001554 ) ;
#1268 = AXIS2_PLACEMENT_3D ( 'NONE', #495, #1616, #819 ) ;
#1269 = DIRECTION ( 'NONE',  ( -0.000000000000000000, -1.000000000000000000, -0.000000000000000000 ) ) ;
#1270 =( GEOMETRIC_REPRESENTATION_CONTEXT ( 3 ) GLOBAL_UNCERTAINTY_ASSIGNED_CONTEXT ( ( #220 ) ) GLOBAL_UNIT_ASSIGNED_CONTEXT ( ( #21, #1807, #7 ) ) REPRESENTATION_CONTEXT ( 'NONE', 'WORKASPACE' ) );
#1271 = EDGE_CURVE ( 'NONE', #1694, #292, #762, .T. ) ;
#1272 = DIRECTION ( 'NONE',  ( 0.000000000000000000, 0.000000000000000000, 1.000000000000000000 ) ) ;
#1273 = EDGE_CURVE ( 'NONE', #519, #1190, #1030, .T. ) ;
#1274 = ORIENTED_EDGE ( 'NONE', *, *, #1826, .T. ) ;
#1275 = AXIS2_PLACEMENT_3D ( 'NONE', #1101, #1729, #1772 ) ;
#1276 = EDGE_LOOP ( 'NONE', ( #460, #1274 ) ) ;
#1277 = DIRECTION ( 'NONE',  ( 0.000000000000000000, 1.000000000000000000, 0.000000000000000000 ) ) ;
#1278 = EDGE_LOOP ( 'NONE', ( #1815, #472, #956, #1989 ) ) ;
#1279 = ORIENTED_EDGE ( 'NONE', *, *, #1054, .T. ) ;
#1280 = EDGE_CURVE ( 'NONE', #514, #2033, #525, .T. ) ;
#1281 = CYLINDRICAL_SURFACE ( 'NONE', #1371, 1.749999999999996225 ) ;
#1282 = ORIENTED_EDGE ( 'NONE', *, *, #1415, .F. ) ;
#1283 = ORIENTED_EDGE ( 'NONE', *, *, #1027, .T. ) ;
#1284 = FACE_OUTER_BOUND ( 'NONE', #205, .T. ) ;
#1285 = CARTESIAN_POINT ( 'NONE',  ( -63.00000000000011369, -2.000000000000000000, 1.040834085586084257E-14 ) ) ;
#1286 = VERTEX_POINT ( 'NONE', #692 ) ;
#1287 = VERTEX_POINT ( 'NONE', #1474 ) ;
#1288 = CARTESIAN_POINT ( 'NONE',  ( 65.00000000000000000, -2.000000000000000000, -65.00000000000000000 ) ) ;
#1289 = ORIENTED_EDGE ( 'NONE', *, *, #1382, .F. ) ;
#1290 = DIRECTION ( 'NONE',  ( 0.000000000000000000, 0.000000000000000000, 1.000000000000000000 ) ) ;
#1291 = LINE ( 'NONE', #1745, #1403 ) ;
#1292 = ADVANCED_FACE ( 'NONE', ( #1335 ), #667, .F. ) ;
#1293 = COLOUR_RGB ( '',1.000000000000000000, 1.000000000000000000, 1.000000000000000000 ) ;
#1294 = ORIENTED_EDGE ( 'NONE', *, *, #39, .T. ) ;
#1295 = VERTEX_POINT ( 'NONE', #702 ) ;
#1296 = CARTESIAN_POINT ( 'NONE',  ( -50.39999999999999858, -2.000000000000000000, -62.99999999999976552 ) ) ;
#1297 = DIRECTION ( 'NONE',  ( -0.000000000000000000, -1.000000000000000000, -0.000000000000000000 ) ) ;
#1298 = CIRCLE ( 'NONE', #1002, 1.750000000000001554 ) ;
#1299 = LINE ( 'NONE', #347, #261 ) ;
#1300 = ADVANCED_FACE ( 'NONE', ( #1958 ), #537, .F. ) ;
#1301 = VECTOR ( 'NONE', #464, 1000.000000000000000 ) ;
#1302 = ORIENTED_EDGE ( 'NONE', *, *, #646, .T. ) ;
#1303 = LINE ( 'NONE', #1914, #1624 ) ;
#1304 = VERTEX_POINT ( 'NONE', #515 ) ;
#1305 = DIRECTION ( 'NONE',  ( 0.000000000000000000, 0.000000000000000000, -1.000000000000000000 ) ) ;
#1306 = EDGE_CURVE ( 'NONE', #1295, #132, #82, .T. ) ;
#1307 = CIRCLE ( 'NONE', #875, 1.750000000000001554 ) ;
#1308 = CARTESIAN_POINT ( 'NONE',  ( -25.19999999999999929, -2.000000000000000000, -61.24999999999992895 ) ) ;
#1309 = EDGE_CURVE ( 'NONE', #574, #584, #1041, .T. ) ;
#1310 = ORIENTED_EDGE ( 'NONE', *, *, #1097, .F. ) ;
#1311 = FILL_AREA_STYLE_COLOUR ( '', #1208 ) ;
#1312 = DIRECTION ( 'NONE',  ( -0.000000000000000000, -1.000000000000000000, -0.000000000000000000 ) ) ;
#1313 = VERTEX_POINT ( 'NONE', #904 ) ;
#1314 = ORIENTED_EDGE ( 'NONE', *, *, #672, .F. ) ;
#1315 = DIRECTION ( 'NONE',  ( 0.000000000000000000, 0.000000000000000000, -1.000000000000000000 ) ) ;
#1316 = DIRECTION ( 'NONE',  ( -0.000000000000000000, -1.000000000000000000, -0.000000000000000000 ) ) ;
#1317 = VERTEX_POINT ( 'NONE', #730 ) ;
#1318 = EDGE_LOOP ( 'NONE', ( #517, #694, #506, #497 ) ) ;
#1319 = DIRECTION ( 'NONE',  ( 0.000000000000000000, 0.000000000000000000, -1.000000000000000000 ) ) ;
#1320 = CARTESIAN_POINT ( 'NONE',  ( 63.00000000000011369, -2.000000000000000000, 50.39999999999999147 ) ) ;
#1321 = PLANE ( 'NONE',  #1233 ) ;
#1322 = ORIENTED_EDGE ( 'NONE', *, *, #243, .F. ) ;
#1323 = VERTEX_POINT ( 'NONE', #1537 ) ;
#1324 = DIRECTION ( 'NONE',  ( -0.000000000000000000, -1.000000000000000000, -0.000000000000000000 ) ) ;
#1325 = EDGE_LOOP ( 'NONE', ( #715, #93, #1774, #1529 ) ) ;
#1326 = AXIS2_PLACEMENT_3D ( 'NONE', #967, #168, #801 ) ;
#1327 = ORIENTED_EDGE ( 'NONE', *, *, #255, .F. ) ;
#1328 = CARTESIAN_POINT ( 'NONE',  ( -69.99999999999998579, 2.000000000000000000, 70.00000000000000000 ) ) ;
#1329 = CIRCLE ( 'NONE', #831, 1.749999999999994671 ) ;
#1330 = EDGE_CURVE ( 'NONE', #1752, #73, #759, .T. ) ;
#1331 = CYLINDRICAL_SURFACE ( 'NONE', #492, 1.750000000000199396 ) ;
#1332 = VECTOR ( 'NONE', #1533, 1000.000000000000114 ) ;
#1333 = EDGE_LOOP ( 'NONE', ( #1433, #1449, #1687, #951 ) ) ;
#1334 = EDGE_CURVE ( 'NONE', #177, #1609, #198, .T. ) ;
#1335 = FACE_OUTER_BOUND ( 'NONE', #216, .T. ) ;
#1336 = FACE_BOUND ( 'NONE', #320, .T. ) ;
#1337 = CARTESIAN_POINT ( 'NONE',  ( 63.00000000000011369, 2.000000000000000000, 48.64999999999982805 ) ) ;
#1338 = AXIS2_PLACEMENT_3D ( 'NONE', #1285, #989, #346 ) ;
#1339 = ORIENTED_EDGE ( 'NONE', *, *, #1133, .T. ) ;
#1340 = ORIENTED_EDGE ( 'NONE', *, *, #1706, .F. ) ;
#1341 = VECTOR ( 'NONE', #1564, 1000.000000000000000 ) ;
#1342 = ORIENTED_EDGE ( 'NONE', *, *, #184, .F. ) ;
#1343 = CARTESIAN_POINT ( 'NONE',  ( 50.39999999999999858, 2.000000000000000000, -63.00000000000011369 ) ) ;
#1344 = CARTESIAN_POINT ( 'NONE',  ( -63.00000000000011369, -2.000000000000000000, -50.39999999999999147 ) ) ;
#1345 = DIRECTION ( 'NONE',  ( -1.000000000000000000, 0.000000000000000000, 0.000000000000000000 ) ) ;
#1346 = EDGE_CURVE ( 'NONE', #568, #668, #123, .T. ) ;
#1347 = DIRECTION ( 'NONE',  ( 0.000000000000000000, 0.000000000000000000, 1.000000000000000000 ) ) ;
#1348 = ORIENTED_EDGE ( 'NONE', *, *, #1809, .F. ) ;
#1349 = DIRECTION ( 'NONE',  ( 0.000000000000000000, 0.000000000000000000, -1.000000000000000000 ) ) ;
#1350 = ORIENTED_EDGE ( 'NONE', *, *, #1334, .F. ) ;
#1351 = CARTESIAN_POINT ( 'NONE',  ( 25.19999999999999929, -2.000000000000000000, -63.00000000000011369 ) ) ;
#1352 = DIRECTION ( 'NONE',  ( 0.000000000000000000, 0.000000000000000000, -1.000000000000000000 ) ) ;
#1353 = EDGE_CURVE ( 'NONE', #664, #1122, #1827, .T. ) ;
#1354 = FACE_BOUND ( 'NONE', #756, .T. ) ;
#1355 = EDGE_CURVE ( 'NONE', #1367, #92, #865, .T. ) ;
#1356 = CIRCLE ( 'NONE', #155, 1.750000000000168088 ) ;
#1357 = APPLICATION_PROTOCOL_DEFINITION ( 'draft international standard', 'automotive_design', 1998, #1262 ) ;
#1358 = FACE_BOUND ( 'NONE', #2046, .T. ) ;
#1359 = ORIENTED_EDGE ( 'NONE', *, *, #1368, .F. ) ;
#1360 = CARTESIAN_POINT ( 'NONE',  ( 50.39999999999999858, -2.000000000000000000, -63.00000000000011369 ) ) ;
#1361 = CARTESIAN_POINT ( 'NONE',  ( 65.00000000000000000, 2.000000000000000000, -70.00000000000000000 ) ) ;
#1362 = CIRCLE ( 'NONE', #869, 1.750000000000001554 ) ;
#1363 = CARTESIAN_POINT ( 'NONE',  ( 25.20000000000000639, -2.000000000000000000, 62.99999999999992895 ) ) ;
#1364 = LINE ( 'NONE', #2010, #329 ) ;
#1365 = ORIENTED_EDGE ( 'NONE', *, *, #463, .T. ) ;
#1366 = DIRECTION ( 'NONE',  ( 0.000000000000000000, 0.000000000000000000, 1.000000000000000000 ) ) ;
#1367 = VERTEX_POINT ( 'NONE', #1395 ) ;
#1368 = EDGE_CURVE ( 'NONE', #1753, #1665, #941, .T. ) ;
#1369 = VERTEX_POINT ( 'NONE', #1085 ) ;
#1370 = FACE_BOUND ( 'NONE', #751, .T. ) ;
#1371 = AXIS2_PLACEMENT_3D ( 'NONE', #467, #482, #1761 ) ;
#1372 = DIRECTION ( 'NONE',  ( 0.000000000000000000, 1.000000000000000000, 0.000000000000000000 ) ) ;
#1373 = CARTESIAN_POINT ( 'NONE',  ( -63.00000000000011369, 2.000000000000000000, 1.040834085586084257E-14 ) ) ;
#1374 = CIRCLE ( 'NONE', #1642, 1.749999999999994671 ) ;
#1375 = CARTESIAN_POINT ( 'NONE',  ( -63.00000000000011369, 2.000000000000000000, -50.39999999999999147 ) ) ;
#1376 = CARTESIAN_POINT ( 'NONE',  ( 65.00000000000000000, 2.000000000000000000, -65.00000000000000000 ) ) ;
#1377 = CYLINDRICAL_SURFACE ( 'NONE', #1760, 4.999999999999997335 ) ;
#1378 = FACE_BOUND ( 'NONE', #428, .T. ) ;
#1379 = CARTESIAN_POINT ( 'NONE',  ( -62.99999999999976552, 2.000000000000000000, 50.40000000000001279 ) ) ;
#1380 = ORIENTED_EDGE ( 'NONE', *, *, #935, .F. ) ;
#1381 = FACE_OUTER_BOUND ( 'NONE', #1278, .T. ) ;
#1382 = EDGE_CURVE ( 'NONE', #1177, #340, #1558, .T. ) ;
#1383 = DIRECTION ( 'NONE',  ( -0.000000000000000000, -1.000000000000000000, -0.000000000000000000 ) ) ;
#1384 = DIRECTION ( 'NONE',  ( -0.000000000000000000, 1.000000000000000000, -0.000000000000000000 ) ) ;
#1385 = CARTESIAN_POINT ( 'NONE',  ( 63.00000000000011369, 2.000000000000000000, 25.19999999999999929 ) ) ;
#1386 = CYLINDRICAL_SURFACE ( 'NONE', #1695, 1.750000000000001554 ) ;
#1387 = VERTEX_POINT ( 'NONE', #2051 ) ;
#1388 = CARTESIAN_POINT ( 'NONE',  ( 25.20000000000000639, 2.000000000000000000, 64.74999999999992895 ) ) ;
#1389 = ORIENTED_EDGE ( 'NONE', *, *, #1769, .F. ) ;
#1390 = CARTESIAN_POINT ( 'NONE',  ( -64.99999999999998579, 2.000000000000000000, 70.00000000000000000 ) ) ;
#1391 = CIRCLE ( 'NONE', #488, 1.750000000000001554 ) ;
#1392 = DIRECTION ( 'NONE',  ( 0.000000000000000000, 0.000000000000000000, 1.000000000000000000 ) ) ;
#1393 = EDGE_CURVE ( 'NONE', #746, #931, #252, .T. ) ;
#1394 = EDGE_CURVE ( 'NONE', #519, #1753, #719, .T. ) ;
#1395 = CARTESIAN_POINT ( 'NONE',  ( -50.39999999999999147, 2.000000000000000000, 61.25000000000011369 ) ) ;
#1396 = VECTOR ( 'NONE', #2022, 1000.000000000000000 ) ;
#1397 = DIRECTION ( 'NONE',  ( 0.000000000000000000, 0.000000000000000000, 1.000000000000000000 ) ) ;
#1398 = AXIS2_PLACEMENT_3D ( 'NONE', #1360, #1372, #1691 ) ;
#1399 = DIRECTION ( 'NONE',  ( 1.000000000000000000, 0.000000000000000000, 0.000000000000000000 ) ) ;
#1400 = ORIENTED_EDGE ( 'NONE', *, *, #585, .T. ) ;
#1401 = CARTESIAN_POINT ( 'NONE',  ( 47.00000000000001421, 2.000000000000000000, -47.00000000000002132 ) ) ;
#1402 = FACE_OUTER_BOUND ( 'NONE', #1044, .T. ) ;
#1403 = VECTOR ( 'NONE', #312, 1000.000000000000000 ) ;
#1404 = CARTESIAN_POINT ( 'NONE',  ( 56.00000000000007105, 2.000000000000000000, -3.736327486719282280E-15 ) ) ;
#1405 = CIRCLE ( 'NONE', #507, 4.999999999999997335 ) ;
#1406 = EDGE_CURVE ( 'NONE', #1304, #1854, #1364, .T. ) ;
#1407 = VERTEX_POINT ( 'NONE', #1850 ) ;
#1408 = VERTEX_POINT ( 'NONE', #413 ) ;
#1409 = DIRECTION ( 'NONE',  ( 0.000000000000000000, 1.000000000000000000, 0.000000000000000000 ) ) ;
#1410 = ORIENTED_EDGE ( 'NONE', *, *, #966, .F. ) ;
#1411 = DIRECTION ( 'NONE',  ( 0.000000000000000000, 0.000000000000000000, -1.000000000000000000 ) ) ;
#1412 = ORIENTED_EDGE ( 'NONE', *, *, #792, .F. ) ;
#1413 = DIRECTION ( 'NONE',  ( 0.000000000000000000, 1.000000000000000000, 0.000000000000000000 ) ) ;
#1414 = DIRECTION ( 'NONE',  ( -0.000000000000000000, -1.000000000000000000, -0.000000000000000000 ) ) ;
#1415 = EDGE_CURVE ( 'NONE', #1794, #855, #600, .T. ) ;
#1416 = DIRECTION ( 'NONE',  ( 0.000000000000000000, 0.000000000000000000, -1.000000000000000000 ) ) ;
#1417 = EDGE_CURVE ( 'NONE', #262, #232, #430, .T. ) ;
#1418 = CYLINDRICAL_SURFACE ( 'NONE', #164, 1.749999999999994671 ) ;
#1419 = DIRECTION ( 'NONE',  ( -0.000000000000000000, -1.000000000000000000, -0.000000000000000000 ) ) ;
#1420 = EDGE_LOOP ( 'NONE', ( #90, #1773, #559, #20 ) ) ;
#1421 = AXIS2_PLACEMENT_3D ( 'NONE', #415, #81, #1218 ) ;
#1422 = CIRCLE ( 'NONE', #1326, 1.750000000000001554 ) ;
#1423 = ORIENTED_EDGE ( 'NONE', *, *, #1306, .F. ) ;
#1424 = EDGE_LOOP ( 'NONE', ( #437, #274 ) ) ;
#1425 = DIRECTION ( 'NONE',  ( 0.000000000000000000, 0.000000000000000000, -1.000000000000000000 ) ) ;
#1426 = EDGE_CURVE ( 'NONE', #455, #1286, #1701, .T. ) ;
#1427 = CARTESIAN_POINT ( 'NONE',  ( 63.00000000000011369, -2.000000000000000000, -1.750000000000220490 ) ) ;
#1428 = CYLINDRICAL_SURFACE ( 'NONE', #1263, 1.750000000000001554 ) ;
#1429 = PRODUCT_DEFINITION ( 'Î´Öª', '', #1808, #571 ) ;
#1430 = EDGE_LOOP ( 'NONE', ( #1340, #592 ) ) ;
#1431 = CARTESIAN_POINT ( 'NONE',  ( 47.00000000000001421, 2.000000000000000000, -47.00000000000002132 ) ) ;
#1432 = CIRCLE ( 'NONE', #1712, 1.750000000000001554 ) ;
#1433 = ORIENTED_EDGE ( 'NONE', *, *, #287, .F. ) ;
#1434 = ORIENTED_EDGE ( 'NONE', *, *, #1899, .T. ) ;
#1435 = VECTOR ( 'NONE', #1453, 1000.000000000000000 ) ;
#1436 = DIRECTION ( 'NONE',  ( 0.000000000000000000, 0.000000000000000000, 1.000000000000000000 ) ) ;
#1437 = PRESENTATION_STYLE_ASSIGNMENT (( #1487 ) ) ;
#1438 = CARTESIAN_POINT ( 'NONE',  ( -62.99999999999976552, 2.000000000000000000, 52.15000000000000568 ) ) ;
#1439 = EDGE_CURVE ( 'NONE', #992, #250, #1765, .T. ) ;
#1440 = ORIENTED_EDGE ( 'NONE', *, *, #924, .F. ) ;
#1441 = VERTEX_POINT ( 'NONE', #1882 ) ;
#1442 = EDGE_CURVE ( 'NONE', #1102, #1199, #1093, .T. ) ;
#1443 = ORIENTED_EDGE ( 'NONE', *, *, #1611, .T. ) ;
#1444 = DIRECTION ( 'NONE',  ( -0.000000000000000000, -1.000000000000000000, -0.000000000000000000 ) ) ;
#1445 = CARTESIAN_POINT ( 'NONE',  ( -47.00000000000000000, 2.000000000000000000, 56.00000000000004263 ) ) ;
#1446 = FACE_OUTER_BOUND ( 'NONE', #1786, .T. ) ;
#1447 = ORIENTED_EDGE ( 'NONE', *, *, #244, .T. ) ;
#1448 = CARTESIAN_POINT ( 'NONE',  ( -63.00000000000011369, 2.000000000000000000, -48.64999999999999858 ) ) ;
#1449 = ORIENTED_EDGE ( 'NONE', *, *, #425, .T. ) ;
#1450 = CARTESIAN_POINT ( 'NONE',  ( -25.19999999999999218, -2.000000000000000000, 64.75000000000011369 ) ) ;
#1451 = EDGE_CURVE ( 'NONE', #1441, #531, #883, .T. ) ;
#1452 = ORIENTED_EDGE ( 'NONE', *, *, #1513, .T. ) ;
#1453 = DIRECTION ( 'NONE',  ( -6.672013369141565463E-17, -0.000000000000000000, -1.000000000000000000 ) ) ;
#1454 = DIRECTION ( 'NONE',  ( -0.000000000000000000, -1.000000000000000000, -0.000000000000000000 ) ) ;
#1455 = LINE ( 'NONE', #809, #1592 ) ;
#1456 = CONICAL_SURFACE ( 'NONE', #1866, 9.000000000000042633, 0.7853981633974500554 ) ;
#1457 = EDGE_CURVE ( 'NONE', #1688, #247, #1236, .T. ) ;
#1458 = CARTESIAN_POINT ( 'NONE',  ( 25.19999999999999929, -2.000000000000000000, -61.25000000000010658 ) ) ;
#1459 = DIRECTION ( 'NONE',  ( 0.000000000000000000, 1.000000000000000000, 0.000000000000000000 ) ) ;
#1460 = VECTOR ( 'NONE', #438, 1000.000000000000000 ) ;
#1461 = CYLINDRICAL_SURFACE ( 'NONE', #1842, 1.750000000000001554 ) ;
#1462 = AXIS2_PLACEMENT_3D ( 'NONE', #114, #1063, #289 ) ;
#1463 = CARTESIAN_POINT ( 'NONE',  ( 62.99999999999992895, -2.000000000000000000, -25.20000000000000284 ) ) ;
#1464 = CIRCLE ( 'NONE', #1536, 1.750000000000001554 ) ;
#1465 = ORIENTED_EDGE ( 'NONE', *, *, #1651, .F. ) ;
#1466 = DIRECTION ( 'NONE',  ( -0.000000000000000000, -1.000000000000000000, -0.000000000000000000 ) ) ;
#1467 = ORIENTED_EDGE ( 'NONE', *, *, #1309, .T. ) ;
#1468 = CYLINDRICAL_SURFACE ( 'NONE', #1675, 1.749999999999994671 ) ;
#1469 = CYLINDRICAL_SURFACE ( 'NONE', #532, 1.749999999999994671 ) ;
#1470 = ORIENTED_EDGE ( 'NONE', *, *, #1394, .T. ) ;
#1471 = ORIENTED_EDGE ( 'NONE', *, *, #217, .F. ) ;
#1472 = DIRECTION ( 'NONE',  ( 1.000000000000000000, -0.000000000000000000, 0.000000000000000000 ) ) ;
#1473 = FACE_OUTER_BOUND ( 'NONE', #1420, .T. ) ;
#1474 = CARTESIAN_POINT ( 'NONE',  ( 47.00000000000000000, 2.000000000000000000, -56.00000000000006395 ) ) ;
#1475 = ADVANCED_FACE ( 'NONE', ( #185 ), #550, .F. ) ;
#1476 = AXIS2_PLACEMENT_3D ( 'NONE', #1770, #1161, #355 ) ;
#1477 = ORIENTED_EDGE ( 'NONE', *, *, #18, .F. ) ;
#1478 = ORIENTED_EDGE ( 'NONE', *, *, #511, .T. ) ;
#1479 = VERTEX_POINT ( 'NONE', #1200 ) ;
#1480 = ORIENTED_EDGE ( 'NONE', *, *, #945, .T. ) ;
#1481 = DIRECTION ( 'NONE',  ( -0.000000000000000000, -1.000000000000000000, -0.000000000000000000 ) ) ;
#1482 = CARTESIAN_POINT ( 'NONE',  ( 25.20000000000000639, 2.000000000000000000, 62.99999999999992895 ) ) ;
#1483 = CARTESIAN_POINT ( 'NONE',  ( -69.99999999999998579, 2.000000000000000000, 65.00000000000000000 ) ) ;
#1484 = EDGE_CURVE ( 'NONE', #1387, #1182, #986, .T. ) ;
#1485 = FACE_BOUND ( 'NONE', #102, .T. ) ;
#1486 = EDGE_CURVE ( 'NONE', #73, #965, #1005, .T. ) ;
#1487 = SURFACE_STYLE_USAGE ( .BOTH. , #171 ) ;
#1488 = CARTESIAN_POINT ( 'NONE',  ( -64.99999999999998579, 2.000000000000000000, 65.00000000000000000 ) ) ;
#1489 = DIRECTION ( 'NONE',  ( 0.000000000000000000, 1.000000000000000000, 0.000000000000000000 ) ) ;
#1490 = ORIENTED_EDGE ( 'NONE', *, *, #1010, .T. ) ;
#1491 = DIRECTION ( 'NONE',  ( 0.000000000000000000, 0.000000000000000000, 1.000000000000000000 ) ) ;
#1492 = AXIS2_PLACEMENT_3D ( 'NONE', #1194, #2012, #564 ) ;
#1493 = FACE_BOUND ( 'NONE', #183, .T. ) ;
#1494 = STYLED_ITEM ( 'NONE', ( #991 ), #873 ) ;
#1495 = CARTESIAN_POINT ( 'NONE',  ( 62.99999999999976552, 2.000000000000000000, -52.15000000000028280 ) ) ;
#1496 = CIRCLE ( 'NONE', #427, 1.750000000000213607 ) ;
#1497 =( NAMED_UNIT ( * ) SI_UNIT ( $, .STERADIAN. ) SOLID_ANGLE_UNIT ( ) );
#1498 = AXIS2_PLACEMENT_3D ( 'NONE', #1887, #643, #5 ) ;
#1499 = ORIENTED_EDGE ( 'NONE', *, *, #1852, .F. ) ;
#1500 = ADVANCED_FACE ( 'NONE', ( #1834 ), #1331, .F. ) ;
#1501 = CIRCLE ( 'NONE', #1398, 1.750000000000001554 ) ;
#1502 = VERTEX_POINT ( 'NONE', #1530 ) ;
#1503 = DIRECTION ( 'NONE',  ( 0.000000000000000000, 1.000000000000000000, 0.000000000000000000 ) ) ;
#1504 = DIRECTION ( 'NONE',  ( 1.000000000000000000, 0.000000000000000000, 0.000000000000000000 ) ) ;
#1505 = ORIENTED_EDGE ( 'NONE', *, *, #1861, .T. ) ;
#1506 = DIRECTION ( 'NONE',  ( 0.000000000000000000, 0.000000000000000000, 1.000000000000000000 ) ) ;
#1507 = ORIENTED_EDGE ( 'NONE', *, *, #1214, .T. ) ;
#1508 = EDGE_LOOP ( 'NONE', ( #1532, #99, #1467, #1001 ) ) ;
#1509 = CARTESIAN_POINT ( 'NONE',  ( -63.00000000000011369, 2.000000000000000000, 1.040834085586084257E-14 ) ) ;
#1510 = AXIS2_PLACEMENT_3D ( 'NONE', #1816, #958, #1290 ) ;
#1511 = EDGE_LOOP ( 'NONE', ( #375, #321, #1465, #1410 ) ) ;
#1512 = DIRECTION ( 'NONE',  ( 0.000000000000000000, 0.000000000000000000, 1.000000000000000000 ) ) ;
#1513 = EDGE_CURVE ( 'NONE', #2033, #514, #866, .T. ) ;
#1514 = ADVANCED_FACE ( 'NONE', ( #135 ), #297, .F. ) ;
#1515 = DIRECTION ( 'NONE',  ( 0.000000000000000000, 0.000000000000000000, 1.000000000000000000 ) ) ;
#1516 = EDGE_LOOP ( 'NONE', ( #1960, #179, #1314, #893 ) ) ;
#1517 = DIRECTION ( 'NONE',  ( 1.000000000000000000, 0.000000000000000000, 0.000000000000000000 ) ) ;
#1518 = CYLINDRICAL_SURFACE ( 'NONE', #1590, 1.750000000000272227 ) ;
#1519 = CARTESIAN_POINT ( 'NONE',  ( 63.00000000000011369, 2.000000000000000000, 25.19999999999999929 ) ) ;
#1520 = ORIENTED_EDGE ( 'NONE', *, *, #181, .F. ) ;
#1521 = CYLINDRICAL_SURFACE ( 'NONE', #331, 1.750000000000001554 ) ;
#1522 = DIRECTION ( 'NONE',  ( 0.000000000000000000, 1.000000000000000000, 0.000000000000000000 ) ) ;
#1523 = CARTESIAN_POINT ( 'NONE',  ( 62.99999999999976552, -2.000000000000000000, -48.64999999999973568 ) ) ;
#1524 = EDGE_CURVE ( 'NONE', #757, #1975, #1267, .T. ) ;
#1525 = FACE_BOUND ( 'NONE', #322, .T. ) ;
#1526 = ORIENTED_EDGE ( 'NONE', *, *, #397, .F. ) ;
#1527 = DIRECTION ( 'NONE',  ( 0.000000000000000000, 1.000000000000000000, 0.000000000000000000 ) ) ;
#1528 = VECTOR ( 'NONE', #1466, 1000.000000000000000 ) ;
#1529 = ORIENTED_EDGE ( 'NONE', *, *, #2061, .T. ) ;
#1530 = CARTESIAN_POINT ( 'NONE',  ( -63.00000000000011369, -2.000000000000000000, -52.14999999999999147 ) ) ;
#1531 = CIRCLE ( 'NONE', #553, 9.000000000000042633 ) ;
#1532 = ORIENTED_EDGE ( 'NONE', *, *, #1406, .F. ) ;
#1533 = DIRECTION ( 'NONE',  ( 1.226634733346687872E-15, -0.7071067811865461294, 0.7071067811865489050 ) ) ;
#1534 = DIRECTION ( 'NONE',  ( 0.000000000000000000, 1.000000000000000000, 0.000000000000000000 ) ) ;
#1535 = VECTOR ( 'NONE', #766, 1000.000000000000000 ) ;
#1536 = AXIS2_PLACEMENT_3D ( 'NONE', #1031, #916, #1512 ) ;
#1537 = CARTESIAN_POINT ( 'NONE',  ( -47.00000000000000000, 2.000000000000000000, -56.00000000000006395 ) ) ;
#1538 = CARTESIAN_POINT ( 'NONE',  ( -50.39999999999999147, 2.000000000000000000, 61.25000000000011369 ) ) ;
#1539 = ORIENTED_EDGE ( 'NONE', *, *, #911, .F. ) ;
#1540 = DIRECTION ( 'NONE',  ( 0.000000000000000000, 1.000000000000000000, 0.000000000000000000 ) ) ;
#1541 = CARTESIAN_POINT ( 'NONE',  ( -63.00000000000011369, -2.000000000000000000, 1.750000000000006439 ) ) ;
#1542 = FACE_BOUND ( 'NONE', #334, .T. ) ;
#1543 = LINE ( 'NONE', #104, #1661 ) ;
#1544 = VECTOR ( 'NONE', #1345, 1000.000000000000000 ) ;
#1545 = EDGE_LOOP ( 'NONE', ( #368, #1310 ) ) ;
#1546 = DIRECTION ( 'NONE',  ( 0.000000000000000000, 0.000000000000000000, -1.000000000000000000 ) ) ;
#1547 = VECTOR ( 'NONE', #2094, 1000.000000000000000 ) ;
#1548 = ORIENTED_EDGE ( 'NONE', *, *, #862, .F. ) ;
#1549 = DIRECTION ( 'NONE',  ( -0.000000000000000000, -1.000000000000000000, -0.000000000000000000 ) ) ;
#1550 = CARTESIAN_POINT ( 'NONE',  ( 63.00000000000011369, 2.000000000000000000, -6.938893903907228378E-15 ) ) ;
#1551 = EDGE_LOOP ( 'NONE', ( #356, #868 ) ) ;
#1552 = EDGE_CURVE ( 'NONE', #965, #1891, #1543, .T. ) ;
#1553 = DIRECTION ( 'NONE',  ( -0.000000000000000000, -1.000000000000000000, -0.000000000000000000 ) ) ;
#1554 = PLANE ( 'NONE',  #1462 ) ;
#1555 = EDGE_CURVE ( 'NONE', #982, #938, #2048, .T. ) ;
#1556 = EDGE_LOOP ( 'NONE', ( #2009, #987, #1619, #753 ) ) ;
#1557 = VERTEX_POINT ( 'NONE', #774 ) ;
#1558 = LINE ( 'NONE', #1227, #1698 ) ;
#1559 = CARTESIAN_POINT ( 'NONE',  ( 1.894098551623418863E-16, 2.000000000000000000, -61.25000000000010658 ) ) ;
#1560 = FACE_OUTER_BOUND ( 'NONE', #61, .T. ) ;
#1561 = DIRECTION ( 'NONE',  ( -1.982541115402065110E-16, -0.000000000000000000, -1.000000000000000000 ) ) ;
#1562 = DIRECTION ( 'NONE',  ( -0.000000000000000000, -1.000000000000000000, -0.000000000000000000 ) ) ;
#1563 = CIRCLE ( 'NONE', #122, 1.750000000000001554 ) ;
#1564 = DIRECTION ( 'NONE',  ( -0.000000000000000000, -1.000000000000000000, -0.000000000000000000 ) ) ;
#1565 = CONICAL_SURFACE ( 'NONE', #2042, 9.000000000000042633, 0.7853981633974500554 ) ;
#1566 = ADVANCED_FACE ( 'NONE', ( #740 ), #1554, .F. ) ;
#1567 = AXIS2_PLACEMENT_3D ( 'NONE', #1070, #1235, #1247 ) ;
#1568 = EDGE_CURVE ( 'NONE', #1609, #1746, #1889, .T. ) ;
#1569 = LINE ( 'NONE', #167, #1575 ) ;
#1570 = EDGE_LOOP ( 'NONE', ( #627, #1045, #780, #259 ) ) ;
#1571 = DIRECTION ( 'NONE',  ( -0.000000000000000000, -1.000000000000000000, -0.000000000000000000 ) ) ;
#1572 = CARTESIAN_POINT ( 'NONE',  ( -70.00000000000000000, 2.000000000000000000, -65.00000000000000000 ) ) ;
#1573 = CIRCLE ( 'NONE', #2087, 1.750000000000001554 ) ;
#1574 = CARTESIAN_POINT ( 'NONE',  ( 70.00000000000002842, 2.000000000000000000, 65.00000000000000000 ) ) ;
#1575 = VECTOR ( 'NONE', #1252, 1000.000000000000000 ) ;
#1576 = EDGE_CURVE ( 'NONE', #1102, #1028, #330, .T. ) ;
#1577 = DIRECTION ( 'NONE',  ( 0.000000000000000000, 0.000000000000000000, 1.000000000000000000 ) ) ;
#1578 = EDGE_CURVE ( 'NONE', #567, #1650, #655, .T. ) ;
#1579 = ORIENTED_EDGE ( 'NONE', *, *, #1025, .F. ) ;
#1580 = DIRECTION ( 'NONE',  ( -0.000000000000000000, -1.000000000000000000, -0.000000000000000000 ) ) ;
#1581 = DIRECTION ( 'NONE',  ( -0.000000000000000000, -1.000000000000000000, -0.000000000000000000 ) ) ;
#1582 = DIRECTION ( 'NONE',  ( -0.000000000000000000, -1.000000000000000000, -0.000000000000000000 ) ) ;
#1583 = ORIENTED_EDGE ( 'NONE', *, *, #181, .T. ) ;
#1584 = EDGE_LOOP ( 'NONE', ( #1008, #705, #677, #409 ) ) ;
#1585 = CARTESIAN_POINT ( 'NONE',  ( -2.490333468844531319E-17, 2.000000000000000000, -64.75000000000011369 ) ) ;
#1586 = ORIENTED_EDGE ( 'NONE', *, *, #1156, .F. ) ;
#1587 = CARTESIAN_POINT ( 'NONE',  ( -50.39999999999999147, 2.000000000000000000, 63.00000000000011369 ) ) ;
#1588 = ADVANCED_FACE ( 'NONE', ( #2032 ), #606, .F. ) ;
#1589 = DIRECTION ( 'NONE',  ( 1.000000000000000000, 0.000000000000000000, 0.000000000000000000 ) ) ;
#1590 = AXIS2_PLACEMENT_3D ( 'NONE', #1061, #739, #724 ) ;
#1591 = LINE ( 'NONE', #778, #1179 ) ;
#1592 = VECTOR ( 'NONE', #1582, 1000.000000000000000 ) ;
#1593 = EDGE_LOOP ( 'NONE', ( #1984, #964 ) ) ;
#1594 = ORIENTED_EDGE ( 'NONE', *, *, #1552, .T. ) ;
#1595 = DIRECTION ( 'NONE',  ( -1.982541115402065110E-16, -0.000000000000000000, -1.000000000000000000 ) ) ;
#1596 = AXIS2_PLACEMENT_3D ( 'NONE', #2029, #133, #736 ) ;
#1597 = DIRECTION ( 'NONE',  ( 0.000000000000000000, 0.000000000000000000, 1.000000000000000000 ) ) ;
#1598 = AXIS2_PLACEMENT_3D ( 'NONE', #145, #1571, #1256 ) ;
#1599 = PRESENTATION_LAYER_ASSIGNMENT (  '', '', ( #393 ) ) ;
#1600 = ORIENTED_EDGE ( 'NONE', *, *, #1769, .T. ) ;
#1601 = EDGE_CURVE ( 'NONE', #1122, #664, #200, .T. ) ;
#1602 = ORIENTED_EDGE ( 'NONE', *, *, #54, .F. ) ;
#1603 = SURFACE_STYLE_FILL_AREA ( #829 ) ;
#1604 = DIRECTION ( 'NONE',  ( -0.000000000000000000, -1.000000000000000000, -0.000000000000000000 ) ) ;
#1605 = ORIENTED_EDGE ( 'NONE', *, *, #101, .F. ) ;
#1606 = DIRECTION ( 'NONE',  ( -0.000000000000000000, -1.000000000000000000, -0.000000000000000000 ) ) ;
#1607 = VECTOR ( 'NONE', #816, 1000.000000000000000 ) ;
#1608 = CARTESIAN_POINT ( 'NONE',  ( 25.19999999999999929, 2.000000000000000000, -64.75000000000011369 ) ) ;
#1609 = VERTEX_POINT ( 'NONE', #1337 ) ;
#1610 = LINE ( 'NONE', #1574, #505 ) ;
#1611 = EDGE_CURVE ( 'NONE', #584, #1854, #224, .T. ) ;
#1612 = DIRECTION ( 'NONE',  ( 0.000000000000000000, 1.000000000000000000, 0.000000000000000000 ) ) ;
#1613 = EDGE_LOOP ( 'NONE', ( #823, #1096 ) ) ;
#1614 = ADVANCED_FACE ( 'NONE', ( #518 ), #1982, .F. ) ;
#1615 = ORIENTED_EDGE ( 'NONE', *, *, #1683, .F. ) ;
#1616 = DIRECTION ( 'NONE',  ( 0.000000000000000000, 1.000000000000000000, 0.000000000000000000 ) ) ;
#1617 = LINE ( 'NONE', #821, #1435 ) ;
#1618 = CARTESIAN_POINT ( 'NONE',  ( 63.00000000000011369, -2.000000000000000000, 50.39999999999999147 ) ) ;
#1619 = ORIENTED_EDGE ( 'NONE', *, *, #374, .F. ) ;
#1620 = DIRECTION ( 'NONE',  ( 0.000000000000000000, -1.000000000000000000, 0.000000000000000000 ) ) ;
#1621 = FACE_OUTER_BOUND ( 'NONE', #2068, .T. ) ;
#1622 = ORIENTED_EDGE ( 'NONE', *, *, #276, .F. ) ;
#1623 = FACE_OUTER_BOUND ( 'NONE', #520, .T. ) ;
#1624 = VECTOR ( 'NONE', #299, 1000.000000000000114 ) ;
#1625 = EDGE_LOOP ( 'NONE', ( #1052, #2025 ) ) ;
#1626 = CYLINDRICAL_SURFACE ( 'NONE', #16, 1.749999999999994671 ) ;
#1627 = LINE ( 'NONE', #203, #489 ) ;
#1628 = AXIS2_PLACEMENT_3D ( 'NONE', #954, #1580, #660 ) ;
#1629 = DIRECTION ( 'NONE',  ( 0.000000000000000000, 1.000000000000000000, 0.000000000000000000 ) ) ;
#1630 = CIRCLE ( 'NONE', #2049, 1.750000000000199396 ) ;
#1631 = ORIENTED_EDGE ( 'NONE', *, *, #699, .T. ) ;
#1632 = CARTESIAN_POINT ( 'NONE',  ( -52.00000000000000000, -2.000000000000028866, -52.00000000000002132 ) ) ;
#1633 = VERTEX_POINT ( 'NONE', #1196 ) ;
#1634 = ORIENTED_EDGE ( 'NONE', *, *, #1484, .F. ) ;
#1635 = CARTESIAN_POINT ( 'NONE',  ( -62.99999999999976552, 2.000000000000000000, 48.65000000000001990 ) ) ;
#1636 = EDGE_CURVE ( 'NONE', #574, #1304, #85, .T. ) ;
#1637 = AXIS2_PLACEMENT_3D ( 'NONE', #1094, #1228, #1883 ) ;
#1638 = DIRECTION ( 'NONE',  ( 0.000000000000000000, 0.000000000000000000, 1.000000000000000000 ) ) ;
#1639 = FACE_OUTER_BOUND ( 'NONE', #1719, .T. ) ;
#1640 = ORIENTED_EDGE ( 'NONE', *, *, #1819, .F. ) ;
#1641 = LINE ( 'NONE', #590, #89 ) ;
#1642 = AXIS2_PLACEMENT_3D ( 'NONE', #717, #754, #1392 ) ;
#1643 = DIRECTION ( 'NONE',  ( 0.000000000000000000, 1.000000000000000000, 0.000000000000000000 ) ) ;
#1644 = VERTEX_POINT ( 'NONE', #1495 ) ;
#1645 = ORIENTED_EDGE ( 'NONE', *, *, #1036, .T. ) ;
#1646 = DIRECTION ( 'NONE',  ( 0.000000000000000000, 1.000000000000000000, 0.000000000000000000 ) ) ;
#1647 = CARTESIAN_POINT ( 'NONE',  ( 47.00000000000000711, -2.000000000000000000, 52.00000000000000000 ) ) ;
#1648 = CARTESIAN_POINT ( 'NONE',  ( 63.00000000000011369, 2.000000000000000000, 50.39999999999999147 ) ) ;
#1649 = CARTESIAN_POINT ( 'NONE',  ( 47.00000000000001421, -2.000000000000000000, -47.00000000000002132 ) ) ;
#1650 = VERTEX_POINT ( 'NONE', #539 ) ;
#1651 = EDGE_CURVE ( 'NONE', #1652, #1317, #1329, .T. ) ;
#1652 = VERTEX_POINT ( 'NONE', #2015 ) ;
#1653 = VERTEX_POINT ( 'NONE', #1720 ) ;
#1654 = DIRECTION ( 'NONE',  ( 0.000000000000000000, 0.000000000000000000, 1.000000000000000000 ) ) ;
#1655 = PRODUCT_RELATED_PRODUCT_CATEGORY ( 'part', '', ( #2091 ) ) ;
#1656 = EDGE_LOOP ( 'NONE', ( #706, #918 ) ) ;
#1657 = FACE_OUTER_BOUND ( 'NONE', #849, .T. ) ;
#1658 = CARTESIAN_POINT ( 'NONE',  ( 70.00000000000002842, 2.000000000000000000, 65.00000000000000000 ) ) ;
#1659 = CIRCLE ( 'NONE', #1162, 1.749999999999996225 ) ;
#1660 = VERTEX_POINT ( 'NONE', #1541 ) ;
#1661 = VECTOR ( 'NONE', #1222, 1000.000000000000000 ) ;
#1662 = ORIENTED_EDGE ( 'NONE', *, *, #1426, .F. ) ;
#1663 =( NAMED_UNIT ( * ) PLANE_ANGLE_UNIT ( ) SI_UNIT ( $, .RADIAN. ) );
#1664 = ADVANCED_FACE ( 'NONE', ( #566 ), #418, .F. ) ;
#1665 = VERTEX_POINT ( 'NONE', #286 ) ;
#1666 = DIRECTION ( 'NONE',  ( 0.000000000000000000, 0.000000000000000000, 1.000000000000000000 ) ) ;
#1667 = FACE_OUTER_BOUND ( 'NONE', #1822, .T. ) ;
#1668 = CARTESIAN_POINT ( 'NONE',  ( -50.39999999999999858, 2.000000000000000000, -62.99999999999976552 ) ) ;
#1669 = DIRECTION ( 'NONE',  ( 0.000000000000000000, 0.000000000000000000, 1.000000000000000000 ) ) ;
#1670 = EDGE_LOOP ( 'NONE', ( #351, #1710 ) ) ;
#1671 = FACE_BOUND ( 'NONE', #1545, .T. ) ;
#1672 = AXIS2_PLACEMENT_3D ( 'NONE', #996, #2077, #635 ) ;
#1673 = DIRECTION ( 'NONE',  ( 0.000000000000000000, 0.000000000000000000, 1.000000000000000000 ) ) ;
#1674 = VERTEX_POINT ( 'NONE', #1865 ) ;
#1675 = AXIS2_PLACEMENT_3D ( 'NONE', #1169, #1316, #1917 ) ;
#1676 = ORIENTED_EDGE ( 'NONE', *, *, #1874, .T. ) ;
#1677 =( NAMED_UNIT ( * ) SI_UNIT ( $, .STERADIAN. ) SOLID_ANGLE_UNIT ( ) );
#1678 = FACE_BOUND ( 'NONE', #163, .T. ) ;
#1679 = AXIS2_PLACEMENT_3D ( 'NONE', #180, #1924, #8 ) ;
#1680 = EDGE_CURVE ( 'NONE', #1441, #523, #577, .T. ) ;
#1681 = EDGE_LOOP ( 'NONE', ( #1871, #2030, #116, #894 ) ) ;
#1682 = DIRECTION ( 'NONE',  ( 0.000000000000000000, 1.000000000000000000, 0.000000000000000000 ) ) ;
#1683 = EDGE_CURVE ( 'NONE', #1387, #723, #462, .T. ) ;
#1684 = DIRECTION ( 'NONE',  ( 0.000000000000000000, 1.000000000000000000, 0.000000000000000000 ) ) ;
#1685 = CARTESIAN_POINT ( 'NONE',  ( -63.00000000000011369, 2.000000000000000000, -52.14999999999999147 ) ) ;
#1686 = EDGE_LOOP ( 'NONE', ( #314, #738, #95, #637, #884, #1828, #615, #1302 ) ) ;
#1687 = ORIENTED_EDGE ( 'NONE', *, *, #1809, .T. ) ;
#1688 = VERTEX_POINT ( 'NONE', #1076 ) ;
#1689 = DIRECTION ( 'NONE',  ( 0.000000000000000000, 0.000000000000000000, -1.000000000000000000 ) ) ;
#1690 = VERTEX_POINT ( 'NONE', #272 ) ;
#1691 = DIRECTION ( 'NONE',  ( 0.000000000000000000, 0.000000000000000000, 1.000000000000000000 ) ) ;
#1692 = CARTESIAN_POINT ( 'NONE',  ( -65.00000000000000000, 2.000000000000000000, -70.00000000000000000 ) ) ;
#1693 = EDGE_LOOP ( 'NONE', ( #219, #1952, #1583, #327 ) ) ;
#1694 = VERTEX_POINT ( 'NONE', #1388 ) ;
#1695 = AXIS2_PLACEMENT_3D ( 'NONE', #1240, #441, #546 ) ;
#1696 = EDGE_LOOP ( 'NONE', ( #2047, #407 ) ) ;
#1697 = CARTESIAN_POINT ( 'NONE',  ( 63.00000000000011369, -2.000000000000000000, 23.44999999999980034 ) ) ;
#1698 = VECTOR ( 'NONE', #920, 1000.000000000000000 ) ;
#1699 = CARTESIAN_POINT ( 'NONE',  ( -2.490333468844531319E-17, 2.000000000000000000, -63.00000000000011369 ) ) ;
#1700 = CARTESIAN_POINT ( 'NONE',  ( 62.99999999999992895, 2.000000000000000000, -25.20000000000000284 ) ) ;
#1701 = CIRCLE ( 'NONE', #1567, 5.000000000000004441 ) ;
#1702 = CIRCLE ( 'NONE', #1972, 1.750000000000001554 ) ;
#1703 = ORIENTED_EDGE ( 'NONE', *, *, #1417, .T. ) ;
#1704 = CARTESIAN_POINT ( 'NONE',  ( 63.00000000000011369, 2.000000000000000000, 23.44999999999980034 ) ) ;
#1705 = FACE_OUTER_BOUND ( 'NONE', #469, .T. ) ;
#1706 = EDGE_CURVE ( 'NONE', #40, #1633, #2075, .T. ) ;
#1707 = CARTESIAN_POINT ( 'NONE',  ( 47.00000000000000711, 2.000000000000000000, 56.00000000000004263 ) ) ;
#1708 = CARTESIAN_POINT ( 'NONE',  ( -56.00000000000004263, 2.000000000000000000, -47.00000000000002132 ) ) ;
#1709 = EDGE_CURVE ( 'NONE', #810, #268, #1299, .T. ) ;
#1710 = ORIENTED_EDGE ( 'NONE', *, *, #647, .F. ) ;
#1711 = DIRECTION ( 'NONE',  ( 0.000000000000000000, 0.7071067811865461294, 0.7071067811865489050 ) ) ;
#1712 = AXIS2_PLACEMENT_3D ( 'NONE', #1171, #370, #1666 ) ;
#1713 = LINE ( 'NONE', #1771, #202 ) ;
#1714 = CARTESIAN_POINT ( 'NONE',  ( -47.00000000000000000, -2.000000000000000000, 47.00000000000000000 ) ) ;
#1715 = LINE ( 'NONE', #1404, #1547 ) ;
#1716 = ORIENTED_EDGE ( 'NONE', *, *, #646, .F. ) ;
#1717 = ORIENTED_EDGE ( 'NONE', *, *, #1086, .T. ) ;
#1718 = CARTESIAN_POINT ( 'NONE',  ( -62.99999999999992895, 2.000000000000000000, 23.45000000000001350 ) ) ;
#1719 = EDGE_LOOP ( 'NONE', ( #496, #1083, #1480, #1380 ) ) ;
#1720 = CARTESIAN_POINT ( 'NONE',  ( 25.20000000000000639, -2.000000000000000000, 64.74999999999992895 ) ) ;
#1721 = FACE_BOUND ( 'NONE', #493, .T. ) ;
#1722 = DIRECTION ( 'NONE',  ( 0.000000000000000000, 0.000000000000000000, 1.000000000000000000 ) ) ;
#1723 = CARTESIAN_POINT ( 'NONE',  ( 63.00000000000011369, 2.000000000000000000, 52.15000000000016200 ) ) ;
#1724 = CYLINDRICAL_SURFACE ( 'NONE', #1084, 1.750000000000244471 ) ;
#1725 = ORIENTED_EDGE ( 'NONE', *, *, #1651, .T. ) ;
#1726 = DIRECTION ( 'NONE',  ( -0.000000000000000000, -1.000000000000000000, -0.000000000000000000 ) ) ;
#1727 = ADVANCED_FACE ( 'NONE', ( #66 ), #28, .F. ) ;
#1728 = AXIS2_PLACEMENT_3D ( 'NONE', #1509, #1312, #1349 ) ;
#1729 = DIRECTION ( 'NONE',  ( -0.000000000000000000, -1.000000000000000000, -0.000000000000000000 ) ) ;
#1730 = AXIS2_PLACEMENT_3D ( 'NONE', #1587, #1913, #1416 ) ;
#1731 = EDGE_CURVE ( 'NONE', #455, #1888, #1764, .T. ) ;
#1732 = AXIS2_PLACEMENT_3D ( 'NONE', #1178, #365, #1813 ) ;
#1733 = ORIENTED_EDGE ( 'NONE', *, *, #1368, .T. ) ;
#1734 = DIRECTION ( 'NONE',  ( 0.000000000000000000, 0.000000000000000000, 1.000000000000000000 ) ) ;
#1735 = CIRCLE ( 'NONE', #657, 1.750000000000244471 ) ;
#1736 = DIRECTION ( 'NONE',  ( 0.000000000000000000, 0.000000000000000000, 1.000000000000000000 ) ) ;
#1737 = ORIENTED_EDGE ( 'NONE', *, *, #755, .F. ) ;
#1738 = CYLINDRICAL_SURFACE ( 'NONE', #1628, 1.749999999999994671 ) ;
#1739 = DIRECTION ( 'NONE',  ( 0.000000000000000000, -1.000000000000000000, 0.000000000000000000 ) ) ;
#1740 = CARTESIAN_POINT ( 'NONE',  ( -50.39999999999999147, 2.000000000000000000, 63.00000000000011369 ) ) ;
#1741 = LINE ( 'NONE', #957, #758 ) ;
#1742 = CIRCLE ( 'NONE', #839, 1.750000000000001554 ) ;
#1743 = AXIS2_PLACEMENT_3D ( 'NONE', #880, #708, #1205 ) ;
#1744 = ADVANCED_FACE ( 'NONE', ( #2080 ), #1754, .F. ) ;
#1745 = CARTESIAN_POINT ( 'NONE',  ( 1.894098551623417877E-16, 2.000000000000000000, -61.25000000000010658 ) ) ;
#1746 = VERTEX_POINT ( 'NONE', #166 ) ;
#1747 = LINE ( 'NONE', #1585, #225 ) ;
#1748 = CARTESIAN_POINT ( 'NONE',  ( -50.39999999999999858, 2.000000000000000000, -64.74999999999977263 ) ) ;
#1749 = DIRECTION ( 'NONE',  ( 9.912705577010325549E-17, 0.000000000000000000, 1.000000000000000000 ) ) ;
#1750 = ORIENTED_EDGE ( 'NONE', *, *, #379, .T. ) ;
#1751 = DIRECTION ( 'NONE',  ( 0.000000000000000000, 0.000000000000000000, 1.000000000000000000 ) ) ;
#1752 = VERTEX_POINT ( 'NONE', #976 ) ;
#1753 = VERTEX_POINT ( 'NONE', #1458 ) ;
#1754 = PLANE ( 'NONE',  #1136 ) ;
#1755 = CARTESIAN_POINT ( 'NONE',  ( -62.99999999999992895, 2.000000000000000000, 25.20000000000000639 ) ) ;
#1756 = EDGE_CURVE ( 'NONE', #285, #1199, #160, .T. ) ;
#1757 = DIRECTION ( 'NONE',  ( -0.000000000000000000, -1.000000000000000000, -0.000000000000000000 ) ) ;
#1758 = CARTESIAN_POINT ( 'NONE',  ( -52.00000000000000000, -2.000000000000000000, 47.00000000000000000 ) ) ;
#1759 = CIRCLE ( 'NONE', #1026, 1.750000000000199396 ) ;
#1760 = AXIS2_PLACEMENT_3D ( 'NONE', #1229, #745, #2038 ) ;
#1761 = DIRECTION ( 'NONE',  ( 0.000000000000000000, 0.000000000000000000, -1.000000000000000000 ) ) ;
#1762 = AXIS2_PLACEMENT_3D ( 'NONE', #1923, #4, #458 ) ;
#1763 = EDGE_LOOP ( 'NONE', ( #1860, #1018, #776, #405 ) ) ;
#1764 = LINE ( 'NONE', #1903, #593 ) ;
#1765 = CIRCLE ( 'NONE', #12, 1.750000000000001554 ) ;
#1766 = ADVANCED_FACE ( 'NONE', ( #476 ), #354, .F. ) ;
#1767 = DIRECTION ( 'NONE',  ( 0.000000000000000000, 0.000000000000000000, 1.000000000000000000 ) ) ;
#1768 = VECTOR ( 'NONE', #1157, 1000.000000000000000 ) ;
#1769 = EDGE_CURVE ( 'NONE', #1644, #47, #323, .T. ) ;
#1770 = CARTESIAN_POINT ( 'NONE',  ( 50.40000000000000568, 2.000000000000000000, 62.99999999999976552 ) ) ;
#1771 = CARTESIAN_POINT ( 'NONE',  ( -63.00000000000011369, 2.000000000000000000, -48.64999999999999858 ) ) ;
#1772 = DIRECTION ( 'NONE',  ( 0.000000000000000000, 0.000000000000000000, -1.000000000000000000 ) ) ;
#1773 = ORIENTED_EDGE ( 'NONE', *, *, #1097, .T. ) ;
#1774 = ORIENTED_EDGE ( 'NONE', *, *, #1731, .T. ) ;
#1775 = AXIS2_PLACEMENT_3D ( 'NONE', #2093, #1629, #1597 ) ;
#1776 = CARTESIAN_POINT ( 'NONE',  ( 25.20000000000000639, 2.000000000000000000, 61.24999999999992895 ) ) ;
#1777 = VECTOR ( 'NONE', #37, 1000.000000000000000 ) ;
#1778 = EDGE_LOOP ( 'NONE', ( #444, #1365, #640, #317 ) ) ;
#1779 = EDGE_LOOP ( 'NONE', ( #1878, #1640, #1902, #1716 ) ) ;
#1780 = AXIS2_PLACEMENT_3D ( 'NONE', #1836, #573, #1051 ) ;
#1781 = CARTESIAN_POINT ( 'NONE',  ( 56.00000000000005684, 2.000000000000000000, -47.00000000000002132 ) ) ;
#1782 = CARTESIAN_POINT ( 'NONE',  ( -50.39999999999999147, -2.000000000000000000, 61.25000000000011369 ) ) ;
#1783 = LINE ( 'NONE', #671, #1777 ) ;
#1784 = DIRECTION ( 'NONE',  ( 0.000000000000000000, 0.000000000000000000, 1.000000000000000000 ) ) ;
#1785 = ORIENTED_EDGE ( 'NONE', *, *, #13, .T. ) ;
#1786 = EDGE_LOOP ( 'NONE', ( #153, #1327, #843, #1586 ) ) ;
#1787 = CARTESIAN_POINT ( 'NONE',  ( 70.00000000000000000, 2.000000000000000000, -65.00000000000000000 ) ) ;
#1788 = CARTESIAN_POINT ( 'NONE',  ( -50.39999999999999858, -2.000000000000000000, -64.74999999999977263 ) ) ;
#1789 = CARTESIAN_POINT ( 'NONE',  ( 7.153207093758016465E-15, -2.000000000000000000, 64.75000000000011369 ) ) ;
#1790 = ORIENTED_EDGE ( 'NONE', *, *, #301, .T. ) ;
#1791 = VERTEX_POINT ( 'NONE', #1124 ) ;
#1792 = CARTESIAN_POINT ( 'NONE',  ( 63.00000000000011369, -2.000000000000000000, 1.750000000000206724 ) ) ;
#1793 = FACE_BOUND ( 'NONE', #852, .T. ) ;
#1794 = VERTEX_POINT ( 'NONE', #178 ) ;
#1795 = CARTESIAN_POINT ( 'NONE',  ( -63.00000000000011369, 2.000000000000000000, -25.19999999999999218 ) ) ;
#1796 = ORIENTED_EDGE ( 'NONE', *, *, #1819, .T. ) ;
#1797 = ADVANCED_FACE ( 'NONE', ( #799 ), #1626, .F. ) ;
#1798 = ORIENTED_EDGE ( 'NONE', *, *, #1858, .F. ) ;
#1799 = EDGE_CURVE ( 'NONE', #1190, #519, #909, .T. ) ;
#1800 = AXIS2_PLACEMENT_3D ( 'NONE', #2066, #1643, #1784 ) ;
#1801 = CARTESIAN_POINT ( 'NONE',  ( 65.00000000000002842, 2.000000000000000000, 65.00000000000000000 ) ) ;
#1802 = AXIS2_PLACEMENT_3D ( 'NONE', #35, #1158, #835 ) ;
#1803 = ORIENTED_EDGE ( 'NONE', *, *, #741, .T. ) ;
#1804 = VECTOR ( 'NONE', #1399, 1000.000000000000000 ) ;
#1805 = DIRECTION ( 'NONE',  ( 0.000000000000000000, 0.000000000000000000, 1.000000000000000000 ) ) ;
#1806 = DIRECTION ( 'NONE',  ( 0.000000000000000000, 0.000000000000000000, 1.000000000000000000 ) ) ;
#1807 =( NAMED_UNIT ( * ) PLANE_ANGLE_UNIT ( ) SI_UNIT ( $, .RADIAN. ) );
#1808 = PRODUCT_DEFINITION_FORMATION_WITH_SPECIFIED_SOURCE ( 'ÈÎºÎ', '', #2091, .NOT_KNOWN. ) ;
#1809 = EDGE_CURVE ( 'NONE', #1688, #757, #1747, .T. ) ;
#1810 = AXIS2_PLACEMENT_3D ( 'NONE', #1385, #921, #280 ) ;
#1811 = CARTESIAN_POINT ( 'NONE',  ( 62.99999999999992895, 2.000000000000000000, -25.20000000000000284 ) ) ;
#1812 = CONICAL_SURFACE ( 'NONE', #234, 9.000000000000042633, 0.7853981633974500554 ) ;
#1813 = DIRECTION ( 'NONE',  ( 1.000000000000000000, 0.000000000000000000, -0.000000000000000000 ) ) ;
#1814 = CARTESIAN_POINT ( 'NONE',  ( 56.00000000000005684, 2.000000000000000000, -47.00000000000002132 ) ) ;
#1815 = ORIENTED_EDGE ( 'NONE', *, *, #352, .T. ) ;
#1816 = CARTESIAN_POINT ( 'NONE',  ( -65.00000000000000000, 2.000000000000000000, -65.00000000000000000 ) ) ;
#1817 = DIRECTION ( 'NONE',  ( -0.7071067811865489050, 0.7071067811865461294, 0.000000000000000000 ) ) ;
#1818 = EDGE_CURVE ( 'NONE', #1004, #1042, #649, .T. ) ;
#1819 = EDGE_CURVE ( 'NONE', #531, #1004, #1206, .T. ) ;
#1820 = ORIENTED_EDGE ( 'NONE', *, *, #325, .F. ) ;
#1821 = EDGE_LOOP ( 'NONE', ( #1223, #1108, #1820, #27 ) ) ;
#1822 = EDGE_LOOP ( 'NONE', ( #2079, #832, #1932, #1602 ) ) ;
#1823 = DIRECTION ( 'NONE',  ( 0.000000000000000000, 0.000000000000000000, -1.000000000000000000 ) ) ;
#1824 = DIRECTION ( 'NONE',  ( -0.000000000000000000, 1.000000000000000000, -0.000000000000000000 ) ) ;
#1825 =( GEOMETRIC_REPRESENTATION_CONTEXT ( 3 ) GLOBAL_UNCERTAINTY_ASSIGNED_CONTEXT ( ( #1942 ) ) GLOBAL_UNIT_ASSIGNED_CONTEXT ( ( #1983, #1663, #1497 ) ) REPRESENTATION_CONTEXT ( 'NONE', 'WORKASPACE' ) );
#1826 = EDGE_CURVE ( 'NONE', #43, #985, #691, .T. ) ;
#1827 = CIRCLE ( 'NONE', #2074, 1.750000000000001554 ) ;
#1828 = ORIENTED_EDGE ( 'NONE', *, *, #255, .T. ) ;
#1829 = CARTESIAN_POINT ( 'NONE',  ( -62.99999999999976552, -2.000000000000000000, 50.40000000000001279 ) ) ;
#1830 = EDGE_CURVE ( 'NONE', #333, #2033, #1040, .T. ) ;
#1831 = CARTESIAN_POINT ( 'NONE',  ( -63.00000000000011369, 2.000000000000000000, -52.14999999999999147 ) ) ;
#1832 = AXIS2_PLACEMENT_3D ( 'NONE', #1343, #1193, #233 ) ;
#1833 = ORIENTED_EDGE ( 'NONE', *, *, #1576, .T. ) ;
#1834 = FACE_OUTER_BOUND ( 'NONE', #23, .T. ) ;
#1835 = CARTESIAN_POINT ( 'NONE',  ( -50.39999999999999858, 2.000000000000000000, -62.99999999999976552 ) ) ;
#1836 = CARTESIAN_POINT ( 'NONE',  ( -63.00000000000011369, 2.000000000000000000, -50.39999999999999147 ) ) ;
#1837 = ORIENTED_EDGE ( 'NONE', *, *, #1334, .T. ) ;
#1838 = DIRECTION ( 'NONE',  ( 0.000000000000000000, 0.000000000000000000, 1.000000000000000000 ) ) ;
#1839 = CARTESIAN_POINT ( 'NONE',  ( -47.00000000000000000, -2.000000000000028866, 52.00000000000000000 ) ) ;
#1840 = LINE ( 'NONE', #1186, #1907 ) ;
#1841 = FACE_BOUND ( 'NONE', #1593, .T. ) ;
#1842 = AXIS2_PLACEMENT_3D ( 'NONE', #836, #1904, #316 ) ;
#1843 = VECTOR ( 'NONE', #1266, 1000.000000000000000 ) ;
#1844 = EDGE_LOOP ( 'NONE', ( #733, #540, #395, #1922 ) ) ;
#1845 = DIRECTION ( 'NONE',  ( 0.000000000000000000, 0.000000000000000000, 1.000000000000000000 ) ) ;
#1846 = EDGE_CURVE ( 'NONE', #1633, #40, #1870, .T. ) ;
#1847 = EDGE_LOOP ( 'NONE', ( #1490, #769, #1106, #1342 ) ) ;
#1848 = LINE ( 'NONE', #898, #51 ) ;
#1849 = DIRECTION ( 'NONE',  ( -0.000000000000000000, -1.000000000000000000, -0.000000000000000000 ) ) ;
#1850 = CARTESIAN_POINT ( 'NONE',  ( 62.99999999999976552, 2.000000000000000000, -48.64999999999973568 ) ) ;
#1851 = LINE ( 'NONE', #1538, #57 ) ;
#1852 = EDGE_CURVE ( 'NONE', #1791, #1479, #433, .T. ) ;
#1853 = CARTESIAN_POINT ( 'NONE',  ( 62.99999999999976552, -2.000000000000000000, -50.40000000000000568 ) ) ;
#1854 = VERTEX_POINT ( 'NONE', #1881 ) ;
#1855 = ORIENTED_EDGE ( 'NONE', *, *, #1439, .T. ) ;
#1856 = DIRECTION ( 'NONE',  ( 0.000000000000000000, 1.000000000000000000, 0.000000000000000000 ) ) ;
#1857 = LINE ( 'NONE', #877, #1332 ) ;
#1858 = EDGE_CURVE ( 'NONE', #1694, #1653, #1104, .T. ) ;
#1859 = ORIENTED_EDGE ( 'NONE', *, *, #755, .T. ) ;
#1860 = ORIENTED_EDGE ( 'NONE', *, *, #808, .T. ) ;
#1861 = EDGE_CURVE ( 'NONE', #232, #262, #1362, .T. ) ;
#1862 = DIRECTION ( 'NONE',  ( 0.000000000000000000, 0.000000000000000000, 1.000000000000000000 ) ) ;
#1863 = CARTESIAN_POINT ( 'NONE',  ( 63.00000000000011369, -2.000000000000000000, 52.15000000000016200 ) ) ;
#1864 = CARTESIAN_POINT ( 'NONE',  ( -50.39999999999999858, 2.000000000000000000, -64.74999999999977263 ) ) ;
#1865 = CARTESIAN_POINT ( 'NONE',  ( 52.00000000000001421, -2.000000000000000000, -47.00000000000002132 ) ) ;
#1866 = AXIS2_PLACEMENT_3D ( 'NONE', #1401, #2057, #396 ) ;
#1867 = FACE_BOUND ( 'NONE', #795, .T. ) ;
#1868 = AXIS2_PLACEMENT_3D ( 'NONE', #1482, #1020, #1491 ) ;
#1869 = CARTESIAN_POINT ( 'NONE',  ( -62.99999999999976552, -2.000000000000000000, 50.40000000000001279 ) ) ;
#1870 = CIRCLE ( 'NONE', #972, 1.750000000000001554 ) ;
#1871 = ORIENTED_EDGE ( 'NONE', *, *, #1451, .T. ) ;
#1872 = DIRECTION ( 'NONE',  ( 0.000000000000000000, 0.000000000000000000, 1.000000000000000000 ) ) ;
#1873 = LINE ( 'NONE', #439, #803 ) ;
#1874 = EDGE_CURVE ( 'NONE', #2070, #746, #1630, .T. ) ;
#1875 = DIRECTION ( 'NONE',  ( -0.000000000000000000, 1.000000000000000000, -0.000000000000000000 ) ) ;
#1876 = DIRECTION ( 'NONE',  ( 0.000000000000000000, 0.000000000000000000, 1.000000000000000000 ) ) ;
#1877 = CIRCLE ( 'NONE', #1979, 4.999999999999997335 ) ;
#1878 = ORIENTED_EDGE ( 'NONE', *, *, #115, .T. ) ;
#1879 = FACE_OUTER_BOUND ( 'NONE', #1197, .T. ) ;
#1880 = CIRCLE ( 'NONE', #953, 1.750000000000001554 ) ;
#1881 = CARTESIAN_POINT ( 'NONE',  ( -62.99999999999992895, -2.000000000000000000, 26.95000000000000284 ) ) ;
#1882 = CARTESIAN_POINT ( 'NONE',  ( -47.00000000000000000, -2.000000000000000000, 52.00000000000000000 ) ) ;
#1883 = DIRECTION ( 'NONE',  ( 0.000000000000000000, 0.000000000000000000, -1.000000000000000000 ) ) ;
#1884 = CARTESIAN_POINT ( 'NONE',  ( -50.39999999999999858, 2.000000000000000000, -61.24999999999976552 ) ) ;
#1885 = ADVANCED_FACE ( 'NONE', ( #796 ), #140, .T. ) ;
#1886 = ORIENTED_EDGE ( 'NONE', *, *, #1353, .T. ) ;
#1887 = CARTESIAN_POINT ( 'NONE',  ( -25.19999999999999218, 2.000000000000000000, 63.00000000000011369 ) ) ;
#1888 = VERTEX_POINT ( 'NONE', #139 ) ;
#1889 = LINE ( 'NONE', #265, #1535 ) ;
#1890 = CYLINDRICAL_SURFACE ( 'NONE', #1275, 1.750000000000272227 ) ;
#1891 = VERTEX_POINT ( 'NONE', #777 ) ;
#1892 = CARTESIAN_POINT ( 'NONE',  ( -47.00000000000000000, 2.000000000000000000, 47.00000000000000000 ) ) ;
#1893 = FACE_OUTER_BOUND ( 'NONE', #543, .T. ) ;
#1894 = CARTESIAN_POINT ( 'NONE',  ( 63.00000000000011369, -2.000000000000000000, -6.938893903907228378E-15 ) ) ;
#1895 = VECTOR ( 'NONE', #1711, 1000.000000000000114 ) ;
#1896 = EDGE_CURVE ( 'NONE', #177, #182, #2021, .T. ) ;
#1897 = LINE ( 'NONE', #782, #1301 ) ;
#1898 = CARTESIAN_POINT ( 'NONE',  ( -69.99999999999998579, 2.000000000000000000, 70.00000000000000000 ) ) ;
#1899 = EDGE_CURVE ( 'NONE', #262, #14, #1641, .T. ) ;
#1900 = VECTOR ( 'NONE', #175, 1000.000000000000114 ) ;
#1901 = AXIS2_PLACEMENT_3D ( 'NONE', #150, #1115, #788 ) ;
#1902 = ORIENTED_EDGE ( 'NONE', *, *, #1451, .F. ) ;
#1903 = CARTESIAN_POINT ( 'NONE',  ( 70.00000000000000000, -2.000000000000000000, -70.00000000000000000 ) ) ;
#1904 = DIRECTION ( 'NONE',  ( -0.000000000000000000, -1.000000000000000000, -0.000000000000000000 ) ) ;
#1905 = DIRECTION ( 'NONE',  ( 0.000000000000000000, 0.000000000000000000, 1.000000000000000000 ) ) ;
#1906 = CARTESIAN_POINT ( 'NONE',  ( -63.00000000000011369, 2.000000000000000000, -25.19999999999999218 ) ) ;
#1907 = VECTOR ( 'NONE', #403, 1000.000000000000000 ) ;
#1908 = ADVANCED_FACE ( 'NONE', ( #1560 ), #772, .F. ) ;
#1909 = AXIS2_PLACEMENT_3D ( 'NONE', #1320, #1962, #454 ) ;
#1910 = EDGE_CURVE ( 'NONE', #268, #1794, #494, .T. ) ;
#1911 = DIRECTION ( 'NONE',  ( 0.000000000000000000, 1.000000000000000000, 0.000000000000000000 ) ) ;
#1912 = DIRECTION ( 'NONE',  ( 0.000000000000000000, 1.000000000000000000, 0.000000000000000000 ) ) ;
#1913 = DIRECTION ( 'NONE',  ( -0.000000000000000000, -1.000000000000000000, -0.000000000000000000 ) ) ;
#1914 = CARTESIAN_POINT ( 'NONE',  ( -52.00000000000000000, -2.000000000000028866, -47.00000000000002132 ) ) ;
#1915 = ORIENTED_EDGE ( 'NONE', *, *, #313, .T. ) ;
#1916 = EDGE_CURVE ( 'NONE', #1304, #574, #264, .T. ) ;
#1917 = DIRECTION ( 'NONE',  ( 0.000000000000000000, 0.000000000000000000, -1.000000000000000000 ) ) ;
#1918 = EDGE_CURVE ( 'NONE', #1791, #686, #1848, .T. ) ;
#1919 = ORIENTED_EDGE ( 'NONE', *, *, #834, .T. ) ;
#1920 = ORIENTED_EDGE ( 'NONE', *, *, #452, .T. ) ;
#1921 = LINE ( 'NONE', #616, #26 ) ;
#1922 = ORIENTED_EDGE ( 'NONE', *, *, #463, .F. ) ;
#1923 = CARTESIAN_POINT ( 'NONE',  ( -62.99999999999976552, 2.000000000000000000, 50.40000000000001279 ) ) ;
#1924 = DIRECTION ( 'NONE',  ( 0.000000000000000000, 1.000000000000000000, 0.000000000000000000 ) ) ;
#1925 = PRODUCT_DEFINITION_SHAPE ( 'NONE', 'NONE',  #1429 ) ;
#1926 = ORIENTED_EDGE ( 'NONE', *, *, #1271, .T. ) ;
#1927 = AXIS2_PLACEMENT_3D ( 'NONE', #1795, #1015, #218 ) ;
#1928 = DIRECTION ( 'NONE',  ( 0.000000000000000000, 0.000000000000000000, 1.000000000000000000 ) ) ;
#1929 = VECTOR ( 'NONE', #1384, 1000.000000000000000 ) ;
#1930 = DIRECTION ( 'NONE',  ( -0.000000000000000000, -1.000000000000000000, -0.000000000000000000 ) ) ;
#1931 = AXIS2_PLACEMENT_3D ( 'NONE', #1056, #65, #422 ) ;
#1932 = ORIENTED_EDGE ( 'NONE', *, *, #1027, .F. ) ;
#1933 = ORIENTED_EDGE ( 'NONE', *, *, #966, .T. ) ;
#1934 = CARTESIAN_POINT ( 'NONE',  ( -56.00000000000004263, 2.000000000000000000, 0.000000000000000000 ) ) ;
#1935 = AXIS2_PLACEMENT_3D ( 'NONE', #1956, #1646, #1174 ) ;
#1936 = CYLINDRICAL_SURFACE ( 'NONE', #1730, 1.749999999999994671 ) ;
#1937 = ADVANCED_FACE ( 'NONE', ( #74 ), #1521, .F. ) ;
#1938 = ORIENTED_EDGE ( 'NONE', *, *, #1555, .T. ) ;
#1939 = EDGE_CURVE ( 'NONE', #1287, #1177, #1857, .T. ) ;
#1940 = ORIENTED_EDGE ( 'NONE', *, *, #2064, .T. ) ;
#1941 = LINE ( 'NONE', #1137, #881 ) ;
#1942 = UNCERTAINTY_MEASURE_WITH_UNIT (LENGTH_MEASURE( 1.000000000000000082E-05 ), #1983, 'distance_accuracy_value', 'NONE');
#1943 = ORIENTED_EDGE ( 'NONE', *, *, #1986, .T. ) ;
#1944 = CLOSED_SHELL ( 'NONE', ( #1797, #602, #547, #2088, #336, #394, #1664, #1143, #349, #611, #669, #1908, #685, #1500, #372, #1588, #44, #2020, #1300, #1514, #993, #947, #1238, #1614, #1475, #879, #1937, #170, #1965, #1727, #1225, #522, #208, #1292, #634, #937, #1766, #1211, #572, #820, #1050, #891, #154, #2017, #487, #78, #1099, #846, #610, #1885, #1173, #1566, #837, #969, #466, #1950, #1744, #56 ) ) ;
#1945 = AXIS2_PLACEMENT_3D ( 'NONE', #453, #1849, #117 ) ;
#1946 = ORIENTED_EDGE ( 'NONE', *, *, #1355, .T. ) ;
#1947 = CARTESIAN_POINT ( 'NONE',  ( -52.00000000000000000, -2.000000000000028866, 52.00000000000000000 ) ) ;
#1948 = CIRCLE ( 'NONE', #1679, 1.749999999999994671 ) ;
#1949 = CARTESIAN_POINT ( 'NONE',  ( -25.19999999999999218, 2.000000000000000000, 61.25000000000011369 ) ) ;
#1950 = ADVANCED_FACE ( 'NONE', ( #1657 ), #91, .F. ) ;
#1951 = EDGE_CURVE ( 'NONE', #292, #1694, #1464, .T. ) ;
#1952 = ORIENTED_EDGE ( 'NONE', *, *, #647, .T. ) ;
#1953 = LINE ( 'NONE', #513, #1160 ) ;
#1954 = EDGE_LOOP ( 'NONE', ( #33, #512, #914, #529 ) ) ;
#1955 = ORIENTED_EDGE ( 'NONE', *, *, #412, .F. ) ;
#1956 = CARTESIAN_POINT ( 'NONE',  ( -50.39999999999999147, -2.000000000000000000, 63.00000000000011369 ) ) ;
#1957 = CARTESIAN_POINT ( 'NONE',  ( 25.19999999999999929, 2.000000000000000000, -61.25000000000010658 ) ) ;
#1958 = FACE_OUTER_BOUND ( 'NONE', #196, .T. ) ;
#1959 = CARTESIAN_POINT ( 'NONE',  ( 50.39999999999999858, -2.000000000000000000, -64.75000000000011369 ) ) ;
#1960 = ORIENTED_EDGE ( 'NONE', *, *, #874, .T. ) ;
#1961 = DIRECTION ( 'NONE',  ( 0.000000000000000000, 1.000000000000000000, 0.000000000000000000 ) ) ;
#1962 = DIRECTION ( 'NONE',  ( 0.000000000000000000, 1.000000000000000000, 0.000000000000000000 ) ) ;
#1963 = FACE_OUTER_BOUND ( 'NONE', #1556, .T. ) ;
#1964 = ORIENTED_EDGE ( 'NONE', *, *, #737, .T. ) ;
#1965 = ADVANCED_FACE ( 'NONE', ( #399 ), #106, .F. ) ;
#1966 = ORIENTED_EDGE ( 'NONE', *, *, #1346, .T. ) ;
#1967 = AXIS2_PLACEMENT_3D ( 'NONE', #793, #1277, #1148 ) ;
#1968 = ORIENTED_EDGE ( 'NONE', *, *, #1874, .F. ) ;
#1969 = FACE_OUTER_BOUND ( 'NONE', #1325, .T. ) ;
#1970 = AXIS2_PLACEMENT_3D ( 'NONE', #1351, #710, #279 ) ;
#1971 = LINE ( 'NONE', #1685, #1014 ) ;
#1972 = AXIS2_PLACEMENT_3D ( 'NONE', #1835, #1682, #716 ) ;
#1973 = DIRECTION ( 'NONE',  ( 0.000000000000000000, 1.000000000000000000, 0.000000000000000000 ) ) ;
#1974 = CARTESIAN_POINT ( 'NONE',  ( -64.99999999999998579, 2.000000000000000000, 65.00000000000000000 ) ) ;
#1975 = VERTEX_POINT ( 'NONE', #1993 ) ;
#1976 = CARTESIAN_POINT ( 'NONE',  ( -65.00000000000000000, 2.000000000000000000, -65.00000000000000000 ) ) ;
#1977 = LINE ( 'NONE', #1191, #561 ) ;
#1978 = EDGE_CURVE ( 'NONE', #92, #43, #420, .T. ) ;
#1979 = AXIS2_PLACEMENT_3D ( 'NONE', #1649, #1159, #364 ) ;
#1980 = DIRECTION ( 'NONE',  ( -0.000000000000000000, -1.000000000000000000, -0.000000000000000000 ) ) ;
#1981 = AXIS2_PLACEMENT_3D ( 'NONE', #1375, #1383, #2026 ) ;
#1982 = PLANE ( 'NONE',  #1732 ) ;
#1983 =( LENGTH_UNIT ( ) NAMED_UNIT ( * ) SI_UNIT ( .MILLI., .METRE. ) );
#1984 = ORIENTED_EDGE ( 'NONE', *, *, #1187, .F. ) ;
#1985 = DIRECTION ( 'NONE',  ( 0.000000000000000000, 0.000000000000000000, -1.000000000000000000 ) ) ;
#1986 = EDGE_CURVE ( 'NONE', #343, #305, #551, .T. ) ;
#1987 = EDGE_CURVE ( 'NONE', #1028, #1102, #1702, .T. ) ;
#1988 = LINE ( 'NONE', #426, #968 ) ;
#1989 = ORIENTED_EDGE ( 'NONE', *, *, #84, .F. ) ;
#1990 = ORIENTED_EDGE ( 'NONE', *, *, #700, .F. ) ;
#1991 = LINE ( 'NONE', #830, #1528 ) ;
#1992 = ORIENTED_EDGE ( 'NONE', *, *, #661, .T. ) ;
#1993 = CARTESIAN_POINT ( 'NONE',  ( 1.894098551623418863E-16, -2.000000000000000000, -61.25000000000010658 ) ) ;
#1994 = DIRECTION ( 'NONE',  ( 0.000000000000000000, 1.000000000000000000, 0.000000000000000000 ) ) ;
#1995 = CARTESIAN_POINT ( 'NONE',  ( -50.39999999999999147, 2.000000000000000000, 64.75000000000011369 ) ) ;
#1996 = AXIS2_PLACEMENT_3D ( 'NONE', #2039, #1540, #1506 ) ;
#1997 = ORIENTED_EDGE ( 'NONE', *, *, #981, .F. ) ;
#1998 = FACE_BOUND ( 'NONE', #790, .T. ) ;
#1999 = CIRCLE ( 'NONE', #1105, 1.750000000000244471 ) ;
#2000 = EDGE_CURVE ( 'NONE', #108, #686, #1501, .T. ) ;
#2001 = ORIENTED_EDGE ( 'NONE', *, *, #1861, .F. ) ;
#2002 = AXIS2_PLACEMENT_3D ( 'NONE', #429, #749, #1254 ) ;
#2003 = ORIENTED_EDGE ( 'NONE', *, *, #1951, .F. ) ;
#2004 = DIRECTION ( 'NONE',  ( 0.000000000000000000, 1.000000000000000000, 0.000000000000000000 ) ) ;
#2005 = AXIS2_PLACEMENT_3D ( 'NONE', #1740, #598, #157 ) ;
#2006 = DIRECTION ( 'NONE',  ( -0.000000000000000000, -1.000000000000000000, -0.000000000000000000 ) ) ;
#2007 = ORIENTED_EDGE ( 'NONE', *, *, #1146, .T. ) ;
#2008 = FACE_OUTER_BOUND ( 'NONE', #750, .T. ) ;
#2009 = ORIENTED_EDGE ( 'NONE', *, *, #1486, .F. ) ;
#2010 = CARTESIAN_POINT ( 'NONE',  ( -62.99999999999992895, 2.000000000000000000, 26.95000000000000284 ) ) ;
#2011 = CARTESIAN_POINT ( 'NONE',  ( -25.19999999999999929, 2.000000000000000000, -64.74999999999992895 ) ) ;
#2012 = DIRECTION ( 'NONE',  ( 0.000000000000000000, 1.000000000000000000, 0.000000000000000000 ) ) ;
#2013 = ORIENTED_EDGE ( 'NONE', *, *, #142, .T. ) ;
#2014 = CARTESIAN_POINT ( 'NONE',  ( 56.00000000000007105, 2.000000000000000000, 47.00000000000000000 ) ) ;
#2015 = CARTESIAN_POINT ( 'NONE',  ( -62.99999999999976552, -2.000000000000000000, 48.65000000000001990 ) ) ;
#2016 = CIRCLE ( 'NONE', #341, 1.750000000000199396 ) ;
#2017 = ADVANCED_FACE ( 'NONE', ( #2008 ), #1216, .F. ) ;
#2018 = FACE_OUTER_BOUND ( 'NONE', #447, .T. ) ;
#2019 = VERTEX_POINT ( 'NONE', #251 ) ;
#2020 = ADVANCED_FACE ( 'NONE', ( #1381 ), #1232, .F. ) ;
#2021 = LINE ( 'NONE', #1723, #2076 ) ;
#2022 = DIRECTION ( 'NONE',  ( -0.000000000000000000, -1.000000000000000000, -0.000000000000000000 ) ) ;
#2023 = FACE_OUTER_BOUND ( 'NONE', #1844, .T. ) ;
#2024 = EDGE_LOOP ( 'NONE', ( #1149, #955 ) ) ;
#2025 = ORIENTED_EDGE ( 'NONE', *, *, #1121, .T. ) ;
#2026 = DIRECTION ( 'NONE',  ( 0.000000000000000000, 0.000000000000000000, -1.000000000000000000 ) ) ;
#2027 = DIRECTION ( 'NONE',  ( 0.000000000000000000, 0.000000000000000000, 1.000000000000000000 ) ) ;
#2028 = CARTESIAN_POINT ( 'NONE',  ( -47.00000000000000000, 2.000000000000000000, -56.00000000000006395 ) ) ;
#2029 = CARTESIAN_POINT ( 'NONE',  ( 25.20000000000000639, 2.000000000000000000, 62.99999999999992895 ) ) ;
#2030 = ORIENTED_EDGE ( 'NONE', *, *, #128, .F. ) ;
#2031 = LINE ( 'NONE', #445, #1198 ) ;
#2032 = FACE_OUTER_BOUND ( 'NONE', #1954, .T. ) ;
#2033 = VERTEX_POINT ( 'NONE', #1427 ) ;
#2034 = DIRECTION ( 'NONE',  ( 0.000000000000000000, 0.000000000000000000, -1.000000000000000000 ) ) ;
#2035 = ORIENTED_EDGE ( 'NONE', *, *, #585, .F. ) ;
#2036 = CARTESIAN_POINT ( 'NONE',  ( -50.39999999999999147, 2.000000000000000000, 63.00000000000011369 ) ) ;
#2037 = CARTESIAN_POINT ( 'NONE',  ( -63.00000000000011369, 2.000000000000000000, -25.19999999999999218 ) ) ;
#2038 = DIRECTION ( 'NONE',  ( 0.000000000000000000, 0.000000000000000000, -1.000000000000000000 ) ) ;
#2039 = CARTESIAN_POINT ( 'NONE',  ( 50.40000000000000568, 2.000000000000000000, 62.99999999999976552 ) ) ;
#2040 = ORIENTED_EDGE ( 'NONE', *, *, #995, .F. ) ;
#2041 = CIRCLE ( 'NONE', #1128, 1.750000000000001554 ) ;
#2042 = AXIS2_PLACEMENT_3D ( 'NONE', #486, #500, #1436 ) ;
#2043 = ORIENTED_EDGE ( 'NONE', *, *, #118, .F. ) ;
#2044 = LINE ( 'NONE', #594, #589 ) ;
#2045 = AXIS2_PLACEMENT_3D ( 'NONE', #1296, #1912, #1130 ) ;
#2046 = EDGE_LOOP ( 'NONE', ( #1339, #1166 ) ) ;
#2047 = ORIENTED_EDGE ( 'NONE', *, *, #737, .F. ) ;
#2048 = CIRCLE ( 'NONE', #298, 1.749999999999994671 ) ;
#2049 = AXIS2_PLACEMENT_3D ( 'NONE', #586, #948, #560 ) ;
#2050 = MECHANICAL_DESIGN_GEOMETRIC_PRESENTATION_REPRESENTATION (  '', ( #393 ), #596 ) ;
#2051 = CARTESIAN_POINT ( 'NONE',  ( 50.40000000000000568, 2.000000000000000000, 64.74999999999977263 ) ) ;
#2052 = DIRECTION ( 'NONE',  ( 0.000000000000000000, 1.000000000000000000, 0.000000000000000000 ) ) ;
#2053 = EDGE_CURVE ( 'NONE', #1317, #1652, #1073, .T. ) ;
#2054 = ORIENTED_EDGE ( 'NONE', *, *, #1406, .T. ) ;
#2055 = FACE_OUTER_BOUND ( 'NONE', #1508, .T. ) ;
#2056 = CIRCLE ( 'NONE', #442, 1.749999999999996225 ) ;
#2057 = DIRECTION ( 'NONE',  ( -0.000000000000000000, 1.000000000000000000, -0.000000000000000000 ) ) ;
#2058 = AXIS2_PLACEMENT_3D ( 'NONE', #204, #680, #348 ) ;
#2059 = CIRCLE ( 'NONE', #773, 1.750000000000272227 ) ;
#2060 = DIRECTION ( 'NONE',  ( 0.000000000000000000, 0.000000000000000000, -1.000000000000000000 ) ) ;
#2061 = EDGE_CURVE ( 'NONE', #1888, #568, #1897, .T. ) ;
#2062 = CARTESIAN_POINT ( 'NONE',  ( 25.20000000000000639, 2.000000000000000000, 61.24999999999992895 ) ) ;
#2063 = CARTESIAN_POINT ( 'NONE',  ( -63.00000000000011369, 2.000000000000000000, 1.040834085586084257E-14 ) ) ;
#2064 = EDGE_CURVE ( 'NONE', #1408, #658, #1735, .T. ) ;
#2065 = DIRECTION ( 'NONE',  ( 0.000000000000000000, 0.000000000000000000, -1.000000000000000000 ) ) ;
#2066 = CARTESIAN_POINT ( 'NONE',  ( -62.99999999999992895, -2.000000000000000000, 25.20000000000000639 ) ) ;
#2067 = CARTESIAN_POINT ( 'NONE',  ( 6.938893903907228378E-15, 2.000000000000000000, 63.00000000000011369 ) ) ;
#2068 = EDGE_LOOP ( 'NONE', ( #483, #932, #817, #1594 ) ) ;
#2069 = DIRECTION ( 'NONE',  ( 0.000000000000000000, 0.000000000000000000, 1.000000000000000000 ) ) ;
#2070 = VERTEX_POINT ( 'NONE', #435 ) ;
#2071 = DIRECTION ( 'NONE',  ( 0.000000000000000000, 0.000000000000000000, -1.000000000000000000 ) ) ;
#2072 = AXIS2_PLACEMENT_3D ( 'NONE', #1488, #53, #848 ) ;
#2073 = DIRECTION ( 'NONE',  ( 0.000000000000000000, 0.000000000000000000, 1.000000000000000000 ) ) ;
#2074 = AXIS2_PLACEMENT_3D ( 'NONE', #110, #402, #1515 ) ;
#2075 = CIRCLE ( 'NONE', #1498, 1.750000000000001554 ) ;
#2076 = VECTOR ( 'NONE', #1269, 1000.000000000000000 ) ;
#2077 = DIRECTION ( 'NONE',  ( 0.000000000000000000, 1.000000000000000000, 0.000000000000000000 ) ) ;
#2078 = ORIENTED_EDGE ( 'NONE', *, *, #18, .T. ) ;
#2079 = ORIENTED_EDGE ( 'NONE', *, *, #582, .T. ) ;
#2080 = FACE_OUTER_BOUND ( 'NONE', #1681, .T. ) ;
#2081 = DIRECTION ( 'NONE',  ( -0.000000000000000000, -1.000000000000000000, -0.000000000000000000 ) ) ;
#2082 = DIRECTION ( 'NONE',  ( 0.000000000000000000, 1.000000000000000000, 0.000000000000000000 ) ) ;
#2083 = EDGE_CURVE ( 'NONE', #92, #1367, #833, .T. ) ;
#2084 = ORIENTED_EDGE ( 'NONE', *, *, #54, .T. ) ;
#2085 = DIRECTION ( 'NONE',  ( -0.000000000000000000, -1.000000000000000000, -0.000000000000000000 ) ) ;
#2086 = CARTESIAN_POINT ( 'NONE',  ( 25.20000000000000639, 2.000000000000000000, 62.99999999999992895 ) ) ;
#2087 = AXIS2_PLACEMENT_3D ( 'NONE', #2067, #785, #1751 ) ;
#2088 = ADVANCED_FACE ( 'NONE', ( #309 ), #1418, .F. ) ;
#2089 = AXIS2_PLACEMENT_3D ( 'NONE', #324, #800, #2069 ) ;
#2090 = CARTESIAN_POINT ( 'NONE',  ( -25.19999999999999218, 2.000000000000000000, 61.25000000000011369 ) ) ;
#2091 = PRODUCT ( '¸ÖÍø¼Ð AÃæ', '¸ÖÍø¼Ð AÃæ', '', ( #71 ) ) ;
#2092 = CARTESIAN_POINT ( 'NONE',  ( 47.00000000000000711, -2.000000000000000000, -52.00000000000002132 ) ) ;
#2093 = CARTESIAN_POINT ( 'NONE',  ( -25.19999999999999929, -2.000000000000000000, -62.99999999999992895 ) ) ;
#2094 = DIRECTION ( 'NONE',  ( 6.672013369141566696E-17, 0.000000000000000000, 1.000000000000000000 ) ) ;
#2095 = DIRECTION ( 'NONE',  ( 0.000000000000000000, 0.000000000000000000, 1.000000000000000000 ) ) ;
#2096 = EDGE_LOOP ( 'NONE', ( #826, #1920 ) ) ;
#2097 = EDGE_CURVE ( 'NONE', #982, #840, #1713, .T. ) ;
#2098 = DIRECTION ( 'NONE',  ( -0.000000000000000000, -1.000000000000000000, -0.000000000000000000 ) ) ;
ENDSEC;
END-ISO-10303-21;
