ISO-10303-21;
HEADER;
FILE_DESCRIPTION (( 'STEP AP214' ),
    '1' );
FILE_NAME ('¸ÖÍø¼Ð BÃæ.STEP',
    '2025-07-20T13:04:15',
    ( '' ),
    ( '' ),
    'SwSTEP 2.0',
    'SolidWorks 2020',
    '' );
FILE_SCHEMA (( 'AUTOMOTIVE_DESIGN' ));
ENDSEC;

DATA;
#1 = ADVANCED_FACE ( 'NONE', ( #1591 ), #1779, .T. ) ;
#2 = ORIENTED_EDGE ( 'NONE', *, *, #275, .T. ) ;
#3 = VECTOR ( 'NONE', #1354, 1000.000000000000000 ) ;
#4 = DIRECTION ( 'NONE',  ( 0.000000000000000000, 0.000000000000000000, -1.000000000000000000 ) ) ;
#5 = CARTESIAN_POINT ( 'NONE',  ( 50.39999999999999858, 2.000000000000000000, -61.50000000000011369 ) ) ;
#6 = CARTESIAN_POINT ( 'NONE',  ( -50.39999999999999858, -2.000000000000000000, -62.99999999999976552 ) ) ;
#7 = DIRECTION ( 'NONE',  ( -0.000000000000000000, -1.000000000000000000, -0.000000000000000000 ) ) ;
#8 = VECTOR ( 'NONE', #1840, 1000.000000000000000 ) ;
#9 = CARTESIAN_POINT ( 'NONE',  ( -63.00000000000011369, -2.000000000000000000, -25.19999999999998863 ) ) ;
#10 = EDGE_CURVE ( 'NONE', #401, #2467, #2519, .T. ) ;
#11 =( LENGTH_UNIT ( ) NAMED_UNIT ( * ) SI_UNIT ( .MILLI., .METRE. ) );
#12 = CIRCLE ( 'NONE', #424, 1.500000000000001332 ) ;
#13 = VECTOR ( 'NONE', #2582, 1000.000000000000000 ) ;
#14 = ORIENTED_EDGE ( 'NONE', *, *, #2855, .F. ) ;
#15 = CARTESIAN_POINT ( 'NONE',  ( 62.99999999999992895, 2.000000000000000000, -25.20000000000000284 ) ) ;
#16 = DIRECTION ( 'NONE',  ( -0.000000000000000000, -1.000000000000000000, -0.000000000000000000 ) ) ;
#17 = AXIS2_PLACEMENT_3D ( 'NONE', #433, #1903, #1406 ) ;
#18 = VERTEX_POINT ( 'NONE', #2324 ) ;
#19 = ORIENTED_EDGE ( 'NONE', *, *, #329, .F. ) ;
#20 = CARTESIAN_POINT ( 'NONE',  ( -63.00000000000011369, 2.000000000000000000, -25.19999999999998863 ) ) ;
#21 = VECTOR ( 'NONE', #187, 1000.000000000000000 ) ;
#22 = EDGE_LOOP ( 'NONE', ( #359, #803, #2284, #1345 ) ) ;
#23 = DIRECTION ( 'NONE',  ( -0.000000000000000000, -1.000000000000000000, -0.000000000000000000 ) ) ;
#24 = DIRECTION ( 'NONE',  ( 1.336973777246094192E-16, -0.000000000000000000, 1.000000000000000000 ) ) ;
#25 = DIRECTION ( 'NONE',  ( -0.000000000000000000, -1.000000000000000000, -0.000000000000000000 ) ) ;
#26 = DIRECTION ( 'NONE',  ( -0.000000000000000000, -1.000000000000000000, -0.000000000000000000 ) ) ;
#27 = CARTESIAN_POINT ( 'NONE',  ( -50.39999999999999858, 2.000000000000000000, -62.99999999999976552 ) ) ;
#28 = VERTEX_POINT ( 'NONE', #141 ) ;
#29 = ORIENTED_EDGE ( 'NONE', *, *, #1310, .T. ) ;
#30 = LINE ( 'NONE', #59, #1541 ) ;
#31 = FACE_OUTER_BOUND ( 'NONE', #1404, .T. ) ;
#32 = CYLINDRICAL_SURFACE ( 'NONE', #2201, 1.500000000000001332 ) ;
#33 = CARTESIAN_POINT ( 'NONE',  ( -25.19999999999999929, 2.000000000000000000, -62.99999999999992895 ) ) ;
#34 = EDGE_CURVE ( 'NONE', #2423, #1191, #2383, .T. ) ;
#35 = EDGE_LOOP ( 'NONE', ( #1679, #651, #992, #2441 ) ) ;
#36 = ORIENTED_EDGE ( 'NONE', *, *, #1663, .F. ) ;
#37 = LINE ( 'NONE', #1311, #2130 ) ;
#38 = DIRECTION ( 'NONE',  ( 0.000000000000000000, 0.000000000000000000, 1.000000000000000000 ) ) ;
#39 = DIRECTION ( 'NONE',  ( -0.000000000000000000, -1.000000000000000000, -0.000000000000000000 ) ) ;
#40 = CARTESIAN_POINT ( 'NONE',  ( -63.00000000000011369, -2.000000000000000000, -50.39999999999998437 ) ) ;
#41 = AXIS2_PLACEMENT_3D ( 'NONE', #67, #1712, #1750 ) ;
#42 = ORIENTED_EDGE ( 'NONE', *, *, #1028, .T. ) ;
#43 = DIRECTION ( 'NONE',  ( -0.000000000000000000, -1.000000000000000000, -0.000000000000000000 ) ) ;
#44 = EDGE_CURVE ( 'NONE', #2684, #3055, #87, .T. ) ;
#45 = FACE_OUTER_BOUND ( 'NONE', #1948, .T. ) ;
#46 = ADVANCED_FACE ( 'NONE', ( #86 ), #1054, .T. ) ;
#47 = EDGE_LOOP ( 'NONE', ( #2559, #1031, #1815, #537 ) ) ;
#48 = ORIENTED_EDGE ( 'NONE', *, *, #206, .F. ) ;
#49 = AXIS2_PLACEMENT_3D ( 'NONE', #20, #298, #786 ) ;
#50 = EDGE_CURVE ( 'NONE', #2679, #1462, #2022, .T. ) ;
#51 = AXIS2_PLACEMENT_3D ( 'NONE', #61, #1929, #1458 ) ;
#52 = CARTESIAN_POINT ( 'NONE',  ( 63.00000000000011369, 2.000000000000000000, 50.39999999999999147 ) ) ;
#53 = CIRCLE ( 'NONE', #1725, 1.500000000000004885 ) ;
#54 = DIRECTION ( 'NONE',  ( -0.000000000000000000, -1.000000000000000000, -0.000000000000000000 ) ) ;
#55 = CIRCLE ( 'NONE', #769, 1.500000000000001332 ) ;
#56 = ORIENTED_EDGE ( 'NONE', *, *, #394, .F. ) ;
#57 = CIRCLE ( 'NONE', #2857, 5.000000000000004441 ) ;
#58 = VERTEX_POINT ( 'NONE', #1398 ) ;
#59 = CARTESIAN_POINT ( 'NONE',  ( -62.99999999999976552, 2.000000000000000000, 51.90000000000001279 ) ) ;
#60 = ORIENTED_EDGE ( 'NONE', *, *, #181, .F. ) ;
#61 = CARTESIAN_POINT ( 'NONE',  ( 46.89999999999999858, 2.000000000000000000, -46.90000000000001279 ) ) ;
#62 = DIRECTION ( 'NONE',  ( 0.000000000000000000, 0.000000000000000000, -1.000000000000000000 ) ) ;
#63 = LINE ( 'NONE', #2982, #3063 ) ;
#64 = ORIENTED_EDGE ( 'NONE', *, *, #1979, .F. ) ;
#65 = VECTOR ( 'NONE', #1473, 1000.000000000000000 ) ;
#66 = EDGE_CURVE ( 'NONE', #2528, #2740, #3107, .T. ) ;
#67 = CARTESIAN_POINT ( 'NONE',  ( -66.99999999999998579, 2.000000000000000000, 20.49999999999857536 ) ) ;
#68 = VERTEX_POINT ( 'NONE', #3143 ) ;
#69 = CIRCLE ( 'NONE', #17, 1.500000000000001332 ) ;
#70 = AXIS2_PLACEMENT_3D ( 'NONE', #1611, #437, #2113 ) ;
#71 = ORIENTED_EDGE ( 'NONE', *, *, #2656, .T. ) ;
#72 = DIRECTION ( 'NONE',  ( 0.000000000000000000, 1.000000000000000000, 0.000000000000000000 ) ) ;
#73 = EDGE_CURVE ( 'NONE', #3116, #2921, #1969, .T. ) ;
#74 = ORIENTED_EDGE ( 'NONE', *, *, #658, .T. ) ;
#75 = FACE_OUTER_BOUND ( 'NONE', #848, .T. ) ;
#76 = DIRECTION ( 'NONE',  ( -1.982541115402065110E-16, -0.000000000000000000, -1.000000000000000000 ) ) ;
#77 = CYLINDRICAL_SURFACE ( 'NONE', #2968, 1.500000000000001332 ) ;
#78 = CARTESIAN_POINT ( 'NONE',  ( 63.00000000000011369, 2.000000000000000000, 23.69999999999999929 ) ) ;
#79 = VERTEX_POINT ( 'NONE', #2417 ) ;
#80 = ORIENTED_EDGE ( 'NONE', *, *, #2001, .F. ) ;
#81 = EDGE_CURVE ( 'NONE', #2068, #1368, #2892, .T. ) ;
#82 = DIRECTION ( 'NONE',  ( -0.000000000000000000, -1.000000000000000000, -0.000000000000000000 ) ) ;
#83 = ORIENTED_EDGE ( 'NONE', *, *, #707, .F. ) ;
#84 = CARTESIAN_POINT ( 'NONE',  ( 0.000000000000000000, -1.000000000000000000, 52.89999999999999858 ) ) ;
#85 = PLANE ( 'NONE',  #2794 ) ;
#86 = FACE_OUTER_BOUND ( 'NONE', #934, .T. ) ;
#87 = CIRCLE ( 'NONE', #509, 4.999999999999997335 ) ;
#88 = MECHANICAL_DESIGN_GEOMETRIC_PRESENTATION_REPRESENTATION (  '', ( #811 ), #764 ) ;
#89 = CARTESIAN_POINT ( 'NONE',  ( -63.00000000000011369, -2.000000000000000000, -1.499999999999992450 ) ) ;
#90 = CARTESIAN_POINT ( 'NONE',  ( 67.00000000000140687, -2.000000000000000000, 17.50000000000235545 ) ) ;
#91 = ADVANCED_FACE ( 'NONE', ( #2945 ), #2215, .F. ) ;
#92 = CIRCLE ( 'NONE', #1424, 1.499999999999997780 ) ;
#93 = DIRECTION ( 'NONE',  ( 0.000000000000000000, -1.000000000000000000, 0.000000000000000000 ) ) ;
#94 = AXIS2_PLACEMENT_3D ( 'NONE', #1520, #2493, #316 ) ;
#95 = CARTESIAN_POINT ( 'NONE',  ( 51.89999999999999147, -2.000000000000000000, -46.90000000000001279 ) ) ;
#96 = ORIENTED_EDGE ( 'NONE', *, *, #1069, .F. ) ;
#97 = EDGE_CURVE ( 'NONE', #748, #1386, #1709, .T. ) ;
#98 = DIRECTION ( 'NONE',  ( 0.000000000000000000, 0.000000000000000000, 1.000000000000000000 ) ) ;
#99 = FACE_OUTER_BOUND ( 'NONE', #1048, .T. ) ;
#100 = CARTESIAN_POINT ( 'NONE',  ( 46.89999999999999147, -2.000000000000000000, 52.89999999999999858 ) ) ;
#101 = ADVANCED_FACE ( 'NONE', ( #31 ), #1370, .T. ) ;
#102 = AXIS2_PLACEMENT_3D ( 'NONE', #2986, #2631, #1872 ) ;
#103 = ORIENTED_EDGE ( 'NONE', *, *, #1231, .T. ) ;
#104 = DIRECTION ( 'NONE',  ( 0.000000000000000000, 1.000000000000000000, 0.000000000000000000 ) ) ;
#105 = FACE_OUTER_BOUND ( 'NONE', #3136, .T. ) ;
#106 = DIRECTION ( 'NONE',  ( 0.000000000000000000, 1.000000000000000000, 0.000000000000000000 ) ) ;
#107 = AXIS2_PLACEMENT_3D ( 'NONE', #2520, #1803, #327 ) ;
#108 = AXIS2_PLACEMENT_3D ( 'NONE', #2203, #23, #985 ) ;
#109 = CARTESIAN_POINT ( 'NONE',  ( -63.00000000000011369, 2.000000000000000000, -48.89999999999998437 ) ) ;
#110 = ORIENTED_EDGE ( 'NONE', *, *, #1983, .F. ) ;
#111 = DIRECTION ( 'NONE',  ( 0.000000000000000000, 0.000000000000000000, 1.000000000000000000 ) ) ;
#112 = EDGE_LOOP ( 'NONE', ( #542, #1912, #1876, #83 ) ) ;
#113 = ORIENTED_EDGE ( 'NONE', *, *, #2377, .T. ) ;
#114 = ORIENTED_EDGE ( 'NONE', *, *, #3131, .T. ) ;
#115 = CARTESIAN_POINT ( 'NONE',  ( -46.89999999999999858, -1.000000000000000000, 52.89999999999999858 ) ) ;
#116 = ORIENTED_EDGE ( 'NONE', *, *, #1949, .F. ) ;
#117 = CARTESIAN_POINT ( 'NONE',  ( 65.00000000000376588, -2.000000000000000000, -62.34999999999111964 ) ) ;
#118 = CARTESIAN_POINT ( 'NONE',  ( -25.19999999999999218, -2.000000000000000000, 61.50000000000011369 ) ) ;
#119 = FACE_OUTER_BOUND ( 'NONE', #2675, .T. ) ;
#120 = ORIENTED_EDGE ( 'NONE', *, *, #427, .F. ) ;
#121 = ORIENTED_EDGE ( 'NONE', *, *, #2232, .T. ) ;
#122 = DIRECTION ( 'NONE',  ( -0.000000000000000000, -1.000000000000000000, -0.000000000000000000 ) ) ;
#123 = ADVANCED_FACE ( 'NONE', ( #1996 ), #528, .F. ) ;
#124 = DIRECTION ( 'NONE',  ( 0.000000000000000000, 0.000000000000000000, -1.000000000000000000 ) ) ;
#125 = VERTEX_POINT ( 'NONE', #782 ) ;
#126 = LINE ( 'NONE', #3049, #604 ) ;
#127 = DIRECTION ( 'NONE',  ( 0.000000000000000000, 0.000000000000000000, 1.000000000000000000 ) ) ;
#128 = DIRECTION ( 'NONE',  ( 0.000000000000000000, 0.000000000000000000, 1.000000000000000000 ) ) ;
#129 = LINE ( 'NONE', #856, #1341 ) ;
#130 = VERTEX_POINT ( 'NONE', #1746 ) ;
#131 = LINE ( 'NONE', #1067, #2337 ) ;
#132 = VERTEX_POINT ( 'NONE', #2229 ) ;
#133 = ORIENTED_EDGE ( 'NONE', *, *, #678, .T. ) ;
#134 = ORIENTED_EDGE ( 'NONE', *, *, #2770, .F. ) ;
#135 = EDGE_CURVE ( 'NONE', #1309, #2457, #408, .T. ) ;
#136 = ORIENTED_EDGE ( 'NONE', *, *, #2773, .T. ) ;
#137 = DIRECTION ( 'NONE',  ( -0.000000000000000000, -1.000000000000000000, -0.000000000000000000 ) ) ;
#138 = LINE ( 'NONE', #1608, #1574 ) ;
#139 = CARTESIAN_POINT ( 'NONE',  ( -65.00000000000000000, -2.000000000000000000, 65.00000000000002842 ) ) ;
#140 = PRODUCT_DEFINITION_FORMATION_WITH_SPECIFIED_SOURCE ( 'ÈÎºÎ', '', #1524, .NOT_KNOWN. ) ;
#141 = CARTESIAN_POINT ( 'NONE',  ( -64.99999999999631939, -2.000000000000000000, -67.65000000000206626 ) ) ;
#142 = DIRECTION ( 'NONE',  ( -0.000000000000000000, -1.000000000000000000, -0.000000000000000000 ) ) ;
#143 = FACE_OUTER_BOUND ( 'NONE', #3071, .T. ) ;
#144 = VERTEX_POINT ( 'NONE', #1946 ) ;
#145 = EDGE_CURVE ( 'NONE', #942, #1658, #2071, .T. ) ;
#146 = ORIENTED_EDGE ( 'NONE', *, *, #1274, .T. ) ;
#147 = CARTESIAN_POINT ( 'NONE',  ( -52.89999999999999858, -1.000000000000000000, 46.89999999999999147 ) ) ;
#148 = DIRECTION ( 'NONE',  ( 0.000000000000000000, 0.000000000000000000, 1.000000000000000000 ) ) ;
#149 = ORIENTED_EDGE ( 'NONE', *, *, #2748, .T. ) ;
#150 = DIRECTION ( 'NONE',  ( -0.000000000000000000, -1.000000000000000000, -0.000000000000000000 ) ) ;
#151 = DIRECTION ( 'NONE',  ( 0.000000000000000000, -1.000000000000000000, 0.000000000000000000 ) ) ;
#152 = CARTESIAN_POINT ( 'NONE',  ( -62.99999999999992895, 2.000000000000000000, 26.70000000000001705 ) ) ;
#153 = CARTESIAN_POINT ( 'NONE',  ( 62.99999999999992895, 2.000000000000000000, -26.70000000000000284 ) ) ;
#154 = PRESENTATION_LAYER_ASSIGNMENT (  '', '', ( #811 ) ) ;
#155 = ORIENTED_EDGE ( 'NONE', *, *, #994, .F. ) ;
#156 = DIRECTION ( 'NONE',  ( 0.000000000000000000, -1.000000000000000000, 0.000000000000000000 ) ) ;
#157 = AXIS2_PLACEMENT_3D ( 'NONE', #2219, #1935, #2898 ) ;
#158 = CARTESIAN_POINT ( 'NONE',  ( -50.39999999999999147, -2.000000000000000000, 63.00000000000011369 ) ) ;
#159 = VECTOR ( 'NONE', #2599, 1000.000000000000000 ) ;
#160 = ORIENTED_EDGE ( 'NONE', *, *, #1862, .T. ) ;
#161 = DIRECTION ( 'NONE',  ( 0.000000000000000000, 0.000000000000000000, -1.000000000000000000 ) ) ;
#162 = EDGE_CURVE ( 'NONE', #727, #893, #1624, .T. ) ;
#163 = VERTEX_POINT ( 'NONE', #581 ) ;
#165 = VECTOR ( 'NONE', #1118, 1000.000000000000000 ) ;
#164 = DIRECTION ( 'NONE',  ( 1.000000000000000000, 0.000000000000000000, -0.000000000000000000 ) ) ;
#166 = AXIS2_PLACEMENT_3D ( 'NONE', #2925, #1922, #2905 ) ;
#167 = EDGE_LOOP ( 'NONE', ( #1860, #832, #1480, #387 ) ) ;
#168 = AXIS2_PLACEMENT_3D ( 'NONE', #2058, #2798, #2566 ) ;
#169 = DIRECTION ( 'NONE',  ( 0.000000000000000000, 0.000000000000000000, 1.000000000000000000 ) ) ;
#170 = ORIENTED_EDGE ( 'NONE', *, *, #932, .F. ) ;
#171 = FACE_OUTER_BOUND ( 'NONE', #2819, .T. ) ;
#172 = CIRCLE ( 'NONE', #825, 4.999999999999997335 ) ;
#173 = FACE_OUTER_BOUND ( 'NONE', #1033, .T. ) ;
#174 = VERTEX_POINT ( 'NONE', #2529 ) ;
#175 = VECTOR ( 'NONE', #371, 1000.000000000000000 ) ;
#176 = CARTESIAN_POINT ( 'NONE',  ( -63.00000000000011369, 2.000000000000000000, 1.500000000000015321 ) ) ;
#177 = CYLINDRICAL_SURFACE ( 'NONE', #2607, 1.499999999999994449 ) ;
#178 = ORIENTED_EDGE ( 'NONE', *, *, #1087, .F. ) ;
#179 = ORIENTED_EDGE ( 'NONE', *, *, #334, .T. ) ;
#180 = LINE ( 'NONE', #1326, #520 ) ;
#181 = EDGE_CURVE ( 'NONE', #2432, #2901, #1353, .T. ) ;
#182 = ORIENTED_EDGE ( 'NONE', *, *, #2077, .T. ) ;
#183 = DIRECTION ( 'NONE',  ( 0.000000000000000000, 0.000000000000000000, 1.000000000000000000 ) ) ;
#184 = VERTEX_POINT ( 'NONE', #1810 ) ;
#185 = CARTESIAN_POINT ( 'NONE',  ( -69.99999999999998579, -2.000000000000000000, 20.49999999999857536 ) ) ;
#186 = DIRECTION ( 'NONE',  ( 0.000000000000000000, 0.000000000000000000, 1.000000000000000000 ) ) ;
#187 = DIRECTION ( 'NONE',  ( -0.000000000000000000, 1.000000000000000000, -0.000000000000000000 ) ) ;
#188 = FACE_BOUND ( 'NONE', #3097, .T. ) ;
#189 = VERTEX_POINT ( 'NONE', #2751 ) ;
#190 = DIRECTION ( 'NONE',  ( 0.000000000000000000, 0.000000000000000000, 1.000000000000000000 ) ) ;
#191 = CARTESIAN_POINT ( 'NONE',  ( 51.90000000000000568, -1.000000000000000000, 46.89999999999999858 ) ) ;
#192 = FACE_OUTER_BOUND ( 'NONE', #544, .T. ) ;
#193 = DIRECTION ( 'NONE',  ( 0.000000000000000000, 1.000000000000000000, 0.000000000000000000 ) ) ;
#194 = DIRECTION ( 'NONE',  ( -1.000000000000000000, 0.000000000000000000, -0.000000000000000000 ) ) ;
#195 = ORIENTED_EDGE ( 'NONE', *, *, #2642, .T. ) ;
#196 = ORIENTED_EDGE ( 'NONE', *, *, #799, .T. ) ;
#197 = EDGE_CURVE ( 'NONE', #3158, #1703, #2492, .T. ) ;
#198 = VECTOR ( 'NONE', #1585, 1000.000000000000000 ) ;
#199 = ADVANCED_FACE ( 'NONE', ( #1539 ), #631, .F. ) ;
#200 = AXIS2_PLACEMENT_3D ( 'NONE', #3164, #2165, #919 ) ;
#201 = CARTESIAN_POINT ( 'NONE',  ( -51.89999999999999147, 2.000000000000000000, 46.89999999999996305 ) ) ;
#202 = ORIENTED_EDGE ( 'NONE', *, *, #2598, .F. ) ;
#203 = CARTESIAN_POINT ( 'NONE',  ( -46.89999999999999858, -1.000000000000000000, 46.89999999999999147 ) ) ;
#204 = FACE_BOUND ( 'NONE', #650, .T. ) ;
#205 = VECTOR ( 'NONE', #2654, 1000.000000000000000 ) ;
#206 = EDGE_CURVE ( 'NONE', #174, #2105, #331, .T. ) ;
#207 = VERTEX_POINT ( 'NONE', #2273 ) ;
#208 = DIRECTION ( 'NONE',  ( 0.000000000000000000, -1.000000000000000000, 0.000000000000000000 ) ) ;
#209 = CIRCLE ( 'NONE', #2290, 1.499999999999994449 ) ;
#210 = FACE_OUTER_BOUND ( 'NONE', #2152, .T. ) ;
#211 = DIRECTION ( 'NONE',  ( 1.000000000000000000, 0.000000000000000000, -1.336973777246094192E-16 ) ) ;
#212 = AXIS2_PLACEMENT_3D ( 'NONE', #2723, #1051, #1790 ) ;
#213 = VERTEX_POINT ( 'NONE', #117 ) ;
#214 = LINE ( 'NONE', #2883, #1928 ) ;
#215 = CARTESIAN_POINT ( 'NONE',  ( -66.99999999999765521, 2.000000000000000000, -17.50000000000142109 ) ) ;
#216 = VECTOR ( 'NONE', #25, 1000.000000000000000 ) ;
#217 = ORIENTED_EDGE ( 'NONE', *, *, #932, .T. ) ;
#218 = DIRECTION ( 'NONE',  ( -0.000000000000000000, -1.000000000000000000, -0.000000000000000000 ) ) ;
#219 = VECTOR ( 'NONE', #757, 1000.000000000000000 ) ;
#220 = CARTESIAN_POINT ( 'NONE',  ( 70.00000000000002842, 2.000000000000000000, 65.00000000000000000 ) ) ;
#221 = ORIENTED_EDGE ( 'NONE', *, *, #375, .T. ) ;
#222 = VECTOR ( 'NONE', #1344, 1000.000000000000000 ) ;
#223 = ADVANCED_FACE ( 'NONE', ( #395 ), #2306, .T. ) ;
#224 = DIRECTION ( 'NONE',  ( 0.000000000000000000, 0.000000000000000000, 1.000000000000000000 ) ) ;
#225 = AXIS2_PLACEMENT_3D ( 'NONE', #1910, #2385, #2895 ) ;
#226 = ORIENTED_EDGE ( 'NONE', *, *, #1510, .F. ) ;
#227 = DIRECTION ( 'NONE',  ( 0.000000000000000000, 1.000000000000000000, 0.000000000000000000 ) ) ;
#228 = LINE ( 'NONE', #1851, #1485 ) ;
#229 = ORIENTED_EDGE ( 'NONE', *, *, #2602, .T. ) ;
#230 = VERTEX_POINT ( 'NONE', #1083 ) ;
#231 = ADVANCED_FACE ( 'NONE', ( #75 ), #807, .T. ) ;
#232 = VERTEX_POINT ( 'NONE', #3022 ) ;
#233 = ORIENTED_EDGE ( 'NONE', *, *, #1805, .T. ) ;
#234 = DIRECTION ( 'NONE',  ( -0.000000000000000000, -1.000000000000000000, -0.000000000000000000 ) ) ;
#235 = DIRECTION ( 'NONE',  ( 0.000000000000000000, 1.000000000000000000, 0.000000000000000000 ) ) ;
#236 = DIRECTION ( 'NONE',  ( -1.000000000000000000, 0.000000000000000000, 0.000000000000000000 ) ) ;
#237 = CYLINDRICAL_SURFACE ( 'NONE', #1021, 1.499999999999997335 ) ;
#238 = CARTESIAN_POINT ( 'NONE',  ( -70.00000000000000000, 2.000000000000000000, -65.00000000000000000 ) ) ;
#239 = ORIENTED_EDGE ( 'NONE', *, *, #2994, .F. ) ;
#240 = DIRECTION ( 'NONE',  ( 0.000000000000000000, 1.000000000000000000, 0.000000000000000000 ) ) ;
#241 = EDGE_CURVE ( 'NONE', #560, #2541, #1561, .T. ) ;
#242 = CARTESIAN_POINT ( 'NONE',  ( 63.00000000000011369, 2.000000000000000000, -3.857637417314024638E-15 ) ) ;
#243 = DIRECTION ( 'NONE',  ( 0.000000000000000000, 1.000000000000000000, 0.000000000000000000 ) ) ;
#244 = ORIENTED_EDGE ( 'NONE', *, *, #2364, .T. ) ;
#245 = EDGE_CURVE ( 'NONE', #230, #2646, #2054, .T. ) ;
#246 = LINE ( 'NONE', #2714, #601 ) ;
#247 = EDGE_CURVE ( 'NONE', #2368, #1470, #255, .T. ) ;
#248 = DIRECTION ( 'NONE',  ( 0.000000000000000000, 0.000000000000000000, 1.000000000000000000 ) ) ;
#249 = FACE_BOUND ( 'NONE', #692, .T. ) ;
#250 = ADVANCED_FACE ( 'NONE', ( #2938 ), #2873, .F. ) ;
#251 = EDGE_LOOP ( 'NONE', ( #675, #2345 ) ) ;
#252 = CARTESIAN_POINT ( 'NONE',  ( 46.90000000000001990, -1.000000000000000000, 46.89999999999999858 ) ) ;
#253 = DIRECTION ( 'NONE',  ( 0.000000000000000000, 1.000000000000000000, 0.000000000000000000 ) ) ;
#254 = CARTESIAN_POINT ( 'NONE',  ( 63.00000000000011369, 2.000000000000000000, 25.19999999999999574 ) ) ;
#255 = CIRCLE ( 'NONE', #1718, 1.499999999999997335 ) ;
#256 = CARTESIAN_POINT ( 'NONE',  ( 17.50000000000376232, 2.000000000000000000, -66.99999999999906208 ) ) ;
#257 = DIRECTION ( 'NONE',  ( 0.000000000000000000, 1.000000000000000000, 0.000000000000000000 ) ) ;
#258 = DIRECTION ( 'NONE',  ( 0.000000000000000000, 0.000000000000000000, 1.000000000000000000 ) ) ;
#259 = AXIS2_PLACEMENT_3D ( 'NONE', #2774, #1856, #1147 ) ;
#260 = ORIENTED_EDGE ( 'NONE', *, *, #2145, .T. ) ;
#261 = ORIENTED_EDGE ( 'NONE', *, *, #1681, .T. ) ;
#262 = CARTESIAN_POINT ( 'NONE',  ( -50.39999999999999858, -2.000000000000000000, -64.49999999999977263 ) ) ;
#263 = AXIS2_PLACEMENT_3D ( 'NONE', #3159, #979, #2419 ) ;
#264 = ORIENTED_EDGE ( 'NONE', *, *, #2189, .T. ) ;
#265 = ADVANCED_FACE ( 'NONE', ( #270 ), #1120, .F. ) ;
#266 = AXIS2_PLACEMENT_3D ( 'NONE', #791, #1017, #2017 ) ;
#267 = FACE_BOUND ( 'NONE', #970, .T. ) ;
#268 = EDGE_LOOP ( 'NONE', ( #2420, #796, #1455, #441 ) ) ;
#269 = CIRCLE ( 'NONE', #2248, 3.000000000000002665 ) ;
#270 = FACE_OUTER_BOUND ( 'NONE', #2560, .T. ) ;
#271 = LINE ( 'NONE', #2207, #216 ) ;
#272 = CARTESIAN_POINT ( 'NONE',  ( 50.39999999999999858, -2.000000000000000000, -64.50000000000011369 ) ) ;
#273 = DIRECTION ( 'NONE',  ( -0.000000000000000000, -1.000000000000000000, -0.000000000000000000 ) ) ;
#274 = AXIS2_PLACEMENT_3D ( 'NONE', #605, #2776, #624 ) ;
#275 = EDGE_CURVE ( 'NONE', #1496, #946, #699, .T. ) ;
#276 = DIRECTION ( 'NONE',  ( 0.000000000000000000, 1.000000000000000000, 0.000000000000000000 ) ) ;
#277 = AXIS2_PLACEMENT_3D ( 'NONE', #1452, #729, #1716 ) ;
#278 = VERTEX_POINT ( 'NONE', #1918 ) ;
#279 = ORIENTED_EDGE ( 'NONE', *, *, #2437, .F. ) ;
#280 = AXIS2_PLACEMENT_3D ( 'NONE', #562, #2020, #390 ) ;
#281 = VERTEX_POINT ( 'NONE', #1939 ) ;
#282 = DIRECTION ( 'NONE',  ( -0.000000000000000000, -1.000000000000000000, -0.000000000000000000 ) ) ;
#283 = CARTESIAN_POINT ( 'NONE',  ( 25.19999999999999929, 2.000000000000000000, -63.00000000000011369 ) ) ;
#284 = CIRCLE ( 'NONE', #1337, 1.500000000000001332 ) ;
#285 = ORIENTED_EDGE ( 'NONE', *, *, #329, .T. ) ;
#286 = ORIENTED_EDGE ( 'NONE', *, *, #135, .T. ) ;
#287 = DIRECTION ( 'NONE',  ( -0.000000000000000000, -1.000000000000000000, -0.000000000000000000 ) ) ;
#288 = EDGE_CURVE ( 'NONE', #938, #3044, #2155, .T. ) ;
#289 = CARTESIAN_POINT ( 'NONE',  ( 46.89999999999999858, 2.000000000000000000, -46.90000000000001279 ) ) ;
#290 = CARTESIAN_POINT ( 'NONE',  ( -66.99999999999998579, -2.000000000000000000, 20.49999999999857536 ) ) ;
#291 = ADVANCED_FACE ( 'NONE', ( #2410 ), #1197, .F. ) ;
#292 = ORIENTED_EDGE ( 'NONE', *, *, #1886, .F. ) ;
#293 = FACE_OUTER_BOUND ( 'NONE', #1984, .T. ) ;
#294 = ORIENTED_EDGE ( 'NONE', *, *, #1232, .F. ) ;
#295 = ADVANCED_FACE ( 'NONE', ( #1465 ), #1466, .T. ) ;
#296 = LINE ( 'NONE', #794, #2503 ) ;
#297 = ORIENTED_EDGE ( 'NONE', *, *, #2506, .T. ) ;
#298 = DIRECTION ( 'NONE',  ( 0.000000000000000000, 1.000000000000000000, 0.000000000000000000 ) ) ;
#299 = DIRECTION ( 'NONE',  ( 0.000000000000000000, -1.000000000000000000, 0.000000000000000000 ) ) ;
#300 = ORIENTED_EDGE ( 'NONE', *, *, #2937, .F. ) ;
#301 = ORIENTED_EDGE ( 'NONE', *, *, #2047, .T. ) ;
#302 = LINE ( 'NONE', #2705, #1972 ) ;
#303 = EDGE_CURVE ( 'NONE', #560, #2570, #905, .T. ) ;
#304 = ADVANCED_FACE ( 'NONE', ( #1210 ), #2922, .F. ) ;
#305 = CARTESIAN_POINT ( 'NONE',  ( 63.00000000000011369, -2.000000000000000000, 51.89999999999998437 ) ) ;
#306 = DIRECTION ( 'NONE',  ( 0.000000000000000000, 1.000000000000000000, 0.000000000000000000 ) ) ;
#307 = ORIENTED_EDGE ( 'NONE', *, *, #1609, .F. ) ;
#308 = DIRECTION ( 'NONE',  ( 0.000000000000000000, 0.000000000000000000, -1.000000000000000000 ) ) ;
#309 = ORIENTED_EDGE ( 'NONE', *, *, #2422, .T. ) ;
#310 = CIRCLE ( 'NONE', #1005, 2.649999999999999467 ) ;
#311 = EDGE_CURVE ( 'NONE', #1286, #785, #37, .T. ) ;
#312 = DIRECTION ( 'NONE',  ( 1.000000000000000000, 0.000000000000000000, 0.000000000000000000 ) ) ;
#313 = VECTOR ( 'NONE', #2789, 1000.000000000000000 ) ;
#314 = AXIS2_PLACEMENT_3D ( 'NONE', #763, #306, #1042 ) ;
#315 = ADVANCED_BREP_SHAPE_REPRESENTATION ( '¸ÖÍø¼Ð BÃæ', ( #487, #1099 ), #2484 ) ;
#316 = DIRECTION ( 'NONE',  ( 0.000000000000000000, 0.000000000000000000, 1.000000000000000000 ) ) ;
#317 = CIRCLE ( 'NONE', #3008, 2.999999999999999112 ) ;
#318 = CIRCLE ( 'NONE', #1122, 5.000000000000004441 ) ;
#319 = CARTESIAN_POINT ( 'NONE',  ( -46.89999999999999858, -2.000000000000000000, 46.89999999999999147 ) ) ;
#320 = ORIENTED_EDGE ( 'NONE', *, *, #2864, .T. ) ;
#321 = SURFACE_STYLE_FILL_AREA ( #2750 ) ;
#322 = CIRCLE ( 'NONE', #1880, 1.499999999999997780 ) ;
#323 = DIRECTION ( 'NONE',  ( 0.000000000000000000, 0.000000000000000000, 1.000000000000000000 ) ) ;
#324 = ORIENTED_EDGE ( 'NONE', *, *, #1444, .T. ) ;
#325 = EDGE_CURVE ( 'NONE', #2193, #2336, #2998, .T. ) ;
#326 = VECTOR ( 'NONE', #1308, 1000.000000000000000 ) ;
#327 = DIRECTION ( 'NONE',  ( 0.000000000000000000, 0.000000000000000000, -1.000000000000000000 ) ) ;
#328 = CIRCLE ( 'NONE', #2305, 1.500000000000003997 ) ;
#329 = EDGE_CURVE ( 'NONE', #1009, #629, #337, .T. ) ;
#330 = CARTESIAN_POINT ( 'NONE',  ( -2.490333468844531319E-17, 2.000000000000000000, -63.00000000000011369 ) ) ;
#331 = LINE ( 'NONE', #2516, #198 ) ;
#332 = DIRECTION ( 'NONE',  ( 0.000000000000000000, 1.000000000000000000, 0.000000000000000000 ) ) ;
#333 = CARTESIAN_POINT ( 'NONE',  ( 62.99999999999976552, 2.000000000000000000, -50.40000000000000568 ) ) ;
#334 = EDGE_CURVE ( 'NONE', #125, #1162, #310, .T. ) ;
#335 = DIRECTION ( 'NONE',  ( 0.000000000000000000, 0.000000000000000000, 1.000000000000000000 ) ) ;
#336 = ORIENTED_EDGE ( 'NONE', *, *, #2933, .F. ) ;
#337 = LINE ( 'NONE', #2489, #2237 ) ;
#338 = LINE ( 'NONE', #800, #1641 ) ;
#339 = EDGE_CURVE ( 'NONE', #1223, #1151, #2793, .T. ) ;
#340 = ORIENTED_EDGE ( 'NONE', *, *, #603, .F. ) ;
#341 = CARTESIAN_POINT ( 'NONE',  ( 70.00000000000002842, 2.000000000000000000, 65.00000000000000000 ) ) ;
#342 = EDGE_CURVE ( 'NONE', #1350, #2478, #995, .T. ) ;
#343 = PRESENTATION_STYLE_ASSIGNMENT (( #2026 ) ) ;
#344 = DIRECTION ( 'NONE',  ( 0.000000000000000000, -1.000000000000000000, 0.000000000000000000 ) ) ;
#345 = CARTESIAN_POINT ( 'NONE',  ( 7.715274834628049276E-15, -2.000000000000000000, 61.50000000000011369 ) ) ;
#346 = CARTESIAN_POINT ( 'NONE',  ( 63.00000000000011369, 2.000000000000000000, 48.89999999999999858 ) ) ;
#347 = FACE_BOUND ( 'NONE', #2868, .T. ) ;
#348 = CARTESIAN_POINT ( 'NONE',  ( 65.00000000000000000, 2.000000000000000000, -65.00000000000000000 ) ) ;
#349 = CARTESIAN_POINT ( 'NONE',  ( -69.99999999999998579, 2.000000000000000000, 20.49999999999857536 ) ) ;
#350 = CIRCLE ( 'NONE', #200, 1.500000000000001332 ) ;
#351 = DIRECTION ( 'NONE',  ( 0.000000000000000000, 1.000000000000000000, 0.000000000000000000 ) ) ;
#352 = ORIENTED_EDGE ( 'NONE', *, *, #2773, .F. ) ;
#353 = ORIENTED_EDGE ( 'NONE', *, *, #991, .F. ) ;
#354 = VERTEX_POINT ( 'NONE', #2255 ) ;
#355 = DIRECTION ( 'NONE',  ( 0.000000000000000000, 0.000000000000000000, 1.000000000000000000 ) ) ;
#356 = ORIENTED_EDGE ( 'NONE', *, *, #2803, .T. ) ;
#357 = ORIENTED_EDGE ( 'NONE', *, *, #2803, .F. ) ;
#358 = ADVANCED_FACE ( 'NONE', ( #1034 ), #464, .T. ) ;
#359 = ORIENTED_EDGE ( 'NONE', *, *, #1814, .T. ) ;
#360 = DIRECTION ( 'NONE',  ( -1.336973777246094192E-16, -0.000000000000000000, -1.000000000000000000 ) ) ;
#361 = DIRECTION ( 'NONE',  ( -1.000000000000000000, 0.000000000000000000, 1.982541115402065110E-16 ) ) ;
#362 = CIRCLE ( 'NONE', #2397, 2.650000000003795098 ) ;
#363 = CIRCLE ( 'NONE', #2509, 1.500000000000001332 ) ;
#364 = DIRECTION ( 'NONE',  ( 0.000000000000000000, 0.000000000000000000, 1.000000000000000000 ) ) ;
#365 = AXIS2_PLACEMENT_3D ( 'NONE', #2940, #790, #2443 ) ;
#366 = CIRCLE ( 'NONE', #1887, 5.999999999999998224 ) ;
#367 = CIRCLE ( 'NONE', #2916, 1.500000000000001332 ) ;
#368 = ADVANCED_FACE ( 'NONE', ( #425 ), #2610, .T. ) ;
#369 = DIRECTION ( 'NONE',  ( -0.000000000000000000, -1.000000000000000000, -0.000000000000000000 ) ) ;
#370 = ORIENTED_EDGE ( 'NONE', *, *, #1828, .T. ) ;
#371 = DIRECTION ( 'NONE',  ( -0.000000000000000000, -1.000000000000000000, -0.000000000000000000 ) ) ;
#372 = ORIENTED_EDGE ( 'NONE', *, *, #2970, .T. ) ;
#373 = LINE ( 'NONE', #579, #2240 ) ;
#374 = ORIENTED_EDGE ( 'NONE', *, *, #3009, .F. ) ;
#375 = EDGE_CURVE ( 'NONE', #964, #3080, #126, .T. ) ;
#376 = ORIENTED_EDGE ( 'NONE', *, *, #626, .T. ) ;
#377 = ORIENTED_EDGE ( 'NONE', *, *, #584, .F. ) ;
#378 = EDGE_CURVE ( 'NONE', #1286, #2053, #1106, .T. ) ;
#379 = DIRECTION ( 'NONE',  ( 0.000000000000000000, 0.000000000000000000, 1.000000000000000000 ) ) ;
#380 = CARTESIAN_POINT ( 'NONE',  ( -64.99999999999998579, 2.000000000000000000, 65.00000000000000000 ) ) ;
#381 = EDGE_CURVE ( 'NONE', #2368, #2099, #1359, .T. ) ;
#382 = CARTESIAN_POINT ( 'NONE',  ( 20.50000000000000355, 2.000000000000000000, 67.00000000000000000 ) ) ;
#383 = DIRECTION ( 'NONE',  ( 0.000000000000000000, 0.000000000000000000, -1.000000000000000000 ) ) ;
#384 = DIRECTION ( 'NONE',  ( 0.000000000000000000, 0.000000000000000000, 1.000000000000000000 ) ) ;
#385 = DIRECTION ( 'NONE',  ( -0.000000000000000000, -1.000000000000000000, -0.000000000000000000 ) ) ;
#386 = FACE_BOUND ( 'NONE', #1966, .T. ) ;
#387 = ORIENTED_EDGE ( 'NONE', *, *, #3052, .F. ) ;
#388 = ORIENTED_EDGE ( 'NONE', *, *, #2245, .F. ) ;
#389 = ORIENTED_EDGE ( 'NONE', *, *, #2736, .F. ) ;
#390 = DIRECTION ( 'NONE',  ( 0.000000000000000000, 0.000000000000000000, -1.000000000000000000 ) ) ;
#391 = LINE ( 'NONE', #1363, #2285 ) ;
#392 = EDGE_LOOP ( 'NONE', ( #2548, #1109, #1938, #229 ) ) ;
#393 = CARTESIAN_POINT ( 'NONE',  ( -62.99999999999976552, -2.000000000000000000, 51.90000000000001279 ) ) ;
#394 = EDGE_CURVE ( 'NONE', #629, #2122, #1389, .T. ) ;
#395 = FACE_OUTER_BOUND ( 'NONE', #1962, .T. ) ;
#396 = DIRECTION ( 'NONE',  ( -0.000000000000000000, -1.000000000000000000, -0.000000000000000000 ) ) ;
#397 = CARTESIAN_POINT ( 'NONE',  ( 65.00000000000376588, -2.000000000000000000, -64.99999999999637623 ) ) ;
#398 = CARTESIAN_POINT ( 'NONE',  ( 65.00000000000001421, 2.000000000000000000, 70.00000000000000000 ) ) ;
#399 = ORIENTED_EDGE ( 'NONE', *, *, #442, .T. ) ;
#400 = DIRECTION ( 'NONE',  ( -0.000000000000000000, -1.000000000000000000, -0.000000000000000000 ) ) ;
#401 = VERTEX_POINT ( 'NONE', #640 ) ;
#402 = VECTOR ( 'NONE', #137, 1000.000000000000000 ) ;
#403 = DIRECTION ( 'NONE',  ( -0.000000000000000000, 1.000000000000000000, -0.000000000000000000 ) ) ;
#404 = CARTESIAN_POINT ( 'NONE',  ( 25.20000000000000639, 2.000000000000000000, 64.49999999999992895 ) ) ;
#405 = EDGE_LOOP ( 'NONE', ( #114, #2829, #546, #64 ) ) ;
#406 = DIRECTION ( 'NONE',  ( -0.000000000000000000, -1.000000000000000000, -0.000000000000000000 ) ) ;
#407 = CYLINDRICAL_SURFACE ( 'NONE', #2439, 1.499999999999997780 ) ;
#408 = CIRCLE ( 'NONE', #2435, 2.650000000005259260 ) ;
#409 = VERTEX_POINT ( 'NONE', #1616 ) ;
#410 = ORIENTED_EDGE ( 'NONE', *, *, #1777, .F. ) ;
#411 = DIRECTION ( 'NONE',  ( 0.000000000000000000, -1.000000000000000000, 0.000000000000000000 ) ) ;
#412 = CIRCLE ( 'NONE', #2896, 1.500000000000001332 ) ;
#413 = EDGE_LOOP ( 'NONE', ( #239, #1711, #1449, #294 ) ) ;
#414 = CYLINDRICAL_SURFACE ( 'NONE', #1637, 2.650000000005259260 ) ;
#415 = AXIS2_PLACEMENT_3D ( 'NONE', #752, #243, #258 ) ;
#416 = CARTESIAN_POINT ( 'NONE',  ( 0.000000000000000000, -2.000000000000000000, 0.000000000000000000 ) ) ;
#417 = CIRCLE ( 'NONE', #2547, 1.499999999999994449 ) ;
#418 = DIRECTION ( 'NONE',  ( -0.000000000000000000, -1.000000000000000000, -0.000000000000000000 ) ) ;
#419 = ORIENTED_EDGE ( 'NONE', *, *, #3069, .F. ) ;
#421 = AXIS2_PLACEMENT_3D ( 'NONE', #2571, #1110, #3073 ) ;
#420 = DIRECTION ( 'NONE',  ( 0.000000000000000000, 0.000000000000000000, -1.000000000000000000 ) ) ;
#422 = LINE ( 'NONE', #1161, #2812 ) ;
#423 = ORIENTED_EDGE ( 'NONE', *, *, #2400, .T. ) ;
#424 = AXIS2_PLACEMENT_3D ( 'NONE', #1785, #2837, #1649 ) ;
#425 = FACE_OUTER_BOUND ( 'NONE', #2791, .T. ) ;
#426 = CARTESIAN_POINT ( 'NONE',  ( -51.89999999999999147, 2.000000000000000000, 51.89999999999999147 ) ) ;
#427 = EDGE_CURVE ( 'NONE', #2921, #3017, #2589, .T. ) ;
#428 = EDGE_LOOP ( 'NONE', ( #2942, #2162, #80, #2408 ) ) ;
#429 = AXIS2_PLACEMENT_3D ( 'NONE', #2160, #3144, #454 ) ;
#430 = DIRECTION ( 'NONE',  ( 0.000000000000000000, 1.000000000000000000, 0.000000000000000000 ) ) ;
#431 = ORIENTED_EDGE ( 'NONE', *, *, #933, .F. ) ;
#432 = VECTOR ( 'NONE', #1517, 1000.000000000000000 ) ;
#433 = CARTESIAN_POINT ( 'NONE',  ( 25.19999999999999929, 2.000000000000000000, -63.00000000000011369 ) ) ;
#434 = EDGE_LOOP ( 'NONE', ( #1450, #2971, #2117, #2371, #2636, #512, #1426, #1240 ) ) ;
#435 = CIRCLE ( 'NONE', #2620, 1.500000000000001332 ) ;
#436 = DIRECTION ( 'NONE',  ( 0.000000000000000000, 0.000000000000000000, -1.000000000000000000 ) ) ;
#437 = DIRECTION ( 'NONE',  ( 0.000000000000000000, 1.000000000000000000, 0.000000000000000000 ) ) ;
#438 = FACE_BOUND ( 'NONE', #1745, .T. ) ;
#439 = ORIENTED_EDGE ( 'NONE', *, *, #1911, .T. ) ;
#440 = CYLINDRICAL_SURFACE ( 'NONE', #479, 1.500000000000001332 ) ;
#441 = ORIENTED_EDGE ( 'NONE', *, *, #1702, .T. ) ;
#442 = EDGE_CURVE ( 'NONE', #281, #1112, #350, .T. ) ;
#443 = EDGE_CURVE ( 'NONE', #1350, #2981, #1321, .T. ) ;
#444 = FACE_OUTER_BOUND ( 'NONE', #1265, .T. ) ;
#445 = ORIENTED_EDGE ( 'NONE', *, *, #394, .T. ) ;
#446 = ORIENTED_EDGE ( 'NONE', *, *, #976, .F. ) ;
#447 = EDGE_CURVE ( 'NONE', #892, #2426, #2918, .T. ) ;
#448 = CARTESIAN_POINT ( 'NONE',  ( -52.89999999999999858, -2.000000000000000000, 46.89999999999996305 ) ) ;
#449 = DIRECTION ( 'NONE',  ( 0.000000000000000000, 1.000000000000000000, 0.000000000000000000 ) ) ;
#450 = ORIENTED_EDGE ( 'NONE', *, *, #1266, .F. ) ;
#451 = APPLICATION_PROTOCOL_DEFINITION ( 'draft international standard', 'automotive_design', 1998, #2108 ) ;
#452 = CARTESIAN_POINT ( 'NONE',  ( -69.99999999999998579, 2.000000000000000000, 70.00000000000000000 ) ) ;
#453 = ORIENTED_EDGE ( 'NONE', *, *, #933, .T. ) ;
#454 = DIRECTION ( 'NONE',  ( 0.000000000000000000, 0.000000000000000000, -1.000000000000000000 ) ) ;
#455 = CARTESIAN_POINT ( 'NONE',  ( 50.39999999999999858, 2.000000000000000000, -64.50000000000011369 ) ) ;
#456 = ORIENTED_EDGE ( 'NONE', *, *, #2770, .T. ) ;
#457 = CARTESIAN_POINT ( 'NONE',  ( -63.00000000000011369, 2.000000000000000000, -48.89999999999998437 ) ) ;
#458 = ORIENTED_EDGE ( 'NONE', *, *, #2676, .F. ) ;
#459 = ORIENTED_EDGE ( 'NONE', *, *, #1987, .T. ) ;
#460 = DIRECTION ( 'NONE',  ( 0.000000000000000000, 0.000000000000000000, 1.000000000000000000 ) ) ;
#461 = ORIENTED_EDGE ( 'NONE', *, *, #1327, .F. ) ;
#462 = EDGE_LOOP ( 'NONE', ( #1502, #2428, #2025, #1950 ) ) ;
#463 = AXIS2_PLACEMENT_3D ( 'NONE', #743, #1297, #534 ) ;
#464 = TOROIDAL_SURFACE ( 'NONE', #1371, 6.000000000000000000, 1.000000000000000000 ) ;
#465 = ADVANCED_FACE ( 'NONE', ( #2648 ), #2856, .T. ) ;
#466 = FACE_BOUND ( 'NONE', #2727, .T. ) ;
#467 = CIRCLE ( 'NONE', #815, 3.000000000000002665 ) ;
#468 = EDGE_LOOP ( 'NONE', ( #889, #2715 ) ) ;
#469 = ORIENTED_EDGE ( 'NONE', *, *, #1828, .F. ) ;
#470 = CIRCLE ( 'NONE', #612, 2.999999999999999112 ) ;
#471 = ORIENTED_EDGE ( 'NONE', *, *, #197, .F. ) ;
#472 = VECTOR ( 'NONE', #1407, 1000.000000000000000 ) ;
#473 = ORIENTED_EDGE ( 'NONE', *, *, #66, .T. ) ;
#474 = DIRECTION ( 'NONE',  ( 0.000000000000000000, 1.000000000000000000, 0.000000000000000000 ) ) ;
#475 = DIRECTION ( 'NONE',  ( 0.000000000000000000, -0.000000000000000000, -1.000000000000000000 ) ) ;
#476 = FACE_OUTER_BOUND ( 'NONE', #1325, .T. ) ;
#477 = EDGE_CURVE ( 'NONE', #2577, #1496, #1825, .T. ) ;
#478 = CIRCLE ( 'NONE', #2146, 1.500000000000003997 ) ;
#479 = AXIS2_PLACEMENT_3D ( 'NONE', #2078, #2820, #420 ) ;
#480 = CARTESIAN_POINT ( 'NONE',  ( -63.00000000000011369, 2.000000000000000000, -50.39999999999998437 ) ) ;
#481 = DIRECTION ( 'NONE',  ( 0.000000000000000000, 0.000000000000000000, -1.000000000000000000 ) ) ;
#482 = ADVANCED_FACE ( 'NONE', ( #3115 ), #695, .T. ) ;
#483 = EDGE_LOOP ( 'NONE', ( #2233, #445, #1080, #458 ) ) ;
#484 = ORIENTED_EDGE ( 'NONE', *, *, #1423, .T. ) ;
#485 = DIRECTION ( 'NONE',  ( -0.000000000000000000, 1.000000000000000000, -0.000000000000000000 ) ) ;
#486 = ORIENTED_EDGE ( 'NONE', *, *, #1698, .T. ) ;
#487 = MANIFOLD_SOLID_BREP ( 'Ô²½Ç4', #713 ) ;
#488 = DIRECTION ( 'NONE',  ( -0.000000000000000000, -1.000000000000000000, -0.000000000000000000 ) ) ;
#489 = ORIENTED_EDGE ( 'NONE', *, *, #375, .F. ) ;
#490 = DIRECTION ( 'NONE',  ( 1.665334536937735757E-14, 0.000000000000000000, 1.000000000000000000 ) ) ;
#491 = CARTESIAN_POINT ( 'NONE',  ( -65.00000000000000000, 2.000000000000000000, -70.00000000000000000 ) ) ;
#492 = ORIENTED_EDGE ( 'NONE', *, *, #3031, .F. ) ;
#493 = CARTESIAN_POINT ( 'NONE',  ( 65.00000000000008527, 1.000000000000000000, 67.65000000000748059 ) ) ;
#494 = ORIENTED_EDGE ( 'NONE', *, *, #2479, .F. ) ;
#495 = ORIENTED_EDGE ( 'NONE', *, *, #3126, .T. ) ;
#496 = EDGE_CURVE ( 'NONE', #2270, #1246, #412, .T. ) ;
#497 = DIRECTION ( 'NONE',  ( 0.000000000000000000, 0.000000000000000000, -1.000000000000000000 ) ) ;
#498 = FACE_BOUND ( 'NONE', #525, .T. ) ;
#499 = EDGE_LOOP ( 'NONE', ( #2065, #149 ) ) ;
#500 = FACE_BOUND ( 'NONE', #1137, .T. ) ;
#501 = ORIENTED_EDGE ( 'NONE', *, *, #2870, .T. ) ;
#502 = ORIENTED_EDGE ( 'NONE', *, *, #1339, .T. ) ;
#503 = DIRECTION ( 'NONE',  ( 0.000000000000000000, 0.000000000000000000, 1.000000000000000000 ) ) ;
#504 = LINE ( 'NONE', #1453, #219 ) ;
#505 = CARTESIAN_POINT ( 'NONE',  ( -50.39999999999999858, 2.000000000000000000, -64.49999999999977263 ) ) ;
#506 = ORIENTED_EDGE ( 'NONE', *, *, #2479, .T. ) ;
#507 = DIRECTION ( 'NONE',  ( 0.000000000000000000, 0.000000000000000000, 1.000000000000000000 ) ) ;
#508 = ORIENTED_EDGE ( 'NONE', *, *, #2555, .T. ) ;
#509 = AXIS2_PLACEMENT_3D ( 'NONE', #2276, #834, #1104 ) ;
#510 = LINE ( 'NONE', #2671, #975 ) ;
#511 = DIRECTION ( 'NONE',  ( -0.000000000000000000, 1.000000000000000000, 0.000000000000000000 ) ) ;
#512 = ORIENTED_EDGE ( 'NONE', *, *, #2584, .T. ) ;
#513 = VERTEX_POINT ( 'NONE', #2242 ) ;
#514 = CIRCLE ( 'NONE', #1570, 1.500000000000001332 ) ;
#515 = FACE_OUTER_BOUND ( 'NONE', #875, .T. ) ;
#516 = EDGE_CURVE ( 'NONE', #1767, #1009, #1419, .T. ) ;
#518 = CIRCLE ( 'NONE', #965, 1.500000000000001332 ) ;
#517 = CARTESIAN_POINT ( 'NONE',  ( 63.00000000000011369, -2.000000000000000000, 26.69999999999999574 ) ) ;
#519 = ORIENTED_EDGE ( 'NONE', *, *, #1242, .T. ) ;
#520 = VECTOR ( 'NONE', #403, 1000.000000000000000 ) ;
#521 = CARTESIAN_POINT ( 'NONE',  ( 50.39999999999999858, 2.000000000000000000, -63.00000000000011369 ) ) ;
#522 = EDGE_CURVE ( 'NONE', #2577, #2570, #302, .T. ) ;
#523 = CIRCLE ( 'NONE', #1068, 1.000000000000000888 ) ;
#524 = VECTOR ( 'NONE', #2530, 1000.000000000000000 ) ;
#525 = EDGE_LOOP ( 'NONE', ( #1447, #2234 ) ) ;
#526 = AXIS2_PLACEMENT_3D ( 'NONE', #693, #2586, #124 ) ;
#527 = DIRECTION ( 'NONE',  ( 1.000000000000000000, 0.000000000000000000, 0.000000000000000000 ) ) ;
#528 = CYLINDRICAL_SURFACE ( 'NONE', #1002, 1.500000000000001332 ) ;
#529 = CARTESIAN_POINT ( 'NONE',  ( -50.39999999999999858, 2.000000000000000000, -62.99999999999976552 ) ) ;
#530 = DIRECTION ( 'NONE',  ( 0.000000000000000000, 0.000000000000000000, 1.000000000000000000 ) ) ;
#531 = ORIENTED_EDGE ( 'NONE', *, *, #2907, .T. ) ;
#532 = VERTEX_POINT ( 'NONE', #2009 ) ;
#533 = ORIENTED_EDGE ( 'NONE', *, *, #1232, .T. ) ;
#534 = DIRECTION ( 'NONE',  ( 0.000000000000000000, 0.000000000000000000, -1.000000000000000000 ) ) ;
#535 = EDGE_CURVE ( 'NONE', #3161, #2478, #2999, .T. ) ;
#536 = DIRECTION ( 'NONE',  ( 0.000000000000000000, 0.000000000000000000, 1.000000000000000000 ) ) ;
#537 = ORIENTED_EDGE ( 'NONE', *, *, #241, .T. ) ;
#538 = EDGE_CURVE ( 'NONE', #820, #1898, #2087, .T. ) ;
#539 = CARTESIAN_POINT ( 'NONE',  ( 46.90000000000001990, -1.000000000000000000, 51.89999999999999147 ) ) ;
#540 = DIRECTION ( 'NONE',  ( -0.000000000000000000, -1.000000000000000000, -0.000000000000000000 ) ) ;
#541 = DIRECTION ( 'NONE',  ( 0.000000000000000000, -0.000000000000000000, -1.000000000000000000 ) ) ;
#542 = ORIENTED_EDGE ( 'NONE', *, *, #1805, .F. ) ;
#543 = ORIENTED_EDGE ( 'NONE', *, *, #381, .T. ) ;
#544 = EDGE_LOOP ( 'NONE', ( #74, #1931, #1625, #2712 ) ) ;
#545 = CARTESIAN_POINT ( 'NONE',  ( 70.00000000000002842, -2.000000000000000000, 65.00000000000000000 ) ) ;
#546 = ORIENTED_EDGE ( 'NONE', *, *, #496, .F. ) ;
#547 = VERTEX_POINT ( 'NONE', #879 ) ;
#548 = DIRECTION ( 'NONE',  ( 1.000000000000000000, 0.000000000000000000, 0.000000000000000000 ) ) ;
#549 = CARTESIAN_POINT ( 'NONE',  ( -63.00000000000011369, -2.000000000000000000, 1.157291225194286278E-14 ) ) ;
#550 = PLANE ( 'NONE',  #2611 ) ;
#551 = EDGE_CURVE ( 'NONE', #354, #861, #1788, .T. ) ;
#552 = AXIS2_PLACEMENT_3D ( 'NONE', #2903, #728, #490 ) ;
#553 = CARTESIAN_POINT ( 'NONE',  ( -20.50000000000000355, 2.000000000000000000, 70.00000000000000000 ) ) ;
#554 = CIRCLE ( 'NONE', #2953, 1.000000000000000888 ) ;
#555 = AXIS2_PLACEMENT_3D ( 'NONE', #849, #2987, #384 ) ;
#556 = CARTESIAN_POINT ( 'NONE',  ( -50.39999999999999858, 2.000000000000000000, -61.49999999999976552 ) ) ;
#557 = CARTESIAN_POINT ( 'NONE',  ( -2.490333468844531319E-17, -2.000000000000000000, -63.00000000000011369 ) ) ;
#558 = ORIENTED_EDGE ( 'NONE', *, *, #2442, .T. ) ;
#559 = AXIS2_PLACEMENT_3D ( 'NONE', #873, #2823, #1062 ) ;
#560 = VERTEX_POINT ( 'NONE', #1846 ) ;
#561 = ADVANCED_FACE ( 'NONE', ( #2040 ), #407, .F. ) ;
#562 = CARTESIAN_POINT ( 'NONE',  ( -2.490333468844531319E-17, 2.000000000000000000, -63.00000000000011369 ) ) ;
#563 = CIRCLE ( 'NONE', #2615, 5.999999999999998224 ) ;
#564 = ORIENTED_EDGE ( 'NONE', *, *, #3091, .T. ) ;
#565 =( NAMED_UNIT ( * ) SI_UNIT ( $, .STERADIAN. ) SOLID_ANGLE_UNIT ( ) );
#566 = VECTOR ( 'NONE', #406, 1000.000000000000000 ) ;
#567 = EDGE_CURVE ( 'NONE', #748, #2119, #131, .T. ) ;
#568 = DIRECTION ( 'NONE',  ( 0.000000000000000000, 1.000000000000000000, 0.000000000000000000 ) ) ;
#569 = FACE_OUTER_BOUND ( 'NONE', #2844, .T. ) ;
#570 = CIRCLE ( 'NONE', #777, 4.999999999999997335 ) ;
#571 = EDGE_CURVE ( 'NONE', #2981, #3161, #2764, .T. ) ;
#572 = DIRECTION ( 'NONE',  ( -1.000000000000000000, 0.000000000000000000, 1.336973777246089508E-16 ) ) ;
#574 = CYLINDRICAL_SURFACE ( 'NONE', #2756, 1.500000000000001332 ) ;
#573 = AXIS2_PLACEMENT_3D ( 'NONE', #1281, #1986, #1044 ) ;
#575 = CARTESIAN_POINT ( 'NONE',  ( 7.898971854500151999E-15, -2.000000000000000000, 64.50000000000011369 ) ) ;
#576 = DIRECTION ( 'NONE',  ( -0.000000000000000000, -1.000000000000000000, -0.000000000000000000 ) ) ;
#577 = DIRECTION ( 'NONE',  ( 0.000000000000000000, 0.000000000000000000, -1.000000000000000000 ) ) ;
#578 = CARTESIAN_POINT ( 'NONE',  ( 63.00000000000011369, -2.000000000000000000, -1.500000000000001332 ) ) ;
#579 = CARTESIAN_POINT ( 'NONE',  ( -70.00000000000000000, 2.000000000000000000, -20.50000000000142109 ) ) ;
#580 = CARTESIAN_POINT ( 'NONE',  ( 63.00000000000011369, -2.000000000000000000, 48.89999999999999858 ) ) ;
#581 = CARTESIAN_POINT ( 'NONE',  ( -17.49999999999624123, -2.000000000000000000, -66.99999999999906208 ) ) ;
#582 = CARTESIAN_POINT ( 'NONE',  ( 70.00000000000000000, 2.000000000000000000, -70.00000000000000000 ) ) ;
#583 = CYLINDRICAL_SURFACE ( 'NONE', #1680, 2.999999999999999112 ) ;
#584 = EDGE_CURVE ( 'NONE', #3133, #189, #2809, .T. ) ;
#585 = ORIENTED_EDGE ( 'NONE', *, *, #2485, .F. ) ;
#586 = LINE ( 'NONE', #1812, #2399 ) ;
#587 = CARTESIAN_POINT ( 'NONE',  ( 46.89999999999999858, -2.000000000000000000, -46.90000000000001279 ) ) ;
#588 = FACE_OUTER_BOUND ( 'NONE', #2963, .T. ) ;
#589 = DIRECTION ( 'NONE',  ( 0.000000000000000000, 0.000000000000000000, 1.000000000000000000 ) ) ;
#590 = EDGE_CURVE ( 'NONE', #892, #2291, #1056, .T. ) ;
#591 = ORIENTED_EDGE ( 'NONE', *, *, #81, .F. ) ;
#592 = CARTESIAN_POINT ( 'NONE',  ( -64.99999999999631939, 1.000000000000000000, -62.34999999999807585 ) ) ;
#593 = ORIENTED_EDGE ( 'NONE', *, *, #2416, .F. ) ;
#594 = ORIENTED_EDGE ( 'NONE', *, *, #1327, .T. ) ;
#595 = APPLICATION_PROTOCOL_DEFINITION ( 'draft international standard', 'automotive_design', 1998, #1065 ) ;
#596 = CARTESIAN_POINT ( 'NONE',  ( -46.90000000000001279, 2.000000000000000000, -46.90000000000001279 ) ) ;
#597 = PLANE ( 'NONE',  #1644 ) ;
#598 = DIRECTION ( 'NONE',  ( 0.000000000000000000, 0.000000000000000000, 1.000000000000000000 ) ) ;
#599 = CARTESIAN_POINT ( 'NONE',  ( -63.00000000000011369, 2.000000000000000000, -1.499999999999992450 ) ) ;
#600 = DIRECTION ( 'NONE',  ( 0.000000000000000000, 1.000000000000000000, 0.000000000000000000 ) ) ;
#601 = VECTOR ( 'NONE', #1982, 1000.000000000000000 ) ;
#602 = EDGE_CURVE ( 'NONE', #1923, #213, #1920, .T. ) ;
#603 = EDGE_CURVE ( 'NONE', #2013, #1767, #373, .T. ) ;
#604 = VECTOR ( 'NONE', #385, 1000.000000000000000 ) ;
#605 = CARTESIAN_POINT ( 'NONE',  ( -64.99999999999631939, 1.000000000000000000, -65.00000000000007105 ) ) ;
#606 = ORIENTED_EDGE ( 'NONE', *, *, #1673, .T. ) ;
#607 = DIRECTION ( 'NONE',  ( 0.000000000000000000, 1.000000000000000000, 0.000000000000000000 ) ) ;
#608 = CIRCLE ( 'NONE', #1778, 1.000000000000000888 ) ;
#609 = EDGE_CURVE ( 'NONE', #1558, #1422, #554, .T. ) ;
#610 = DIRECTION ( 'NONE',  ( -0.000000000000000000, -1.000000000000000000, -0.000000000000000000 ) ) ;
#611 = ORIENTED_EDGE ( 'NONE', *, *, #1330, .T. ) ;
#612 = AXIS2_PLACEMENT_3D ( 'NONE', #3051, #2536, #148 ) ;
#613 = DIRECTION ( 'NONE',  ( 0.000000000000000000, 1.000000000000000000, 0.000000000000000000 ) ) ;
#614 = ORIENTED_EDGE ( 'NONE', *, *, #2008, .T. ) ;
#615 = VECTOR ( 'NONE', #548, 1000.000000000000000 ) ;
#616 = CIRCLE ( 'NONE', #1688, 2.650000000001997869 ) ;
#617 = DIRECTION ( 'NONE',  ( 0.000000000000000000, 0.000000000000000000, -1.000000000000000000 ) ) ;
#618 = CYLINDRICAL_SURFACE ( 'NONE', #3111, 1.500000000000001332 ) ;
#619 = CIRCLE ( 'NONE', #2806, 1.499999999999997780 ) ;
#620 = AXIS2_PLACEMENT_3D ( 'NONE', #1090, #208, #929 ) ;
#621 = CARTESIAN_POINT ( 'NONE',  ( 62.99999999999976552, 2.000000000000000000, -51.89999999999999858 ) ) ;
#622 = VECTOR ( 'NONE', #527, 1000.000000000000000 ) ;
#623 = CARTESIAN_POINT ( 'NONE',  ( 20.50000000000376588, -2.000000000000000000, -70.00000000000000000 ) ) ;
#624 = DIRECTION ( 'NONE',  ( 0.000000000000000000, 0.000000000000000000, -1.000000000000000000 ) ) ;
#625 = ORIENTED_EDGE ( 'NONE', *, *, #339, .F. ) ;
#626 = EDGE_CURVE ( 'NONE', #3000, #1111, #957, .T. ) ;
#627 = VERTEX_POINT ( 'NONE', #341 ) ;
#628 = DIRECTION ( 'NONE',  ( 0.000000000000000000, 1.000000000000000000, 0.000000000000000000 ) ) ;
#629 = VERTEX_POINT ( 'NONE', #1352 ) ;
#630 = LINE ( 'NONE', #2597, #2551 ) ;
#631 = CYLINDRICAL_SURFACE ( 'NONE', #3160, 1.500000000000001332 ) ;
#632 = LINE ( 'NONE', #176, #1168 ) ;
#633 = CARTESIAN_POINT ( 'NONE',  ( 63.00000000000011369, 2.000000000000000000, -1.500000000000001332 ) ) ;
#634 = UNCERTAINTY_MEASURE_WITH_UNIT (LENGTH_MEASURE( 1.000000000000000082E-05 ), #11, 'distance_accuracy_value', 'NONE');
#635 = CYLINDRICAL_SURFACE ( 'NONE', #70, 4.999999999999997335 ) ;
#636 = DIRECTION ( 'NONE',  ( -1.336973777246094192E-16, -0.000000000000000000, -1.000000000000000000 ) ) ;
#637 = CARTESIAN_POINT ( 'NONE',  ( -66.99999999999765521, -2.000000000000000000, -17.50000000000142109 ) ) ;
#638 = ORIENTED_EDGE ( 'NONE', *, *, #805, .F. ) ;
#639 = CYLINDRICAL_SURFACE ( 'NONE', #974, 1.500000000000004885 ) ;
#640 = CARTESIAN_POINT ( 'NONE',  ( -20.49999999999624478, 2.000000000000000000, -70.00000000000000000 ) ) ;
#641 = CARTESIAN_POINT ( 'NONE',  ( 46.90000000000001990, -2.000000000000000000, 52.89999999999999858 ) ) ;
#642 = VERTEX_POINT ( 'NONE', #2317 ) ;
#643 = EDGE_LOOP ( 'NONE', ( #307, #264, #3113, #2960 ) ) ;
#644 = EDGE_LOOP ( 'NONE', ( #742, #687, #1632, #2084 ) ) ;
#645 = CARTESIAN_POINT ( 'NONE',  ( 62.99999999999992895, -2.000000000000000000, -25.20000000000000284 ) ) ;
#646 = DIRECTION ( 'NONE',  ( 0.000000000000000000, 1.000000000000000000, 0.000000000000000000 ) ) ;
#647 = EDGE_CURVE ( 'NONE', #189, #1368, #2330, .T. ) ;
#648 = CARTESIAN_POINT ( 'NONE',  ( -63.00000000000011369, 2.000000000000000000, -23.69999999999998508 ) ) ;
#649 = EDGE_LOOP ( 'NONE', ( #883, #625 ) ) ;
#650 = EDGE_LOOP ( 'NONE', ( #2609, #352 ) ) ;
#651 = ORIENTED_EDGE ( 'NONE', *, *, #44, .F. ) ;
#652 = CARTESIAN_POINT ( 'NONE',  ( -66.99999999999998579, 2.000000000000000000, 20.49999999999857536 ) ) ;
#653 = EDGE_CURVE ( 'NONE', #1191, #2220, #391, .T. ) ;
#654 = DIRECTION ( 'NONE',  ( 0.000000000000000000, -1.000000000000000000, 0.000000000000000000 ) ) ;
#655 = LINE ( 'NONE', #2127, #2355 ) ;
#656 = ORIENTED_EDGE ( 'NONE', *, *, #97, .T. ) ;
#657 = DIRECTION ( 'NONE',  ( 0.000000000000000000, 0.000000000000000000, 1.000000000000000000 ) ) ;
#658 = EDGE_CURVE ( 'NONE', #2119, #163, #2860, .T. ) ;
#659 = ORIENTED_EDGE ( 'NONE', *, *, #538, .F. ) ;
#660 = ORIENTED_EDGE ( 'NONE', *, *, #653, .T. ) ;
#661 = ORIENTED_EDGE ( 'NONE', *, *, #1448, .T. ) ;
#662 = VECTOR ( 'NONE', #1254, 1000.000000000000000 ) ;
#663 = DIRECTION ( 'NONE',  ( 0.000000000000000000, 0.000000000000000000, -1.000000000000000000 ) ) ;
#664 = DIRECTION ( 'NONE',  ( -1.000000000000000000, -0.000000000000000000, -0.000000000000000000 ) ) ;
#665 = DIRECTION ( 'NONE',  ( -0.000000000000000000, -1.000000000000000000, -0.000000000000000000 ) ) ;
#666 = VECTOR ( 'NONE', #1331, 1000.000000000000000 ) ;
#667 = CIRCLE ( 'NONE', #314, 1.500000000000001332 ) ;
#668 = CARTESIAN_POINT ( 'NONE',  ( 63.00000000000011369, -2.000000000000000000, -3.857637417314024638E-15 ) ) ;
#669 = CIRCLE ( 'NONE', #266, 1.000000000000000888 ) ;
#670 = CARTESIAN_POINT ( 'NONE',  ( 25.20000000000000639, -2.000000000000000000, 62.99999999999992895 ) ) ;
#671 = EDGE_CURVE ( 'NONE', #998, #781, #1216, .T. ) ;
#672 = VECTOR ( 'NONE', #2050, 1000.000000000000000 ) ;
#673 = EDGE_CURVE ( 'NONE', #144, #1844, #3119, .T. ) ;
#674 = FACE_OUTER_BOUND ( 'NONE', #462, .T. ) ;
#675 = ORIENTED_EDGE ( 'NONE', *, *, #1300, .F. ) ;
#676 = CIRCLE ( 'NONE', #1639, 2.999999999999999112 ) ;
#677 = ORIENTED_EDGE ( 'NONE', *, *, #2635, .F. ) ;
#678 = EDGE_CURVE ( 'NONE', #1268, #1302, #1199, .T. ) ;
#679 = CARTESIAN_POINT ( 'NONE',  ( -46.89999999999999858, 2.000000000000000000, 46.89999999999999147 ) ) ;
#680 = DIRECTION ( 'NONE',  ( 1.000000000000000000, 0.000000000000000000, -0.000000000000000000 ) ) ;
#681 = ORIENTED_EDGE ( 'NONE', *, *, #2403, .T. ) ;
#682 = VECTOR ( 'NONE', #1867, 1000.000000000000000 ) ;
#683 = ORIENTED_EDGE ( 'NONE', *, *, #2933, .T. ) ;
#684 = VECTOR ( 'NONE', #1913, 1000.000000000000000 ) ;
#685 = CYLINDRICAL_SURFACE ( 'NONE', #2762, 1.500000000000001332 ) ;
#686 = DIRECTION ( 'NONE',  ( 0.000000000000000000, 0.000000000000000000, 1.000000000000000000 ) ) ;
#687 = ORIENTED_EDGE ( 'NONE', *, *, #339, .T. ) ;
#688 = DIRECTION ( 'NONE',  ( 0.000000000000000000, 1.000000000000000000, 0.000000000000000000 ) ) ;
#689 = CARTESIAN_POINT ( 'NONE',  ( -63.00000000000011369, -2.000000000000000000, -51.89999999999998437 ) ) ;
#690 = CARTESIAN_POINT ( 'NONE',  ( -46.90000000000001279, 2.000000000000000000, -51.90000000000000568 ) ) ;
#691 = EDGE_CURVE ( 'NONE', #830, #2013, #3093, .T. ) ;
#692 = EDGE_LOOP ( 'NONE', ( #2366, #2843 ) ) ;
#693 = CARTESIAN_POINT ( 'NONE',  ( 67.00000000000001421, 2.000000000000000000, 20.50000000000235190 ) ) ;
#694 = ADVANCED_FACE ( 'NONE', ( #476 ), #1185, .F. ) ;
#695 = CYLINDRICAL_SURFACE ( 'NONE', #1166, 2.999999999999999112 ) ;
#696 = CARTESIAN_POINT ( 'NONE',  ( 46.89999999999999858, -2.000000000000000000, -52.90000000000001279 ) ) ;
#697 = ORIENTED_EDGE ( 'NONE', *, *, #44, .T. ) ;
#698 = ORIENTED_EDGE ( 'NONE', *, *, #1421, .T. ) ;
#699 = LINE ( 'NONE', #2392, #1214 ) ;
#700 = CARTESIAN_POINT ( 'NONE',  ( 20.50000000000376232, -2.000000000000000000, -67.00000000000000000 ) ) ;
#701 = ADVANCED_FACE ( 'NONE', ( #171 ), #1861, .F. ) ;
#702 = ORIENTED_EDGE ( 'NONE', *, *, #2627, .F. ) ;
#703 = ORIENTED_EDGE ( 'NONE', *, *, #2561, .F. ) ;
#704 = AXIS2_PLACEMENT_3D ( 'NONE', #1999, #2984, #1205 ) ;
#705 = CARTESIAN_POINT ( 'NONE',  ( 7.715274834628049276E-15, 2.000000000000000000, 63.00000000000011369 ) ) ;
#706 = EDGE_CURVE ( 'NONE', #1151, #1223, #1471, .T. ) ;
#707 = EDGE_CURVE ( 'NONE', #1654, #2266, #92, .T. ) ;
#708 = ORIENTED_EDGE ( 'NONE', *, *, #2602, .F. ) ;
#709 = CARTESIAN_POINT ( 'NONE',  ( 65.00000000000008527, 1.000000000000000000, 65.00000000000369482 ) ) ;
#710 = CARTESIAN_POINT ( 'NONE',  ( -63.00000000000011369, 2.000000000000000000, 1.157291225194286278E-14 ) ) ;
#711 = CARTESIAN_POINT ( 'NONE',  ( -65.00000000000000000, 1.000000000000000000, 65.00000000000002842 ) ) ;
#712 = ADVANCED_FACE ( 'NONE', ( #1519 ), #2184, .F. ) ;
#713 = CLOSED_SHELL ( 'NONE', ( #250, #1169, #2244, #2786, #2394, #2722, #2056, #732, #836, #2060, #1919, #1865, #3112, #123, #2181, #2307, #859, #2954, #2465, #2361, #3149, #1729, #1035, #2367, #2267, #2504, #876, #1493, #901, #1468, #1279, #2733, #2663, #712, #751, #46, #465, #2539, #304, #3152, #827, #199, #2235, #2251, #561, #2880, #917, #2031, #3074, #1545, #2831, #1737, #2717, #265, #291, #3163, #701, #898, #2376, #1108, #2909, #2637, #2785, #2850, #91, #989, #1157, #1773, #851, #1925, #2496, #896, #2019, #930, #1082, #3027, #2004, #694, #482, #2730, #368, #739, #223, #1138, #1508, #2755, #295, #1358, #231, #101, #2790, #1797, #1, #358 ) ) ;
#714 = AXIS2_PLACEMENT_3D ( 'NONE', #1315, #646, #2021 ) ;
#715 = DIRECTION ( 'NONE',  ( 0.000000000000000000, 0.000000000000000000, 1.000000000000000000 ) ) ;
#716 = ORIENTED_EDGE ( 'NONE', *, *, #2360, .T. ) ;
#717 = CARTESIAN_POINT ( 'NONE',  ( 62.99999999999992895, 2.000000000000000000, -25.20000000000000284 ) ) ;
#718 = ORIENTED_EDGE ( 'NONE', *, *, #1505, .F. ) ;
#719 = EDGE_LOOP ( 'NONE', ( #868, #320 ) ) ;
#720 = CIRCLE ( 'NONE', #1782, 1.500000000000001332 ) ;
#721 = CYLINDRICAL_SURFACE ( 'NONE', #1715, 1.500000000000001332 ) ;
#722 = DIRECTION ( 'NONE',  ( -0.000000000000000000, -1.000000000000000000, -0.000000000000000000 ) ) ;
#723 = DIRECTION ( 'NONE',  ( 0.000000000000000000, 1.000000000000000000, 0.000000000000000000 ) ) ;
#724 = VECTOR ( 'NONE', #1859, 1000.000000000000000 ) ;
#725 = EDGE_LOOP ( 'NONE', ( #2375, #1484, #2664, #1288 ) ) ;
#726 = AXIS2_PLACEMENT_3D ( 'NONE', #2874, #2461, #2223 ) ;
#727 = VERTEX_POINT ( 'NONE', #2522 ) ;
#728 = DIRECTION ( 'NONE',  ( -0.000000000000000000, -1.000000000000000000, -0.000000000000000000 ) ) ;
#729 = DIRECTION ( 'NONE',  ( 0.000000000000000000, 1.000000000000000000, 0.000000000000000000 ) ) ;
#730 = CIRCLE ( 'NONE', #2298, 4.999999999999997335 ) ;
#731 = CARTESIAN_POINT ( 'NONE',  ( 25.19999999999999929, 2.000000000000000000, -64.50000000000011369 ) ) ;
#732 = ADVANCED_FACE ( 'NONE', ( #1573 ), #1347, .F. ) ;
#733 = CARTESIAN_POINT ( 'NONE',  ( 0.000000000000000000, -1.000000000000000000, -52.90000000000001279 ) ) ;
#734 = AXIS2_PLACEMENT_3D ( 'NONE', #2614, #430, #1392 ) ;
#735 = VERTEX_POINT ( 'NONE', #2080 ) ;
#736 = CARTESIAN_POINT ( 'NONE',  ( 65.00000000000376588, 1.000000000000000000, -64.99999999999637623 ) ) ;
#737 = CARTESIAN_POINT ( 'NONE',  ( -2.490333468844531319E-17, -2.000000000000000000, -64.50000000000011369 ) ) ;
#738 = DIRECTION ( 'NONE',  ( 0.000000000000000000, -1.000000000000000000, 0.000000000000000000 ) ) ;
#739 = ADVANCED_FACE ( 'NONE', ( #2742 ), #1414, .T. ) ;
#740 = EDGE_LOOP ( 'NONE', ( #1714, #1615, #1412, #14 ) ) ;
#741 = CARTESIAN_POINT ( 'NONE',  ( -64.99999999999631939, -2.000000000000000000, -65.00000000000007105 ) ) ;
#742 = ORIENTED_EDGE ( 'NONE', *, *, #3091, .F. ) ;
#743 = CARTESIAN_POINT ( 'NONE',  ( -2.490333468844531319E-17, 2.000000000000000000, -63.00000000000011369 ) ) ;
#744 = CARTESIAN_POINT ( 'NONE',  ( -46.90000000000001279, -2.000000000000000000, -52.90000000000001279 ) ) ;
#745 = LINE ( 'NONE', #3154, #966 ) ;
#746 = ORIENTED_EDGE ( 'NONE', *, *, #2057, .T. ) ;
#747 = ORIENTED_EDGE ( 'NONE', *, *, #34, .F. ) ;
#748 = VERTEX_POINT ( 'NONE', #2436 ) ;
#749 = DIRECTION ( 'NONE',  ( -1.000000000000000000, 0.000000000000000000, 0.000000000000000000 ) ) ;
#750 = ORIENTED_EDGE ( 'NONE', *, *, #1765, .F. ) ;
#751 = ADVANCED_FACE ( 'NONE', ( #1226 ), #1503, .T. ) ;
#752 = CARTESIAN_POINT ( 'NONE',  ( -46.90000000000001279, -2.000000000000000000, -46.90000000000001279 ) ) ;
#753 = VERTEX_POINT ( 'NONE', #1751 ) ;
#754 = ORIENTED_EDGE ( 'NONE', *, *, #1765, .T. ) ;
#755 = EDGE_CURVE ( 'NONE', #902, #130, #53, .T. ) ;
#756 = CARTESIAN_POINT ( 'NONE',  ( 7.715274834628049276E-15, 2.000000000000000000, 63.00000000000011369 ) ) ;
#757 = DIRECTION ( 'NONE',  ( -1.000000000000000000, 0.000000000000000000, 0.000000000000000000 ) ) ;
#758 = DIRECTION ( 'NONE',  ( -0.000000000000000000, -1.000000000000000000, -0.000000000000000000 ) ) ;
#759 = VERTEX_POINT ( 'NONE', #2474 ) ;
#760 = AXIS2_PLACEMENT_3D ( 'NONE', #84, #2027, #98 ) ;
#761 = DIRECTION ( 'NONE',  ( -0.000000000000000000, -1.000000000000000000, -0.000000000000000000 ) ) ;
#762 = DIRECTION ( 'NONE',  ( -0.000000000000000000, -1.000000000000000000, -0.000000000000000000 ) ) ;
#763 = CARTESIAN_POINT ( 'NONE',  ( -25.19999999999999929, -2.000000000000000000, -62.99999999999992895 ) ) ;
#764 =( GEOMETRIC_REPRESENTATION_CONTEXT ( 3 ) GLOBAL_UNCERTAINTY_ASSIGNED_CONTEXT ( ( #634 ) ) GLOBAL_UNIT_ASSIGNED_CONTEXT ( ( #11, #1495, #2964 ) ) REPRESENTATION_CONTEXT ( 'NONE', 'WORKASPACE' ) );
#765 = ORIENTED_EDGE ( 'NONE', *, *, #2500, .F. ) ;
#766 = ORIENTED_EDGE ( 'NONE', *, *, #2978, .T. ) ;
#767 = AXIS2_PLACEMENT_3D ( 'NONE', #1892, #665, #1634 ) ;
#769 = AXIS2_PLACEMENT_3D ( 'NONE', #330, #1719, #1299 ) ;
#768 = DIRECTION ( 'NONE',  ( 0.000000000000000000, 1.000000000000000000, 0.000000000000000000 ) ) ;
#770 = EDGE_CURVE ( 'NONE', #2138, #1959, #2700, .T. ) ;
#771 = AXIS2_PLACEMENT_3D ( 'NONE', #139, #1103, #899 ) ;
#772 = DIRECTION ( 'NONE',  ( 0.000000000000000000, 0.000000000000000000, 1.000000000000000000 ) ) ;
#773 = CARTESIAN_POINT ( 'NONE',  ( -70.00000000000000000, 2.000000000000000000, -70.00000000000000000 ) ) ;
#774 = ORIENTED_EDGE ( 'NONE', *, *, #378, .T. ) ;
#775 = CIRCLE ( 'NONE', #916, 1.499999999999997780 ) ;
#776 = ORIENTED_EDGE ( 'NONE', *, *, #2381, .F. ) ;
#777 = AXIS2_PLACEMENT_3D ( 'NONE', #289, #39, #2412 ) ;
#778 = DIRECTION ( 'NONE',  ( -1.000000000000000000, -0.000000000000000000, -0.000000000000000000 ) ) ;
#779 = CIRCLE ( 'NONE', #1388, 5.999999999999998224 ) ;
#780 = CARTESIAN_POINT ( 'NONE',  ( -52.90000000000001279, -1.000000000000000000, -46.90000000000001279 ) ) ;
#781 = VERTEX_POINT ( 'NONE', #1780 ) ;
#782 = CARTESIAN_POINT ( 'NONE',  ( -65.00000000000000000, -2.000000000000000000, 67.65000000000003411 ) ) ;
#783 = DIRECTION ( 'NONE',  ( 0.000000000000000000, 0.000000000000000000, 1.000000000000000000 ) ) ;
#784 = CIRCLE ( 'NONE', #2562, 3.000000000000002665 ) ;
#785 = VERTEX_POINT ( 'NONE', #797 ) ;
#786 = DIRECTION ( 'NONE',  ( 0.000000000000000000, 0.000000000000000000, 1.000000000000000000 ) ) ;
#787 = EDGE_CURVE ( 'NONE', #2921, #3116, #1924, .T. ) ;
#788 = LINE ( 'NONE', #1057, #326 ) ;
#789 = ORIENTED_EDGE ( 'NONE', *, *, #1598, .T. ) ;
#790 = DIRECTION ( 'NONE',  ( 0.000000000000000000, 1.000000000000000000, 0.000000000000000000 ) ) ;
#791 = CARTESIAN_POINT ( 'NONE',  ( 52.89999999999999858, -1.000000000000000000, -46.90000000000001279 ) ) ;
#792 = EDGE_LOOP ( 'NONE', ( #286, #423 ) ) ;
#793 = EDGE_CURVE ( 'NONE', #189, #2666, #467, .T. ) ;
#794 = CARTESIAN_POINT ( 'NONE',  ( -70.00000000000000000, 2.000000000000000000, -70.00000000000000000 ) ) ;
#795 = CARTESIAN_POINT ( 'NONE',  ( -64.99999999999631939, 1.000000000000000000, -67.65000000000206626 ) ) ;
#796 = ORIENTED_EDGE ( 'NONE', *, *, #1869, .T. ) ;
#797 = CARTESIAN_POINT ( 'NONE',  ( 70.00000000000001421, -2.000000000000000000, 20.50000000000234834 ) ) ;
#798 = FACE_OUTER_BOUND ( 'NONE', #3155, .T. ) ;
#799 = EDGE_CURVE ( 'NONE', #232, #1268, #1873, .T. ) ;
#800 = CARTESIAN_POINT ( 'NONE',  ( -25.19999999999999218, 2.000000000000000000, 61.50000000000011369 ) ) ;
#801 = DIRECTION ( 'NONE',  ( 0.000000000000000000, 0.000000000000000000, 1.000000000000000000 ) ) ;
#802 = DIRECTION ( 'NONE',  ( 1.982541115402065110E-16, 0.000000000000000000, 1.000000000000000000 ) ) ;
#803 = ORIENTED_EDGE ( 'NONE', *, *, #1333, .T. ) ;
#804 = CARTESIAN_POINT ( 'NONE',  ( -46.89999999999999858, 2.000000000000000000, 51.89999999999999147 ) ) ;
#805 = EDGE_CURVE ( 'NONE', #174, #3044, #608, .T. ) ;
#806 = ORIENTED_EDGE ( 'NONE', *, *, #2814, .F. ) ;
#807 = CYLINDRICAL_SURFACE ( 'NONE', #760, 1.000000000000000888 ) ;
#808 = LINE ( 'NONE', #2726, #2899 ) ;
#809 = AXIS2_PLACEMENT_3D ( 'NONE', #940, #1906, #1685 ) ;
#810 = ORIENTED_EDGE ( 'NONE', *, *, #2415, .F. ) ;
#811 = STYLED_ITEM ( 'NONE', ( #2398 ), #487 ) ;
#812 = DIRECTION ( 'NONE',  ( 0.000000000000000000, -1.000000000000000000, 0.000000000000000000 ) ) ;
#813 = VERTEX_POINT ( 'NONE', #1343 ) ;
#814 = VECTOR ( 'NONE', #1418, 1000.000000000000000 ) ;
#815 = AXIS2_PLACEMENT_3D ( 'NONE', #888, #418, #3065 ) ;
#816 = CARTESIAN_POINT ( 'NONE',  ( -20.49999999999624478, -2.000000000000000000, -67.00000000000000000 ) ) ;
#817 = VERTEX_POINT ( 'NONE', #3047 ) ;
#818 = DIRECTION ( 'NONE',  ( -0.000000000000000000, -1.000000000000000000, -0.000000000000000000 ) ) ;
#819 = AXIS2_PLACEMENT_3D ( 'NONE', #158, #885, #186 ) ;
#820 = VERTEX_POINT ( 'NONE', #900 ) ;
#821 = AXIS2_PLACEMENT_3D ( 'NONE', #1768, #1405, #2917 ) ;
#822 = CARTESIAN_POINT ( 'NONE',  ( -25.19999999999999929, 2.000000000000000000, -61.49999999999992895 ) ) ;
#823 = CIRCLE ( 'NONE', #2618, 1.499999999999997335 ) ;
#824 = FACE_BOUND ( 'NONE', #1914, .T. ) ;
#826 = CARTESIAN_POINT ( 'NONE',  ( 46.89999999999999858, -1.000000000000000000, -52.90000000000001279 ) ) ;
#825 = AXIS2_PLACEMENT_3D ( 'NONE', #1878, #1376, #2352 ) ;
#827 = ADVANCED_FACE ( 'NONE', ( #866 ), #618, .F. ) ;
#828 = LINE ( 'NONE', #1813, #222 ) ;
#829 = CARTESIAN_POINT ( 'NONE',  ( -62.99999999999992895, 2.000000000000000000, 26.70000000000001705 ) ) ;
#830 = VERTEX_POINT ( 'NONE', #1384 ) ;
#831 = ORIENTED_EDGE ( 'NONE', *, *, #3134, .F. ) ;
#832 = ORIENTED_EDGE ( 'NONE', *, *, #1754, .T. ) ;
#833 = EDGE_CURVE ( 'NONE', #1749, #2122, #1868, .T. ) ;
#834 = DIRECTION ( 'NONE',  ( -0.000000000000000000, -1.000000000000000000, -0.000000000000000000 ) ) ;
#835 = FACE_OUTER_BOUND ( 'NONE', #2674, .T. ) ;
#836 = ADVANCED_FACE ( 'NONE', ( #674 ), #2311, .F. ) ;
#837 = DIRECTION ( 'NONE',  ( 0.000000000000000000, 1.000000000000000000, 0.000000000000000000 ) ) ;
#838 = CARTESIAN_POINT ( 'NONE',  ( 62.99999999999992895, 2.000000000000000000, -23.70000000000000639 ) ) ;
#839 = ORIENTED_EDGE ( 'NONE', *, *, #2506, .F. ) ;
#840 = DIRECTION ( 'NONE',  ( -0.000000000000000000, -1.000000000000000000, -0.000000000000000000 ) ) ;
#841 = EDGE_LOOP ( 'NONE', ( #96, #1556 ) ) ;
#842 = CARTESIAN_POINT ( 'NONE',  ( 25.20000000000000639, 2.000000000000000000, 64.49999999999992895 ) ) ;
#843 = VERTEX_POINT ( 'NONE', #398 ) ;
#844 = CARTESIAN_POINT ( 'NONE',  ( -64.99999999999998579, 2.000000000000000000, 65.00000000000000000 ) ) ;
#845 = ORIENTED_EDGE ( 'NONE', *, *, #850, .F. ) ;
#846 = DIRECTION ( 'NONE',  ( 0.000000000000000000, 0.000000000000000000, -1.000000000000000000 ) ) ;
#847 = LINE ( 'NONE', #1336, #1323 ) ;
#848 = EDGE_LOOP ( 'NONE', ( #1294, #959, #2513, #1761 ) ) ;
#849 = CARTESIAN_POINT ( 'NONE',  ( -63.00000000000011369, -2.000000000000000000, -25.19999999999998863 ) ) ;
#850 = EDGE_CURVE ( 'NONE', #2805, #58, #2356, .T. ) ;
#851 = ADVANCED_FACE ( 'NONE', ( #1367 ), #2621, .F. ) ;
#852 = VECTOR ( 'NONE', #2563, 1000.000000000000000 ) ;
#853 = DIRECTION ( 'NONE',  ( 0.000000000000000000, 0.000000000000000000, 1.000000000000000000 ) ) ;
#854 = VECTOR ( 'NONE', #894, 1000.000000000000000 ) ;
#855 = ORIENTED_EDGE ( 'NONE', *, *, #1300, .T. ) ;
#856 = CARTESIAN_POINT ( 'NONE',  ( 70.00000000000000000, -2.000000000000000000, -70.00000000000000000 ) ) ;
#857 = ORIENTED_EDGE ( 'NONE', *, *, #2416, .T. ) ;
#858 = AXIS2_PLACEMENT_3D ( 'NONE', #2784, #600, #1852 ) ;
#859 = ADVANCED_FACE ( 'NONE', ( #105 ), #177, .F. ) ;
#860 = DIRECTION ( 'NONE',  ( -0.000000000000000000, -1.000000000000000000, -0.000000000000000000 ) ) ;
#861 = VERTEX_POINT ( 'NONE', #1076 ) ;
#862 = DIRECTION ( 'NONE',  ( 0.000000000000000000, 0.000000000000000000, -1.000000000000000000 ) ) ;
#863 = AXIS2_PLACEMENT_3D ( 'NONE', #906, #1577, #128 ) ;
#864 = AXIS2_PLACEMENT_3D ( 'NONE', #741, #2434, #1225 ) ;
#865 = FACE_OUTER_BOUND ( 'NONE', #1207, .T. ) ;
#866 = FACE_OUTER_BOUND ( 'NONE', #1489, .T. ) ;
#867 = AXIS2_PLACEMENT_3D ( 'NONE', #1092, #2005, #801 ) ;
#868 = ORIENTED_EDGE ( 'NONE', *, *, #1800, .T. ) ;
#869 = AXIS2_PLACEMENT_3D ( 'NONE', #711, #2842, #2395 ) ;
#870 = CARTESIAN_POINT ( 'NONE',  ( -66.99999999999765521, 2.000000000000000000, 17.49999999999858247 ) ) ;
#871 = CARTESIAN_POINT ( 'NONE',  ( -62.99999999999976552, -2.000000000000000000, 50.40000000000001279 ) ) ;
#872 = CIRCLE ( 'NONE', #2665, 1.499999999999994449 ) ;
#873 = CARTESIAN_POINT ( 'NONE',  ( 7.715274834628049276E-15, 2.000000000000000000, 63.00000000000011369 ) ) ;
#874 = VERTEX_POINT ( 'NONE', #1460 ) ;
#875 = EDGE_LOOP ( 'NONE', ( #1978, #42, #614, #2587 ) ) ;
#876 = ADVANCED_FACE ( 'NONE', ( #2176 ), #1947, .F. ) ;
#877 = ORIENTED_EDGE ( 'NONE', *, *, #535, .F. ) ;
#878 = CARTESIAN_POINT ( 'NONE',  ( 62.99999999999976552, 2.000000000000000000, -51.89999999999999858 ) ) ;
#879 = CARTESIAN_POINT ( 'NONE',  ( 70.00000000000000000, -2.000000000000000000, -65.00000000000000000 ) ) ;
#880 = LINE ( 'NONE', #648, #1538 ) ;
#881 = VERTEX_POINT ( 'NONE', #1882 ) ;
#882 = EDGE_CURVE ( 'NONE', #874, #2167, #2649, .T. ) ;
#883 = ORIENTED_EDGE ( 'NONE', *, *, #706, .F. ) ;
#884 = DIRECTION ( 'NONE',  ( 0.000000000000000000, 0.000000000000000000, -1.000000000000000000 ) ) ;
#885 = DIRECTION ( 'NONE',  ( 0.000000000000000000, 1.000000000000000000, 0.000000000000000000 ) ) ;
#886 = CARTESIAN_POINT ( 'NONE',  ( 20.50000000000000355, -2.000000000000000000, 67.00000000000000000 ) ) ;
#887 = LINE ( 'NONE', #2369, #2511 ) ;
#888 = CARTESIAN_POINT ( 'NONE',  ( -20.50000000000000000, -2.000000000000000000, 67.00000000000000000 ) ) ;
#889 = ORIENTED_EDGE ( 'NONE', *, *, #2077, .F. ) ;
#890 = ORIENTED_EDGE ( 'NONE', *, *, #2359, .T. ) ;
#891 = DIRECTION ( 'NONE',  ( 0.000000000000000000, -1.000000000000000000, 0.000000000000000000 ) ) ;
#892 = VERTEX_POINT ( 'NONE', #455 ) ;
#893 = VERTEX_POINT ( 'NONE', #690 ) ;
#894 = DIRECTION ( 'NONE',  ( 1.336973777246094192E-16, -0.000000000000000000, 1.000000000000000000 ) ) ;
#895 = EDGE_CURVE ( 'NONE', #781, #998, #2079, .T. ) ;
#896 = ADVANCED_FACE ( 'NONE', ( #2148 ), #962, .T. ) ;
#897 = EDGE_CURVE ( 'NONE', #1917, #144, #2749, .T. ) ;
#898 = ADVANCED_FACE ( 'NONE', ( #3145 ), #1172, .F. ) ;
#899 = DIRECTION ( 'NONE',  ( 0.000000000000000000, 0.000000000000000000, -1.000000000000000000 ) ) ;
#900 = CARTESIAN_POINT ( 'NONE',  ( 46.89999999999999858, -1.000000000000000000, -51.90000000000000568 ) ) ;
#901 = ADVANCED_FACE ( 'NONE', ( #2633, #1710, #438, #466, #2161, #2644, #1399, #1930, #1660, #2370, #2673, #2382, #204, #3128, #188, #941, #2661, #498, #2913, #927, #1158, #2431 ), #1907, .T. ) ;
#902 = VERTEX_POINT ( 'NONE', #2891 ) ;
#903 = PLANE ( 'NONE',  #2716 ) ;
#904 = ORIENTED_EDGE ( 'NONE', *, *, #1869, .F. ) ;
#905 = CIRCLE ( 'NONE', #552, 4.999999999999997335 ) ;
#906 = CARTESIAN_POINT ( 'NONE',  ( 25.20000000000000639, 2.000000000000000000, 62.99999999999992895 ) ) ;
#907 = VECTOR ( 'NONE', #3068, 1000.000000000000000 ) ;
#908 = LINE ( 'NONE', #2861, #21 ) ;
#909 = ORIENTED_EDGE ( 'NONE', *, *, #1702, .F. ) ;
#910 = VECTOR ( 'NONE', #76, 1000.000000000000000 ) ;
#911 = CIRCLE ( 'NONE', #2139, 1.500000000000001332 ) ;
#912 = AXIS2_PLACEMENT_3D ( 'NONE', #1833, #3036, #111 ) ;
#913 = LINE ( 'NONE', #1428, #682 ) ;
#914 = DIRECTION ( 'NONE',  ( 0.000000000000000000, -0.000000000000000000, -1.000000000000000000 ) ) ;
#915 = EDGE_LOOP ( 'NONE', ( #1908, #3085 ) ) ;
#916 = AXIS2_PLACEMENT_3D ( 'NONE', #1597, #193, #1193 ) ;
#917 = ADVANCED_FACE ( 'NONE', ( #1221 ), #2197, .F. ) ;
#918 = VECTOR ( 'NONE', #1238, 1000.000000000000000 ) ;
#919 = DIRECTION ( 'NONE',  ( 0.000000000000000000, 0.000000000000000000, 1.000000000000000000 ) ) ;
#920 = ORIENTED_EDGE ( 'NONE', *, *, #342, .T. ) ;
#921 = AXIS2_PLACEMENT_3D ( 'NONE', #2372, #190, #164 ) ;
#922 = ORIENTED_EDGE ( 'NONE', *, *, #2702, .T. ) ;
#923 = DIRECTION ( 'NONE',  ( 0.000000000000000000, 0.000000000000000000, 1.000000000000000000 ) ) ;
#924 = CIRCLE ( 'NONE', #1390, 1.500000000000001332 ) ;
#925 = FILL_AREA_STYLE ('',( #1409 ) ) ;
#926 = EDGE_LOOP ( 'NONE', ( #1863, #1134, #2928, #48 ) ) ;
#927 = FACE_BOUND ( 'NONE', #2588, .T. ) ;
#928 = ORIENTED_EDGE ( 'NONE', *, *, #145, .F. ) ;
#929 = DIRECTION ( 'NONE',  ( 0.000000000000000000, 0.000000000000000000, -1.000000000000000000 ) ) ;
#930 = ADVANCED_FACE ( 'NONE', ( #1446 ), #85, .T. ) ;
#931 = DIRECTION ( 'NONE',  ( -0.000000000000000000, -1.000000000000000000, -0.000000000000000000 ) ) ;
#932 = EDGE_CURVE ( 'NONE', #2433, #2157, #1053, .T. ) ;
#933 = EDGE_CURVE ( 'NONE', #861, #2901, #514, .T. ) ;
#934 = EDGE_LOOP ( 'NONE', ( #611, #1378, #1140, #3118 ) ) ;
#935 = EDGE_LOOP ( 'NONE', ( #1529, #3106, #1501, #660 ) ) ;
#936 = CARTESIAN_POINT ( 'NONE',  ( -63.00000000000011369, 2.000000000000000000, -25.19999999999998863 ) ) ;
#937 = CARTESIAN_POINT ( 'NONE',  ( 65.00000000000376588, -2.000000000000000000, -67.65000000000163993 ) ) ;
#938 = VERTEX_POINT ( 'NONE', #1766 ) ;
#939 = LINE ( 'NONE', #493, #918 ) ;
#940 = CARTESIAN_POINT ( 'NONE',  ( -62.99999999999976552, 2.000000000000000000, 50.40000000000001279 ) ) ;
#941 = FACE_BOUND ( 'NONE', #649, .T. ) ;
#942 = VERTEX_POINT ( 'NONE', #2995 ) ;
#943 = EDGE_LOOP ( 'NONE', ( #134, #3086 ) ) ;
#944 = DIRECTION ( 'NONE',  ( -0.000000000000000000, -1.000000000000000000, -0.000000000000000000 ) ) ;
#945 = DIRECTION ( 'NONE',  ( 0.000000000000000000, 1.000000000000000000, 0.000000000000000000 ) ) ;
#946 = VERTEX_POINT ( 'NONE', #1499 ) ;
#947 = ORIENTED_EDGE ( 'NONE', *, *, #443, .F. ) ;
#948 = DIRECTION ( 'NONE',  ( 0.000000000000000000, 0.000000000000000000, 1.000000000000000000 ) ) ;
#949 = LINE ( 'NONE', #1184, #1985 ) ;
#950 = DIRECTION ( 'NONE',  ( 0.000000000000000000, 1.000000000000000000, 0.000000000000000000 ) ) ;
#951 = FACE_OUTER_BOUND ( 'NONE', #2363, .T. ) ;
#952 = DIRECTION ( 'NONE',  ( 0.000000000000000000, 1.000000000000000000, 0.000000000000000000 ) ) ;
#953 = ORIENTED_EDGE ( 'NONE', *, *, #1980, .T. ) ;
#954 = DIRECTION ( 'NONE',  ( 0.000000000000000000, 0.000000000000000000, -1.000000000000000000 ) ) ;
#955 = EDGE_CURVE ( 'NONE', #627, #1007, #2261, .T. ) ;
#956 = DIRECTION ( 'NONE',  ( 0.000000000000000000, 0.000000000000000000, -1.000000000000000000 ) ) ;
#957 = CIRCLE ( 'NONE', #2134, 1.000000000000000888 ) ;
#958 = DIRECTION ( 'NONE',  ( 0.000000000000000000, 1.000000000000000000, 0.000000000000000000 ) ) ;
#959 = ORIENTED_EDGE ( 'NONE', *, *, #1148, .F. ) ;
#960 = CARTESIAN_POINT ( 'NONE',  ( 7.715274834628049276E-15, 2.000000000000000000, 63.00000000000011369 ) ) ;
#961 = CYLINDRICAL_SURFACE ( 'NONE', #1839, 1.499999999999997335 ) ;
#962 = PLANE ( 'NONE',  #963 ) ;
#963 = AXIS2_PLACEMENT_3D ( 'NONE', #3110, #738, #914 ) ;
#964 = VERTEX_POINT ( 'NONE', #822 ) ;
#965 = AXIS2_PLACEMENT_3D ( 'NONE', #2256, #72, #2991 ) ;
#966 = VECTOR ( 'NONE', #7, 1000.000000000000000 ) ;
#967 = CARTESIAN_POINT ( 'NONE',  ( 65.00000000000008527, -2.000000000000000000, 65.00000000000369482 ) ) ;
#968 = ORIENTED_EDGE ( 'NONE', *, *, #1131, .F. ) ;
#969 = AXIS2_PLACEMENT_3D ( 'NONE', #1198, #2955, #1736 ) ;
#970 = EDGE_LOOP ( 'NONE', ( #1490, #2125 ) ) ;
#971 = DIRECTION ( 'NONE',  ( -0.000000000000000000, -1.000000000000000000, -0.000000000000000000 ) ) ;
#972 = CARTESIAN_POINT ( 'NONE',  ( 65.00000000000376588, 1.000000000000000000, -62.34999999999111964 ) ) ;
#973 = EDGE_CURVE ( 'NONE', #2171, #735, #1008, .T. ) ;
#974 = AXIS2_PLACEMENT_3D ( 'NONE', #2869, #1146, #1614 ) ;
#975 = VECTOR ( 'NONE', #761, 1000.000000000000000 ) ;
#976 = EDGE_CURVE ( 'NONE', #3158, #28, #1748, .T. ) ;
#977 = DIRECTION ( 'NONE',  ( 0.000000000000000000, 1.000000000000000000, 0.000000000000000000 ) ) ;
#978 = ORIENTED_EDGE ( 'NONE', *, *, #2656, .F. ) ;
#979 = DIRECTION ( 'NONE',  ( 0.000000000000000000, 1.000000000000000000, 0.000000000000000000 ) ) ;
#980 = ORIENTED_EDGE ( 'NONE', *, *, #1448, .F. ) ;
#981 = ORIENTED_EDGE ( 'NONE', *, *, #2023, .T. ) ;
#982 = CARTESIAN_POINT ( 'NONE',  ( -62.99999999999976552, 2.000000000000000000, 51.90000000000001279 ) ) ;
#983 = EDGE_LOOP ( 'NONE', ( #1874, #3064 ) ) ;
#984 = PRODUCT_DEFINITION_SHAPE ( 'NONE', 'NONE',  #2321 ) ;
#985 = DIRECTION ( 'NONE',  ( -1.387778780781446079E-12, 0.000000000000000000, 1.000000000000000000 ) ) ;
#986 = CARTESIAN_POINT ( 'NONE',  ( -51.90000000000000568, 2.000000000000000000, -46.90000000000001279 ) ) ;
#987 = ORIENTED_EDGE ( 'NONE', *, *, #2598, .T. ) ;
#988 = CARTESIAN_POINT ( 'NONE',  ( 63.00000000000011369, 2.000000000000000000, 48.89999999999999858 ) ) ;
#989 = ADVANCED_FACE ( 'NONE', ( #45 ), #2685, .F. ) ;
#990 = DIRECTION ( 'NONE',  ( 0.000000000000000000, 1.000000000000000000, 0.000000000000000000 ) ) ;
#991 = EDGE_CURVE ( 'NONE', #759, #3080, #667, .T. ) ;
#992 = ORIENTED_EDGE ( 'NONE', *, *, #2927, .T. ) ;
#993 = ORIENTED_EDGE ( 'NONE', *, *, #2232, .F. ) ;
#994 = EDGE_CURVE ( 'NONE', #2515, #753, #808, .T. ) ;
#995 = LINE ( 'NONE', #1967, #1626 ) ;
#996 = CARTESIAN_POINT ( 'NONE',  ( 20.50000000000000355, 2.000000000000000000, 70.00000000000000000 ) ) ;
#997 = DIRECTION ( 'NONE',  ( 0.000000000000000000, 1.000000000000000000, 0.000000000000000000 ) ) ;
#998 = VERTEX_POINT ( 'NONE', #2738 ) ;
#999 = DIRECTION ( 'NONE',  ( 0.000000000000000000, -1.000000000000000000, 0.000000000000000000 ) ) ;
#1000 = AXIS2_PLACEMENT_3D ( 'NONE', #1260, #1515, #308 ) ;
#1001 = EDGE_LOOP ( 'NONE', ( #2765, #2263, #179, #2686 ) ) ;
#1002 = AXIS2_PLACEMENT_3D ( 'NONE', #960, #762, #497 ) ;
#1003 = CARTESIAN_POINT ( 'NONE',  ( -62.99999999999976552, 2.000000000000000000, 48.90000000000001279 ) ) ;
#1004 = CARTESIAN_POINT ( 'NONE',  ( 70.00000000000000000, 2.000000000000000000, -70.00000000000000000 ) ) ;
#1005 = AXIS2_PLACEMENT_3D ( 'NONE', #1806, #1486, #1263 ) ;
#1006 = ORIENTED_EDGE ( 'NONE', *, *, #1902, .F. ) ;
#1007 = VERTEX_POINT ( 'NONE', #1726 ) ;
#1008 = CIRCLE ( 'NONE', #1113, 1.500000000000001332 ) ;
#1009 = VERTEX_POINT ( 'NONE', #2471 ) ;
#1010 = CYLINDRICAL_SURFACE ( 'NONE', #821, 2.650000000001997869 ) ;
#1012 = CIRCLE ( 'NONE', #2652, 2.650000000003795098 ) ;
#1011 = CYLINDRICAL_SURFACE ( 'NONE', #1181, 5.000000000000004441 ) ;
#1013 = EDGE_CURVE ( 'NONE', #830, #2282, #1059, .T. ) ;
#1014 = AXIS2_PLACEMENT_3D ( 'NONE', #9, #1943, #507 ) ;
#1015 = DIRECTION ( 'NONE',  ( -1.982541115402065110E-16, -0.000000000000000000, -1.000000000000000000 ) ) ;
#1016 = CYLINDRICAL_SURFACE ( 'NONE', #1179, 1.500000000000001332 ) ;
#1017 = DIRECTION ( 'NONE',  ( -0.000000000000000000, -0.000000000000000000, -1.000000000000000000 ) ) ;
#1018 = EDGE_LOOP ( 'NONE', ( #3146, #1430, #1174, #3084 ) ) ;
#1019 = AXIS2_PLACEMENT_3D ( 'NONE', #1565, #2549, #364 ) ;
#1020 = ORIENTED_EDGE ( 'NONE', *, *, #2166, .T. ) ;
#1021 = AXIS2_PLACEMENT_3D ( 'NONE', #1696, #1968, #2958 ) ;
#1022 = ORIENTED_EDGE ( 'NONE', *, *, #496, .T. ) ;
#1023 = VECTOR ( 'NONE', #1533, 1000.000000000000000 ) ;
#1024 = LINE ( 'NONE', #2890, #2208 ) ;
#1025 = DIRECTION ( 'NONE',  ( 0.000000000000000000, 0.000000000000000000, 1.000000000000000000 ) ) ;
#1026 = DIRECTION ( 'NONE',  ( 0.000000000000000000, 1.000000000000000000, 0.000000000000000000 ) ) ;
#1027 = CIRCLE ( 'NONE', #2514, 1.000000000000000888 ) ;
#1028 = EDGE_CURVE ( 'NONE', #230, #1994, #417, .T. ) ;
#1029 = FACE_BOUND ( 'NONE', #2051, .T. ) ;
#1030 = CYLINDRICAL_SURFACE ( 'NONE', #1000, 1.500000000000001332 ) ;
#1031 = ORIENTED_EDGE ( 'NONE', *, *, #288, .T. ) ;
#1032 = LINE ( 'NONE', #349, #2863 ) ;
#1033 = EDGE_LOOP ( 'NONE', ( #2067, #196, #133, #2936 ) ) ;
#1034 = FACE_OUTER_BOUND ( 'NONE', #35, .T. ) ;
#1035 = ADVANCED_FACE ( 'NONE', ( #569 ), #2451, .F. ) ;
#1036 = LINE ( 'NONE', #1740, #2703 ) ;
#1037 = ORIENTED_EDGE ( 'NONE', *, *, #311, .F. ) ;
#1038 = ORIENTED_EDGE ( 'NONE', *, *, #1013, .T. ) ;
#1039 = FACE_OUTER_BOUND ( 'NONE', #725, .T. ) ;
#1040 = DIRECTION ( 'NONE',  ( 1.000000000000000000, 0.000000000000000000, 0.000000000000000000 ) ) ;
#1041 =( NAMED_UNIT ( * ) PLANE_ANGLE_UNIT ( ) SI_UNIT ( $, .RADIAN. ) );
#1042 = DIRECTION ( 'NONE',  ( 0.000000000000000000, 0.000000000000000000, 1.000000000000000000 ) ) ;
#1043 = ORIENTED_EDGE ( 'NONE', *, *, #2565, .F. ) ;
#1044 = DIRECTION ( 'NONE',  ( 0.000000000000000000, 0.000000000000000000, 1.000000000000000000 ) ) ;
#1045 = EDGE_CURVE ( 'NONE', #2357, #1767, #63, .T. ) ;
#1046 = DIRECTION ( 'NONE',  ( 0.000000000000000000, 1.000000000000000000, 0.000000000000000000 ) ) ;
#1047 = CARTESIAN_POINT ( 'NONE',  ( 63.00000000000011369, 2.000000000000000000, 51.89999999999998437 ) ) ;
#1048 = EDGE_LOOP ( 'NONE', ( #456, #233, #776, #2018 ) ) ;
#1049 = EDGE_LOOP ( 'NONE', ( #947, #2948 ) ) ;
#1050 = DIRECTION ( 'NONE',  ( 0.000000000000000000, 0.000000000000000000, 1.000000000000000000 ) ) ;
#1051 = DIRECTION ( 'NONE',  ( 0.000000000000000000, 1.000000000000000000, 0.000000000000000000 ) ) ;
#1052 = VERTEX_POINT ( 'NONE', #1273 ) ;
#1053 = LINE ( 'NONE', #1526, #2030 ) ;
#1054 = PLANE ( 'NONE',  #1319 ) ;
#1055 = CARTESIAN_POINT ( 'NONE',  ( -63.00000000000011369, 2.000000000000000000, -50.39999999999998437 ) ) ;
#1056 = CIRCLE ( 'NONE', #714, 1.500000000000001332 ) ;
#1057 = CARTESIAN_POINT ( 'NONE',  ( 7.715274834628049276E-15, 2.000000000000000000, 61.50000000000011369 ) ) ;
#1058 = VERTEX_POINT ( 'NONE', #2518 ) ;
#1059 = CIRCLE ( 'NONE', #1727, 4.999999999999997335 ) ;
#1060 = AXIS2_PLACEMENT_3D ( 'NONE', #33, #1026, #530 ) ;
#1061 = CARTESIAN_POINT ( 'NONE',  ( 25.20000000000000639, -2.000000000000000000, 61.49999999999992895 ) ) ;
#1062 = DIRECTION ( 'NONE',  ( 0.000000000000000000, 0.000000000000000000, 1.000000000000000000 ) ) ;
#1063 = ORIENTED_EDGE ( 'NONE', *, *, #1394, .T. ) ;
#1064 = VECTOR ( 'NONE', #1509, 1000.000000000000000 ) ;
#1065 = APPLICATION_CONTEXT ( 'automotive_design' ) ;
#1066 = ORIENTED_EDGE ( 'NONE', *, *, #647, .F. ) ;
#1067 = CARTESIAN_POINT ( 'NONE',  ( 17.50000000000376232, 2.000000000000000000, -66.99999999999906208 ) ) ;
#1068 = AXIS2_PLACEMENT_3D ( 'NONE', #147, #2624, #1402 ) ;
#1069 = EDGE_CURVE ( 'NONE', #1058, #964, #1633, .T. ) ;
#1070 = AXIS2_PLACEMENT_3D ( 'NONE', #2156, #971, #3138 ) ;
#1071 = DIRECTION ( 'NONE',  ( -0.000000000000000000, -1.000000000000000000, -0.000000000000000000 ) ) ;
#1072 = EDGE_CURVE ( 'NONE', #1317, #2157, #296, .T. ) ;
#1073 = VECTOR ( 'NONE', #664, 1000.000000000000000 ) ;
#1074 = CARTESIAN_POINT ( 'NONE',  ( -70.00000000000000000, 2.000000000000000000, -70.00000000000000000 ) ) ;
#1075 = DIRECTION ( 'NONE',  ( -0.000000000000000000, -1.000000000000000000, -0.000000000000000000 ) ) ;
#1076 = CARTESIAN_POINT ( 'NONE',  ( 25.19999999999999929, -2.000000000000000000, -61.50000000000011369 ) ) ;
#1077 = CARTESIAN_POINT ( 'NONE',  ( -50.39999999999999858, -2.000000000000000000, -61.49999999999976552 ) ) ;
#1078 = CARTESIAN_POINT ( 'NONE',  ( 20.50000000000000355, 2.000000000000000000, 70.00000000000000000 ) ) ;
#1079 = ORIENTED_EDGE ( 'NONE', *, *, #2870, .F. ) ;
#1080 = ORIENTED_EDGE ( 'NONE', *, *, #1231, .F. ) ;
#1081 = ORIENTED_EDGE ( 'NONE', *, *, #1980, .F. ) ;
#1082 = ADVANCED_FACE ( 'NONE', ( #1256 ), #550, .F. ) ;
#1083 = CARTESIAN_POINT ( 'NONE',  ( 62.99999999999976552, 2.000000000000000000, -48.90000000000001279 ) ) ;
#1084 = LINE ( 'NONE', #100, #2962 ) ;
#1085 = EDGE_CURVE ( 'NONE', #998, #3090, #632, .T. ) ;
#1086 = EDGE_LOOP ( 'NONE', ( #2373, #1201, #1164, #1438 ) ) ;
#1087 = EDGE_CURVE ( 'NONE', #2464, #843, #847, .T. ) ;
#1088 = CARTESIAN_POINT ( 'NONE',  ( -63.00000000000011369, -2.000000000000000000, -23.69999999999998508 ) ) ;
#1089 = DIRECTION ( 'NONE',  ( -0.000000000000000000, -1.000000000000000000, -0.000000000000000000 ) ) ;
#1090 = CARTESIAN_POINT ( 'NONE',  ( -65.00000000000000000, 1.000000000000000000, 65.00000000000002842 ) ) ;
#1091 = CARTESIAN_POINT ( 'NONE',  ( -63.00000000000011369, 2.000000000000000000, -25.19999999999998863 ) ) ;
#1092 = CARTESIAN_POINT ( 'NONE',  ( 65.00000000000000000, -2.000000000000000000, -65.00000000000000000 ) ) ;
#1093 = CARTESIAN_POINT ( 'NONE',  ( 17.50000000000000000, -2.000000000000000000, 67.00000000000000000 ) ) ;
#1094 = ORIENTED_EDGE ( 'NONE', *, *, #2159, .F. ) ;
#1095 = FACE_OUTER_BOUND ( 'NONE', #2227, .T. ) ;
#1096 = ORIENTED_EDGE ( 'NONE', *, *, #2008, .F. ) ;
#1097 = CARTESIAN_POINT ( 'NONE',  ( -17.50000000000000000, -2.000000000000000000, 67.00000000000000000 ) ) ;
#1098 = EDGE_LOOP ( 'NONE', ( #855, #309, #2413, #2217 ) ) ;
#1099 = AXIS2_PLACEMENT_3D ( 'NONE', #1559, #2542, #1656 ) ;
#1100 = LINE ( 'NONE', #153, #2033 ) ;
#1101 = CARTESIAN_POINT ( 'NONE',  ( 25.19999999999999929, 2.000000000000000000, -64.50000000000011369 ) ) ;
#1102 = CARTESIAN_POINT ( 'NONE',  ( -64.99999999999631939, -2.000000000000000000, -62.34999999999807585 ) ) ;
#1103 = DIRECTION ( 'NONE',  ( 0.000000000000000000, -1.000000000000000000, 0.000000000000000000 ) ) ;
#1104 = DIRECTION ( 'NONE',  ( 0.000000000000000000, 0.000000000000000000, 1.000000000000000000 ) ) ;
#1105 = VECTOR ( 'NONE', #360, 1000.000000000000000 ) ;
#1106 = CIRCLE ( 'NONE', #1721, 5.000000000000004441 ) ;
#1107 = DIRECTION ( 'NONE',  ( 0.000000000000000000, 0.000000000000000000, 1.000000000000000000 ) ) ;
#1108 = ADVANCED_FACE ( 'NONE', ( #2333 ), #1365, .T. ) ;
#1109 = ORIENTED_EDGE ( 'NONE', *, *, #2627, .T. ) ;
#1110 = DIRECTION ( 'NONE',  ( -0.000000000000000000, -1.000000000000000000, -0.000000000000000000 ) ) ;
#1111 = VERTEX_POINT ( 'NONE', #1121 ) ;
#1112 = VERTEX_POINT ( 'NONE', #2815 ) ;
#1113 = AXIS2_PLACEMENT_3D ( 'NONE', #2969, #990, #783 ) ;
#1114 = DIRECTION ( 'NONE',  ( 0.000000000000000000, -1.000000000000000000, 0.000000000000000000 ) ) ;
#1115 = ORIENTED_EDGE ( 'NONE', *, *, #535, .T. ) ;
#1116 = ORIENTED_EDGE ( 'NONE', *, *, #1606, .F. ) ;
#1117 = VECTOR ( 'NONE', #1372, 1000.000000000000000 ) ;
#1118 = DIRECTION ( 'NONE',  ( -0.000000000000000000, 1.000000000000000000, -0.000000000000000000 ) ) ;
#1119 = ORIENTED_EDGE ( 'NONE', *, *, #427, .T. ) ;
#1120 = CYLINDRICAL_SURFACE ( 'NONE', #1564, 1.500000000000003997 ) ;
#1121 = CARTESIAN_POINT ( 'NONE',  ( -46.89999999999999858, -2.000000000000000000, 52.89999999999999147 ) ) ;
#1122 = AXIS2_PLACEMENT_3D ( 'NONE', #1324, #369, #2296 ) ;
#1123 = DIRECTION ( 'NONE',  ( -0.000000000000000000, -1.000000000000000000, -0.000000000000000000 ) ) ;
#1124 = DIRECTION ( 'NONE',  ( -1.336973777246094192E-16, 0.000000000000000000, -1.000000000000000000 ) ) ;
#1125 = DIRECTION ( 'NONE',  ( -0.000000000000000000, -0.000000000000000000, -1.000000000000000000 ) ) ;
#1126 = CIRCLE ( 'NONE', #1934, 2.649999999999999467 ) ;
#1127 = EDGE_LOOP ( 'NONE', ( #1960, #170, #2211, #708 ) ) ;
#1128 = FACE_OUTER_BOUND ( 'NONE', #2448, .T. ) ;
#1129 = AXIS2_PLACEMENT_3D ( 'NONE', #1435, #1228, #248 ) ;
#1130 = ORIENTED_EDGE ( 'NONE', *, *, #567, .F. ) ;
#1131 = EDGE_CURVE ( 'NONE', #2282, #2467, #1548, .T. ) ;
#1132 = DIRECTION ( 'NONE',  ( -0.000000000000000000, -1.000000000000000000, -0.000000000000000000 ) ) ;
#1133 = CARTESIAN_POINT ( 'NONE',  ( 67.00000000000001421, 2.000000000000000000, 20.50000000000235190 ) ) ;
#1134 = ORIENTED_EDGE ( 'NONE', *, *, #288, .F. ) ;
#1135 = FACE_OUTER_BOUND ( 'NONE', #2651, .T. ) ;
#1136 = DIRECTION ( 'NONE',  ( 0.000000000000000000, 0.000000000000000000, 1.000000000000000000 ) ) ;
#1137 = EDGE_LOOP ( 'NONE', ( #372, #857 ) ) ;
#1138 = ADVANCED_FACE ( 'NONE', ( #1142 ), #583, .T. ) ;
#1139 = CARTESIAN_POINT ( 'NONE',  ( -50.39999999999999147, 2.000000000000000000, 63.00000000000011369 ) ) ;
#1140 = ORIENTED_EDGE ( 'NONE', *, *, #538, .T. ) ;
#1141 = ORIENTED_EDGE ( 'NONE', *, *, #1131, .T. ) ;
#1142 = FACE_OUTER_BOUND ( 'NONE', #483, .T. ) ;
#1143 = CARTESIAN_POINT ( 'NONE',  ( 65.00000000000008527, 1.000000000000000000, 62.34999999999990195 ) ) ;
#1144 = DIRECTION ( 'NONE',  ( 0.000000000000000000, 0.000000000000000000, -1.000000000000000000 ) ) ;
#1145 = ORIENTED_EDGE ( 'NONE', *, *, #551, .F. ) ;
#1146 = DIRECTION ( 'NONE',  ( -0.000000000000000000, -1.000000000000000000, -0.000000000000000000 ) ) ;
#1147 = DIRECTION ( 'NONE',  ( 0.000000000000000000, 0.000000000000000000, -1.000000000000000000 ) ) ;
#1148 = EDGE_CURVE ( 'NONE', #1111, #1422, #1084, .T. ) ;
#1149 = FACE_OUTER_BOUND ( 'NONE', #2638, .T. ) ;
#1150 = EDGE_CURVE ( 'NONE', #68, #125, #138, .T. ) ;
#1151 = VERTEX_POINT ( 'NONE', #346 ) ;
#1152 = FACE_OUTER_BOUND ( 'NONE', #2521, .T. ) ;
#1153 = DIRECTION ( 'NONE',  ( 0.000000000000000000, 1.000000000000000000, 0.000000000000000000 ) ) ;
#1154 = EDGE_LOOP ( 'NONE', ( #1534, #1662 ) ) ;
#1155 = VERTEX_POINT ( 'NONE', #1102 ) ;
#1156 = DIRECTION ( 'NONE',  ( 0.000000000000000000, -0.000000000000000000, 1.000000000000000000 ) ) ;
#1157 = ADVANCED_FACE ( 'NONE', ( #119 ), #2094, .F. ) ;
#1158 = FACE_BOUND ( 'NONE', #468, .T. ) ;
#1159 = ORIENTED_EDGE ( 'NONE', *, *, #162, .F. ) ;
#1160 = DIRECTION ( 'NONE',  ( -0.000000000000000000, 1.000000000000000000, -0.000000000000000000 ) ) ;
#1161 = CARTESIAN_POINT ( 'NONE',  ( -20.49999999999624478, 2.000000000000000000, -70.00000000000000000 ) ) ;
#1162 = VERTEX_POINT ( 'NONE', #2112 ) ;
#1163 = PLANE ( 'NONE',  #1838 ) ;
#1164 = ORIENTED_EDGE ( 'NONE', *, *, #2295, .F. ) ;
#1165 = ORIENTED_EDGE ( 'NONE', *, *, #1421, .F. ) ;
#1166 = AXIS2_PLACEMENT_3D ( 'NONE', #2881, #2190, #3108 ) ;
#1167 = EDGE_CURVE ( 'NONE', #2220, #2515, #2043, .T. ) ;
#1168 = VECTOR ( 'NONE', #1562, 1000.000000000000000 ) ;
#1169 = ADVANCED_FACE ( 'NONE', ( #2055 ), #414, .F. ) ;
#1170 = CIRCLE ( 'NONE', #1684, 1.499999999999997335 ) ;
#1171 = DIRECTION ( 'NONE',  ( 0.000000000000000000, 0.000000000000000000, 1.000000000000000000 ) ) ;
#1172 = CYLINDRICAL_SURFACE ( 'NONE', #2497, 1.500000000000001332 ) ;
#1173 = EDGE_CURVE ( 'NONE', #2646, #2977, #209, .T. ) ;
#1174 = ORIENTED_EDGE ( 'NONE', *, *, #1552, .T. ) ;
#1176 = CIRCLE ( 'NONE', #3067, 3.000000000000002665 ) ;
#1175 = FACE_OUTER_BOUND ( 'NONE', #1276, .T. ) ;
#1177 = CARTESIAN_POINT ( 'NONE',  ( -25.19999999999999929, -2.000000000000000000, -61.49999999999992895 ) ) ;
#1178 = EDGE_LOOP ( 'NONE', ( #2667, #2429, #638, #1668 ) ) ;
#1179 = AXIS2_PLACEMENT_3D ( 'NONE', #2979, #2476, #1739 ) ;
#1180 = ORIENTED_EDGE ( 'NONE', *, *, #1698, .F. ) ;
#1181 = AXIS2_PLACEMENT_3D ( 'NONE', #1551, #812, #1569 ) ;
#1182 = ORIENTED_EDGE ( 'NONE', *, *, #2381, .T. ) ;
#1183 = DIRECTION ( 'NONE',  ( 0.000000000000000000, 0.000000000000000000, -1.000000000000000000 ) ) ;
#1184 = CARTESIAN_POINT ( 'NONE',  ( 70.00000000000001421, 2.000000000000000000, -20.49999999999764455 ) ) ;
#1185 = PLANE ( 'NONE',  #2187 ) ;
#1186 = VECTOR ( 'NONE', #488, 1000.000000000000000 ) ;
#1187 = CARTESIAN_POINT ( 'NONE',  ( -46.89999999999999858, -1.000000000000000000, 46.89999999999999147 ) ) ;
#1188 = ORIENTED_EDGE ( 'NONE', *, *, #10, .T. ) ;
#1189 = ORIENTED_EDGE ( 'NONE', *, *, #1013, .F. ) ;
#1190 = CARTESIAN_POINT ( 'NONE',  ( -70.00000000000000000, 2.000000000000000000, -70.00000000000000000 ) ) ;
#1191 = VERTEX_POINT ( 'NONE', #2531 ) ;
#1192 = ORIENTED_EDGE ( 'NONE', *, *, #787, .F. ) ;
#1193 = DIRECTION ( 'NONE',  ( 0.000000000000000000, 0.000000000000000000, 1.000000000000000000 ) ) ;
#1194 = EDGE_LOOP ( 'NONE', ( #1145, #136, #1783, #431 ) ) ;
#1195 = EDGE_CURVE ( 'NONE', #1704, #163, #269, .T. ) ;
#1196 = ORIENTED_EDGE ( 'NONE', *, *, #197, .T. ) ;
#1197 = CYLINDRICAL_SURFACE ( 'NONE', #2334, 1.500000000000004885 ) ;
#1198 = CARTESIAN_POINT ( 'NONE',  ( 62.99999999999976552, -2.000000000000000000, -50.40000000000000568 ) ) ;
#1199 = LINE ( 'NONE', #2904, #1322 ) ;
#1200 = CYLINDRICAL_SURFACE ( 'NONE', #2347, 1.000000000000000888 ) ;
#1201 = ORIENTED_EDGE ( 'NONE', *, *, #2359, .F. ) ;
#1202 = DIRECTION ( 'NONE',  ( 0.000000000000000000, 0.000000000000000000, 1.000000000000000000 ) ) ;
#1203 = CARTESIAN_POINT ( 'NONE',  ( -62.99999999999976552, 2.000000000000000000, 50.40000000000001279 ) ) ;
#1204 = VERTEX_POINT ( 'NONE', #578 ) ;
#1205 = DIRECTION ( 'NONE',  ( 0.000000000000000000, 0.000000000000000000, -1.000000000000000000 ) ) ;
#1206 = EDGE_CURVE ( 'NONE', #58, #785, #1282, .T. ) ;
#1207 = EDGE_LOOP ( 'NONE', ( #182, #484, #1853, #469 ) ) ;
#1208 = DIRECTION ( 'NONE',  ( -0.000000000000000000, -1.000000000000000000, -0.000000000000000000 ) ) ;
#1209 = ORIENTED_EDGE ( 'NONE', *, *, #1069, .T. ) ;
#1210 = FACE_OUTER_BOUND ( 'NONE', #413, .T. ) ;
#1211 = LINE ( 'NONE', #5, #2908 ) ;
#1212 = DIRECTION ( 'NONE',  ( 0.000000000000000000, 1.000000000000000000, 0.000000000000000000 ) ) ;
#1214 = VECTOR ( 'NONE', #1451, 1000.000000000000000 ) ;
#1213 = DIRECTION ( 'NONE',  ( 0.000000000000000000, 0.000000000000000000, 1.000000000000000000 ) ) ;
#1215 = ORIENTED_EDGE ( 'NONE', *, *, #2212, .F. ) ;
#1216 = CIRCLE ( 'NONE', #2695, 1.500000000000003997 ) ;
#1217 = AXIS2_PLACEMENT_3D ( 'NONE', #2491, #577, #2049 ) ;
#1218 = ORIENTED_EDGE ( 'NONE', *, *, #303, .F. ) ;
#1219 = CARTESIAN_POINT ( 'NONE',  ( -50.39999999999999147, -2.000000000000000000, 63.00000000000011369 ) ) ;
#1220 = DIRECTION ( 'NONE',  ( 0.000000000000000000, -1.000000000000000000, 0.000000000000000000 ) ) ;
#1221 = FACE_OUTER_BOUND ( 'NONE', #112, .T. ) ;
#1222 = AXIS2_PLACEMENT_3D ( 'NONE', #1776, #511, #323 ) ;
#1223 = VERTEX_POINT ( 'NONE', #1047 ) ;
#1224 = ORIENTED_EDGE ( 'NONE', *, *, #342, .F. ) ;
#1225 = DIRECTION ( 'NONE',  ( 0.000000000000000000, 0.000000000000000000, -1.000000000000000000 ) ) ;
#1226 = FACE_OUTER_BOUND ( 'NONE', #47, .T. ) ;
#1227 = CIRCLE ( 'NONE', #1786, 1.500000000000004885 ) ;
#1228 = DIRECTION ( 'NONE',  ( 0.000000000000000000, 1.000000000000000000, 0.000000000000000000 ) ) ;
#1229 = ORIENTED_EDGE ( 'NONE', *, *, #770, .T. ) ;
#1230 = CIRCLE ( 'NONE', #2858, 1.500000000000001332 ) ;
#1231 = EDGE_CURVE ( 'NONE', #1645, #2122, #317, .T. ) ;
#1232 = EDGE_CURVE ( 'NONE', #79, #2200, #720, .T. ) ;
#1233 = DIRECTION ( 'NONE',  ( -0.000000000000000000, -1.000000000000000000, -0.000000000000000000 ) ) ;
#1234 = AXIS2_PLACEMENT_3D ( 'NONE', #2418, #540, #62 ) ;
#1235 = DIRECTION ( 'NONE',  ( 0.000000000000000000, 0.000000000000000000, -1.000000000000000000 ) ) ;
#1236 = EDGE_CURVE ( 'NONE', #1658, #942, #55, .T. ) ;
#1237 = AXIS2_PLACEMENT_3D ( 'NONE', #1769, #2487, #2510 ) ;
#1238 = DIRECTION ( 'NONE',  ( -0.000000000000000000, -1.000000000000000000, -0.000000000000000000 ) ) ;
#1239 = CARTESIAN_POINT ( 'NONE',  ( -67.00000000000000000, 2.000000000000000000, -20.50000000000142109 ) ) ;
#1240 = ORIENTED_EDGE ( 'NONE', *, *, #2608, .T. ) ;
#1241 = ORIENTED_EDGE ( 'NONE', *, *, #245, .T. ) ;
#1242 = EDGE_CURVE ( 'NONE', #2105, #938, #669, .T. ) ;
#1243 = DIRECTION ( 'NONE',  ( 0.000000000000000000, 0.000000000000000000, 1.000000000000000000 ) ) ;
#1244 = DIRECTION ( 'NONE',  ( 0.000000000000000000, 0.000000000000000000, -1.000000000000000000 ) ) ;
#1245 = ORIENTED_EDGE ( 'NONE', *, *, #162, .T. ) ;
#1246 = VERTEX_POINT ( 'NONE', #2210 ) ;
#1247 = DIRECTION ( 'NONE',  ( 0.000000000000000000, 0.000000000000000000, -1.000000000000000000 ) ) ;
#1248 = FACE_OUTER_BOUND ( 'NONE', #2172, .T. ) ;
#1249 = DIRECTION ( 'NONE',  ( 0.000000000000000000, 0.000000000000000000, 1.000000000000000000 ) ) ;
#1250 = ORIENTED_EDGE ( 'NONE', *, *, #1849, .T. ) ;
#1251 = ORIENTED_EDGE ( 'NONE', *, *, #2830, .T. ) ;
#1252 = EDGE_LOOP ( 'NONE', ( #681, #1432 ) ) ;
#1253 = CARTESIAN_POINT ( 'NONE',  ( 65.00000000000000000, 2.000000000000000000, -65.00000000000000000 ) ) ;
#1254 = DIRECTION ( 'NONE',  ( -1.000000000000000000, 0.000000000000000000, 0.000000000000000000 ) ) ;
#1255 = DIRECTION ( 'NONE',  ( 0.000000000000000000, 1.000000000000000000, 0.000000000000000000 ) ) ;
#1256 = FACE_OUTER_BOUND ( 'NONE', #1086, .T. ) ;
#1257 = ORIENTED_EDGE ( 'NONE', *, *, #1663, .T. ) ;
#1258 = EDGE_CURVE ( 'NONE', #1151, #1576, #1991, .T. ) ;
#1259 = ORIENTED_EDGE ( 'NONE', *, *, #1557, .F. ) ;
#1260 = CARTESIAN_POINT ( 'NONE',  ( -25.19999999999999929, 2.000000000000000000, -62.99999999999992895 ) ) ;
#1261 = VERTEX_POINT ( 'NONE', #2226 ) ;
#1262 =( GEOMETRIC_REPRESENTATION_CONTEXT ( 3 ) GLOBAL_UNCERTAINTY_ASSIGNED_CONTEXT ( ( #3026 ) ) GLOBAL_UNIT_ASSIGNED_CONTEXT ( ( #1271, #1041, #565 ) ) REPRESENTATION_CONTEXT ( 'NONE', 'WORKASPACE' ) );
#1263 = DIRECTION ( 'NONE',  ( 0.000000000000000000, 0.000000000000000000, -1.000000000000000000 ) ) ;
#1264 = DIRECTION ( 'NONE',  ( 0.000000000000000000, 0.000000000000000000, 1.000000000000000000 ) ) ;
#1265 = EDGE_LOOP ( 'NONE', ( #374, #2617, #1180, #2690, #1037, #774, #2626, #2800, #1066, #2915, #1301, #324, #718, #103, #1870, #1823, #3035, #1038, #2525, #1901, #1396, #2228, #2697, #506 ) ) ;
#1266 = EDGE_CURVE ( 'NONE', #735, #2171, #2445, .T. ) ;
#1267 = PRESENTATION_LAYER_ASSIGNMENT (  '', '', ( #2231 ) ) ;
#1268 = VERTEX_POINT ( 'NONE', #2959 ) ;
#1269 = AXIS2_PLACEMENT_3D ( 'NONE', #252, #474, #948 ) ;
#1270 = CARTESIAN_POINT ( 'NONE',  ( -69.99999999999998579, -2.000000000000000000, 70.00000000000000000 ) ) ;
#1271 =( LENGTH_UNIT ( ) NAMED_UNIT ( * ) SI_UNIT ( .MILLI., .METRE. ) );
#1272 = EDGE_CURVE ( 'NONE', #1191, #753, #2980, .T. ) ;
#1273 = CARTESIAN_POINT ( 'NONE',  ( 7.898971854500151999E-15, 2.000000000000000000, 64.50000000000011369 ) ) ;
#1274 = EDGE_CURVE ( 'NONE', #2678, #1652, #1036, .T. ) ;
#1275 = AXIS2_PLACEMENT_3D ( 'NONE', #2459, #2222, #1755 ) ;
#1276 = EDGE_LOOP ( 'NONE', ( #2993, #702, #2092, #377 ) ) ;
#1277 = FACE_BOUND ( 'NONE', #719, .T. ) ;
#1278 = FACE_OUTER_BOUND ( 'NONE', #1194, .T. ) ;
#1279 = ADVANCED_FACE ( 'NONE', ( #1507 ), #2477, .F. ) ;
#1280 = EDGE_LOOP ( 'NONE', ( #1521, #1744, #1469, #1728 ) ) ;
#1282 = CIRCLE ( 'NONE', #2854, 2.999999999999999112 ) ;
#1281 = CARTESIAN_POINT ( 'NONE',  ( 62.99999999999976552, 2.000000000000000000, -50.40000000000000568 ) ) ;
#1283 = AXIS2_PLACEMENT_3D ( 'NONE', #2696, #287, #355 ) ;
#1284 = DIRECTION ( 'NONE',  ( -0.000000000000000000, -1.000000000000000000, -0.000000000000000000 ) ) ;
#1285 = CARTESIAN_POINT ( 'NONE',  ( -50.39999999999999147, -2.000000000000000000, 61.50000000000011369 ) ) ;
#1286 = VERTEX_POINT ( 'NONE', #545 ) ;
#1287 = CIRCLE ( 'NONE', #2294, 1.500000000000001332 ) ;
#1288 = ORIENTED_EDGE ( 'NONE', *, *, #1830, .F. ) ;
#1289 = CIRCLE ( 'NONE', #108, 2.999999999999999112 ) ;
#1290 = ORIENTED_EDGE ( 'NONE', *, *, #1330, .F. ) ;
#1291 = FACE_OUTER_BOUND ( 'NONE', #1492, .T. ) ;
#1292 = DIRECTION ( 'NONE',  ( 0.000000000000000000, -1.000000000000000000, 0.000000000000000000 ) ) ;
#1293 = CIRCLE ( 'NONE', #1798, 1.500000000000001332 ) ;
#1294 = ORIENTED_EDGE ( 'NONE', *, *, #609, .T. ) ;
#1295 = CARTESIAN_POINT ( 'NONE',  ( 50.40000000000000568, -2.000000000000000000, 62.99999999999976552 ) ) ;
#1296 = CARTESIAN_POINT ( 'NONE',  ( -51.90000000000000568, -1.000000000000000000, -46.90000000000001279 ) ) ;
#1297 = DIRECTION ( 'NONE',  ( -0.000000000000000000, -1.000000000000000000, -0.000000000000000000 ) ) ;
#1298 = CYLINDRICAL_SURFACE ( 'NONE', #2810, 2.650000000005259260 ) ;
#1299 = DIRECTION ( 'NONE',  ( 0.000000000000000000, 0.000000000000000000, 1.000000000000000000 ) ) ;
#1300 = EDGE_CURVE ( 'NONE', #1268, #232, #1829, .T. ) ;
#1301 = ORIENTED_EDGE ( 'NONE', *, *, #2882, .F. ) ;
#1302 = VERTEX_POINT ( 'NONE', #1285 ) ;
#1303 = EDGE_LOOP ( 'NONE', ( #1401, #71, #2650, #677 ) ) ;
#1304 = DIRECTION ( 'NONE',  ( 0.000000000000000000, -1.000000000000000000, 0.000000000000000000 ) ) ;
#1305 = DIRECTION ( 'NONE',  ( 0.000000000000000000, 0.000000000000000000, 1.000000000000000000 ) ) ;
#1306 = DIRECTION ( 'NONE',  ( 0.000000000000000000, 0.000000000000000000, 1.000000000000000000 ) ) ;
#1307 = FACE_OUTER_BOUND ( 'NONE', #1456, .T. ) ;
#1308 = DIRECTION ( 'NONE',  ( -0.000000000000000000, -1.000000000000000000, -0.000000000000000000 ) ) ;
#1309 = VERTEX_POINT ( 'NONE', #1770 ) ;
#1310 = EDGE_CURVE ( 'NONE', #2687, #881, #518, .T. ) ;
#1311 = CARTESIAN_POINT ( 'NONE',  ( 70.00000000000000000, -2.000000000000000000, -70.00000000000000000 ) ) ;
#1312 = CARTESIAN_POINT ( 'NONE',  ( 65.00000000000376588, 1.000000000000000000, -64.99999999999637623 ) ) ;
#1313 = DIRECTION ( 'NONE',  ( 0.000000000000000000, 0.000000000000000000, -1.000000000000000000 ) ) ;
#1314 = EDGE_CURVE ( 'NONE', #2464, #2068, #2280, .T. ) ;
#1315 = CARTESIAN_POINT ( 'NONE',  ( 50.39999999999999858, 2.000000000000000000, -63.00000000000011369 ) ) ;
#1316 = ORIENTED_EDGE ( 'NONE', *, *, #1028, .F. ) ;
#1317 = VERTEX_POINT ( 'NONE', #3070 ) ;
#1318 = CARTESIAN_POINT ( 'NONE',  ( -67.00000000000000000, 2.000000000000000000, -20.50000000000142109 ) ) ;
#1319 = AXIS2_PLACEMENT_3D ( 'NONE', #3011, #2044, #3028 ) ;
#1320 = FACE_BOUND ( 'NONE', #2625, .T. ) ;
#1321 = CIRCLE ( 'NONE', #1567, 1.500000000000001332 ) ;
#1322 = VECTOR ( 'NONE', #1375, 1000.000000000000000 ) ;
#1323 = VECTOR ( 'NONE', #2564, 1000.000000000000000 ) ;
#1324 = CARTESIAN_POINT ( 'NONE',  ( -64.99999999999998579, -2.000000000000000000, 65.00000000000000000 ) ) ;
#1325 = EDGE_LOOP ( 'NONE', ( #486, #300, #703, #2724 ) ) ;
#1326 = CARTESIAN_POINT ( 'NONE',  ( 70.00000000000000000, 2.000000000000000000, -65.00000000000000000 ) ) ;
#1327 = EDGE_CURVE ( 'NONE', #2901, #861, #911, .T. ) ;
#1328 = VECTOR ( 'NONE', #273, 1000.000000000000000 ) ;
#1329 = ORIENTED_EDGE ( 'NONE', *, *, #1339, .F. ) ;
#1330 = EDGE_CURVE ( 'NONE', #893, #3055, #1807, .T. ) ;
#1331 = DIRECTION ( 'NONE',  ( -0.000000000000000000, -1.000000000000000000, -0.000000000000000000 ) ) ;
#1332 = AXIS2_PLACEMENT_3D ( 'NONE', #826, #2771, #1802 ) ;
#1333 = EDGE_CURVE ( 'NONE', #2763, #18, #2569, .T. ) ;
#1334 = CIRCLE ( 'NONE', #365, 1.500000000000001332 ) ;
#1335 = CARTESIAN_POINT ( 'NONE',  ( 62.99999999999976552, 2.000000000000000000, -48.90000000000001279 ) ) ;
#1336 = CARTESIAN_POINT ( 'NONE',  ( -69.99999999999998579, 2.000000000000000000, 70.00000000000000000 ) ) ;
#1337 = AXIS2_PLACEMENT_3D ( 'NONE', #756, #768, #1713 ) ;
#1338 = FACE_BOUND ( 'NONE', #2198, .T. ) ;
#1339 = EDGE_CURVE ( 'NONE', #278, #2593, #470, .T. ) ;
#1340 = ORIENTED_EDGE ( 'NONE', *, *, #2937, .T. ) ;
#1342 = DIRECTION ( 'NONE',  ( 0.000000000000000000, -1.000000000000000000, 0.000000000000000000 ) ) ;
#1341 = VECTOR ( 'NONE', #1834, 1000.000000000000000 ) ;
#1343 = CARTESIAN_POINT ( 'NONE',  ( -20.50000000000000355, 2.000000000000000000, 70.00000000000000000 ) ) ;
#1344 = DIRECTION ( 'NONE',  ( -0.000000000000000000, -1.000000000000000000, -0.000000000000000000 ) ) ;
#1345 = ORIENTED_EDGE ( 'NONE', *, *, #325, .F. ) ;
#1346 = DIRECTION ( 'NONE',  ( 0.000000000000000000, 0.000000000000000000, 1.000000000000000000 ) ) ;
#1347 = CYLINDRICAL_SURFACE ( 'NONE', #1974, 1.500000000000004885 ) ;
#1348 = FACE_BOUND ( 'NONE', #434, .T. ) ;
#1349 = ORIENTED_EDGE ( 'NONE', *, *, #955, .F. ) ;
#1350 = VERTEX_POINT ( 'NONE', #1857 ) ;
#1351 = EDGE_LOOP ( 'NONE', ( #1383, #502, #922, #2179, #1971, #2494, #656, #1063, #1188, #121, #1787, #2218, #285, #495, #1808, #2704, #789, #2039, #2104, #1730, #2825, #508, #2606, #661 ) ) ;
#1352 = CARTESIAN_POINT ( 'NONE',  ( -66.99999999999765521, 2.000000000000000000, 17.49999999999858247 ) ) ;
#1353 = LINE ( 'NONE', #1101, #402 ) ;
#1354 = DIRECTION ( 'NONE',  ( -0.000000000000000000, 1.000000000000000000, -0.000000000000000000 ) ) ;
#1355 = ORIENTED_EDGE ( 'NONE', *, *, #1862, .F. ) ;
#1356 = DIRECTION ( 'NONE',  ( 0.000000000000000000, -1.000000000000000000, 0.000000000000000000 ) ) ;
#1357 = CARTESIAN_POINT ( 'NONE',  ( -69.99999999999998579, 2.000000000000000000, 65.00000000000000000 ) ) ;
#1358 = ADVANCED_FACE ( 'NONE', ( #1842 ), #2591, .T. ) ;
#1359 = LINE ( 'NONE', #2326, #907 ) ;
#1360 = FACE_BOUND ( 'NONE', #1154, .T. ) ;
#1361 = EDGE_LOOP ( 'NONE', ( #806, #2961, #1809, #2973 ) ) ;
#1362 = EDGE_LOOP ( 'NONE', ( #2168, #1355 ) ) ;
#1363 = CARTESIAN_POINT ( 'NONE',  ( 65.00000000000000000, 2.000000000000000000, -70.00000000000000000 ) ) ;
#1364 = ORIENTED_EDGE ( 'NONE', *, *, #2989, .T. ) ;
#1365 = CYLINDRICAL_SURFACE ( 'NONE', #2191, 4.999999999999997335 ) ;
#1366 = CYLINDRICAL_SURFACE ( 'NONE', #2799, 1.500000000000001332 ) ;
#1367 = FACE_OUTER_BOUND ( 'NONE', #1018, .T. ) ;
#1368 = VERTEX_POINT ( 'NONE', #1093 ) ;
#1369 = EDGE_CURVE ( 'NONE', #1261, #1760, #1012, .T. ) ;
#1370 = TOROIDAL_SURFACE ( 'NONE', #1672, 6.000000000000000000, 1.000000000000000000 ) ;
#1371 = AXIS2_PLACEMENT_3D ( 'NONE', #3032, #1571, #853 ) ;
#1372 = DIRECTION ( 'NONE',  ( 0.000000000000000000, -1.000000000000000000, 0.000000000000000000 ) ) ;
#1373 = EDGE_LOOP ( 'NONE', ( #501, #1115 ) ) ;
#1374 = DIRECTION ( 'NONE',  ( 0.000000000000000000, 1.000000000000000000, 0.000000000000000000 ) ) ;
#1375 = DIRECTION ( 'NONE',  ( -0.000000000000000000, -1.000000000000000000, -0.000000000000000000 ) ) ;
#1376 = DIRECTION ( 'NONE',  ( -0.000000000000000000, -1.000000000000000000, -0.000000000000000000 ) ) ;
#1377 = ORIENTED_EDGE ( 'NONE', *, *, #1150, .F. ) ;
#1378 = ORIENTED_EDGE ( 'NONE', *, *, #1510, .T. ) ;
#1379 = DIRECTION ( 'NONE',  ( 0.000000000000000000, 1.000000000000000000, 0.000000000000000000 ) ) ;
#1380 = DIRECTION ( 'NONE',  ( 0.000000000000000000, 0.000000000000000000, -1.000000000000000000 ) ) ;
#1381 = CIRCLE ( 'NONE', #1535, 1.499999999999994449 ) ;
#1382 = DIRECTION ( 'NONE',  ( 0.000000000000000000, 0.000000000000000000, 1.000000000000000000 ) ) ;
#1383 = ORIENTED_EDGE ( 'NONE', *, *, #2561, .T. ) ;
#1384 = CARTESIAN_POINT ( 'NONE',  ( -70.00000000000000000, -2.000000000000000000, -65.00000000000000000 ) ) ;
#1385 = AXIS2_PLACEMENT_3D ( 'NONE', #1921, #1717, #2924 ) ;
#1386 = VERTEX_POINT ( 'NONE', #2787 ) ;
#1387 = FACE_OUTER_BOUND ( 'NONE', #22, .T. ) ;
#1388 = AXIS2_PLACEMENT_3D ( 'NONE', #587, #106, #335 ) ;
#1389 = LINE ( 'NONE', #870, #3058 ) ;
#1390 = AXIS2_PLACEMENT_3D ( 'NONE', #2064, #2737, #2499 ) ;
#1391 = VERTEX_POINT ( 'NONE', #89 ) ;
#1392 = DIRECTION ( 'NONE',  ( 0.000000000000000000, 0.000000000000000000, 1.000000000000000000 ) ) ;
#1393 = CARTESIAN_POINT ( 'NONE',  ( 65.00000000000002842, 2.000000000000000000, 65.00000000000000000 ) ) ;
#1394 = EDGE_CURVE ( 'NONE', #1386, #401, #2902, .T. ) ;
#1395 = DIRECTION ( 'NONE',  ( 0.000000000000000000, 1.000000000000000000, 0.000000000000000000 ) ) ;
#1396 = ORIENTED_EDGE ( 'NONE', *, *, #658, .F. ) ;
#1397 = ORIENTED_EDGE ( 'NONE', *, *, #1423, .F. ) ;
#1398 = CARTESIAN_POINT ( 'NONE',  ( 67.00000000000140687, -2.000000000000000000, 17.50000000000235545 ) ) ;
#1399 = FACE_BOUND ( 'NONE', #943, .T. ) ;
#1400 = ORIENTED_EDGE ( 'NONE', *, *, #1794, .T. ) ;
#1401 = ORIENTED_EDGE ( 'NONE', *, *, #2578, .T. ) ;
#1402 = DIRECTION ( 'NONE',  ( -1.000000000000000000, 0.000000000000000000, 0.000000000000000000 ) ) ;
#1403 = ORIENTED_EDGE ( 'NONE', *, *, #2864, .F. ) ;
#1404 = EDGE_LOOP ( 'NONE', ( #519, #750, #2473, #3020 ) ) ;
#1405 = DIRECTION ( 'NONE',  ( -0.000000000000000000, -1.000000000000000000, -0.000000000000000000 ) ) ;
#1406 = DIRECTION ( 'NONE',  ( 0.000000000000000000, 0.000000000000000000, 1.000000000000000000 ) ) ;
#1407 = DIRECTION ( 'NONE',  ( -0.000000000000000000, -1.000000000000000000, -0.000000000000000000 ) ) ;
#1408 = ORIENTED_EDGE ( 'NONE', *, *, #2110, .T. ) ;
#1409 = FILL_AREA_STYLE_COLOUR ( '', #2386 ) ;
#1410 = DIRECTION ( 'NONE',  ( 0.000000000000000000, 0.000000000000000000, 1.000000000000000000 ) ) ;
#1411 = DIRECTION ( 'NONE',  ( 0.000000000000000000, 0.000000000000000000, -1.000000000000000000 ) ) ;
#1412 = ORIENTED_EDGE ( 'NONE', *, *, #1681, .F. ) ;
#1413 = DIRECTION ( 'NONE',  ( 0.000000000000000000, -1.000000000000000000, 0.000000000000000000 ) ) ;
#1414 = CYLINDRICAL_SURFACE ( 'NONE', #157, 3.000000000000002665 ) ;
#1415 = FACE_OUTER_BOUND ( 'NONE', #2384, .T. ) ;
#1416 = AXIS2_PLACEMENT_3D ( 'NONE', #2169, #234, #1183 ) ;
#1417 = ORIENTED_EDGE ( 'NONE', *, *, #2555, .F. ) ;
#1418 = DIRECTION ( 'NONE',  ( -1.000000000000000000, 0.000000000000000000, 0.000000000000000000 ) ) ;
#1419 = CIRCLE ( 'NONE', #2647, 2.999999999999999112 ) ;
#1420 = EDGE_CURVE ( 'NONE', #1052, #2950, #1926, .T. ) ;
#1421 = EDGE_CURVE ( 'NONE', #1703, #3158, #2342, .T. ) ;
#1422 = VERTEX_POINT ( 'NONE', #641 ) ;
#1423 = EDGE_CURVE ( 'NONE', #2528, #735, #2036, .T. ) ;
#1424 = AXIS2_PLACEMENT_3D ( 'NONE', #2956, #1212, #1757 ) ;
#1425 = AXIS2_PLACEMENT_3D ( 'NONE', #3089, #1831, #2838 ) ;
#1426 = ORIENTED_EDGE ( 'NONE', *, *, #206, .T. ) ;
#1427 = VECTOR ( 'NONE', #2601, 1000.000000000000000 ) ;
#1428 = CARTESIAN_POINT ( 'NONE',  ( 63.00000000000011369, 2.000000000000000000, -1.500000000000001332 ) ) ;
#1429 = DIRECTION ( 'NONE',  ( 0.000000000000000000, 1.000000000000000000, 0.000000000000000000 ) ) ;
#1430 = ORIENTED_EDGE ( 'NONE', *, *, #1673, .F. ) ;
#1431 = EDGE_CURVE ( 'NONE', #1703, #1155, #2343, .T. ) ;
#1432 = ORIENTED_EDGE ( 'NONE', *, *, #2975, .T. ) ;
#1433 = CIRCLE ( 'NONE', #168, 1.499999999999997780 ) ;
#1434 = CIRCLE ( 'NONE', #867, 4.999999999999997335 ) ;
#1435 = CARTESIAN_POINT ( 'NONE',  ( 65.00000000000002842, 2.000000000000000000, 65.00000000000000000 ) ) ;
#1436 = EDGE_LOOP ( 'NONE', ( #2438, #683, #2835, #1215 ) ) ;
#1437 = VECTOR ( 'NONE', #2988, 1000.000000000000000 ) ;
#1438 = ORIENTED_EDGE ( 'NONE', *, *, #584, .T. ) ;
#1439 = AXIS2_PLACEMENT_3D ( 'NONE', #705, #944, #1885 ) ;
#1440 = CARTESIAN_POINT ( 'NONE',  ( 70.00000000000000000, 2.000000000000000000, -65.00000000000000000 ) ) ;
#1441 = LINE ( 'NONE', #238, #2505 ) ;
#1442 = CARTESIAN_POINT ( 'NONE',  ( 63.00000000000011369, 2.000000000000000000, 50.39999999999999147 ) ) ;
#1443 =( NAMED_UNIT ( * ) PLANE_ANGLE_UNIT ( ) SI_UNIT ( $, .RADIAN. ) );
#1444 = EDGE_CURVE ( 'NONE', #3122, #2433, #318, .T. ) ;
#1445 = CARTESIAN_POINT ( 'NONE',  ( 65.00000000000000000, -2.000000000000000000, -70.00000000000000000 ) ) ;
#1446 = FACE_OUTER_BOUND ( 'NONE', #2281, .T. ) ;
#1447 = ORIENTED_EDGE ( 'NONE', *, *, #3131, .F. ) ;
#1448 = EDGE_CURVE ( 'NONE', #1007, #2805, #676, .T. ) ;
#1449 = ORIENTED_EDGE ( 'NONE', *, *, #1830, .T. ) ;
#1450 = ORIENTED_EDGE ( 'NONE', *, *, #2415, .T. ) ;
#1451 = DIRECTION ( 'NONE',  ( 0.000000000000000000, -1.000000000000000000, 0.000000000000000000 ) ) ;
#1452 = CARTESIAN_POINT ( 'NONE',  ( -50.39999999999999858, -2.000000000000000000, -62.99999999999976552 ) ) ;
#1453 = CARTESIAN_POINT ( 'NONE',  ( -46.90000000000001279, -2.000000000000000000, -52.90000000000001279 ) ) ;
#1454 = CARTESIAN_POINT ( 'NONE',  ( -65.00000000000000000, 1.000000000000000000, 65.00000000000002842 ) ) ;
#1455 = ORIENTED_EDGE ( 'NONE', *, *, #3009, .T. ) ;
#1456 = EDGE_LOOP ( 'NONE', ( #2089, #2338, #2746, #1604 ) ) ;
#1457 = DIRECTION ( 'NONE',  ( 0.000000000000000000, 0.000000000000000000, -1.000000000000000000 ) ) ;
#1458 = DIRECTION ( 'NONE',  ( 0.000000000000000000, 0.000000000000000000, 1.000000000000000000 ) ) ;
#1459 = DIRECTION ( 'NONE',  ( 0.000000000000000000, 0.000000000000000000, -1.000000000000000000 ) ) ;
#1460 = CARTESIAN_POINT ( 'NONE',  ( -50.39999999999999858, 2.000000000000000000, -64.49999999999977263 ) ) ;
#1461 = VERTEX_POINT ( 'NONE', #838 ) ;
#1462 = VERTEX_POINT ( 'NONE', #1617 ) ;
#1463 = FACE_BOUND ( 'NONE', #3053, .T. ) ;
#1464 = EDGE_CURVE ( 'NONE', #1204, #2099, #1170, .T. ) ;
#1465 = FACE_OUTER_BOUND ( 'NONE', #1178, .T. ) ;
#1466 = TOROIDAL_SURFACE ( 'NONE', #1269, 6.000000000000000000, 1.000000000000000000 ) ;
#1467 = DIRECTION ( 'NONE',  ( 0.000000000000000000, 0.000000000000000000, 1.000000000000000000 ) ) ;
#1468 = ADVANCED_FACE ( 'NONE', ( #1348, #386, #1360, #2327, #249, #444, #2137, #824, #1799, #2769, #347, #3025, #1998, #2983, #1029, #1320, #2289, #2781, #1338, #2546, #2308, #500, #1463, #267, #1277, #2249 ), #1589, .F. ) ;
#1469 = ORIENTED_EDGE ( 'NONE', *, *, #1045, .F. ) ;
#1470 = VERTEX_POINT ( 'NONE', #633 ) ;
#1471 = CIRCLE ( 'NONE', #2544, 1.499999999999994449 ) ;
#1472 = ORIENTED_EDGE ( 'NONE', *, *, #447, .T. ) ;
#1473 = DIRECTION ( 'NONE',  ( -0.000000000000000000, -1.000000000000000000, -0.000000000000000000 ) ) ;
#1474 = DIRECTION ( 'NONE',  ( 0.000000000000000000, 0.000000000000000000, 1.000000000000000000 ) ) ;
#1475 = AXIS2_PLACEMENT_3D ( 'NONE', #2238, #1759, #802 ) ;
#1476 = ORIENTED_EDGE ( 'NONE', *, *, #2264, .F. ) ;
#1477 = ORIENTED_EDGE ( 'NONE', *, *, #2927, .F. ) ;
#1478 = CIRCLE ( 'NONE', #912, 1.500000000000001332 ) ;
#1479 = DIRECTION ( 'NONE',  ( 0.000000000000000000, 1.000000000000000000, 0.000000000000000000 ) ) ;
#1480 = ORIENTED_EDGE ( 'NONE', *, *, #1195, .F. ) ;
#1481 = DIRECTION ( 'NONE',  ( 1.336973777246094192E-16, 0.000000000000000000, 1.000000000000000000 ) ) ;
#1482 = CIRCLE ( 'NONE', #277, 1.500000000000001332 ) ;
#1483 = CARTESIAN_POINT ( 'NONE',  ( -46.89999999999999858, 2.000000000000000000, 51.89999999999999147 ) ) ;
#1484 = ORIENTED_EDGE ( 'NONE', *, *, #2994, .T. ) ;
#1485 = VECTOR ( 'NONE', #2866, 1000.000000000000000 ) ;
#1486 = DIRECTION ( 'NONE',  ( 0.000000000000000000, -1.000000000000000000, 0.000000000000000000 ) ) ;
#1487 = CYLINDRICAL_SURFACE ( 'NONE', #726, 1.500000000000001332 ) ;
#1488 = AXIS2_PLACEMENT_3D ( 'NONE', #2225, #299, #1235 ) ;
#1489 = EDGE_LOOP ( 'NONE', ( #1006, #160, #1472, #839 ) ) ;
#1490 = ORIENTED_EDGE ( 'NONE', *, *, #973, .T. ) ;
#1491 = CIRCLE ( 'NONE', #573, 1.499999999999994449 ) ;
#1492 = EDGE_LOOP ( 'NONE', ( #2204, #1628, #1349, #1400 ) ) ;
#1493 = ADVANCED_FACE ( 'NONE', ( #1848 ), #2126, .F. ) ;
#1494 = CARTESIAN_POINT ( 'NONE',  ( 46.90000000000001990, -2.000000000000000000, 51.89999999999999147 ) ) ;
#1495 =( NAMED_UNIT ( * ) PLANE_ANGLE_UNIT ( ) SI_UNIT ( $, .RADIAN. ) );
#1496 = VERTEX_POINT ( 'NONE', #201 ) ;
#1497 = CARTESIAN_POINT ( 'NONE',  ( -2.490333468844531319E-17, -2.000000000000000000, -63.00000000000011369 ) ) ;
#1498 = ORIENTED_EDGE ( 'NONE', *, *, #2676, .T. ) ;
#1499 = CARTESIAN_POINT ( 'NONE',  ( -51.89999999999999147, -1.000000000000000000, 46.89999999999999147 ) ) ;
#1500 = ORIENTED_EDGE ( 'NONE', *, *, #2212, .T. ) ;
#1501 = ORIENTED_EDGE ( 'NONE', *, *, #1272, .F. ) ;
#1502 = ORIENTED_EDGE ( 'NONE', *, *, #895, .T. ) ;
#1503 = PLANE ( 'NONE',  #2288 ) ;
#1504 = CARTESIAN_POINT ( 'NONE',  ( 46.89999999999999147, 2.000000000000000000, 51.89999999999999147 ) ) ;
#1505 = EDGE_CURVE ( 'NONE', #1645, #2433, #1640, .T. ) ;
#1506 = CARTESIAN_POINT ( 'NONE',  ( 63.00000000000011369, -2.000000000000000000, 50.39999999999999147 ) ) ;
#1507 = FACE_OUTER_BOUND ( 'NONE', #268, .T. ) ;
#1508 = ADVANCED_FACE ( 'NONE', ( #2865 ), #2795, .T. ) ;
#1509 = DIRECTION ( 'NONE',  ( 0.000000000000000000, -1.000000000000000000, 0.000000000000000000 ) ) ;
#1510 = EDGE_CURVE ( 'NONE', #3055, #820, #1610, .T. ) ;
#1511 = FACE_OUTER_BOUND ( 'NONE', #644, .T. ) ;
#1512 = DIRECTION ( 'NONE',  ( 0.000000000000000000, 0.000000000000000000, 1.000000000000000000 ) ) ;
#1513 = DIRECTION ( 'NONE',  ( 0.000000000000000000, 0.000000000000000000, 1.000000000000000000 ) ) ;
#1514 = ORIENTED_EDGE ( 'NONE', *, *, #571, .T. ) ;
#1515 = DIRECTION ( 'NONE',  ( -0.000000000000000000, -1.000000000000000000, -0.000000000000000000 ) ) ;
#1516 = ORIENTED_EDGE ( 'NONE', *, *, #325, .T. ) ;
#1517 = DIRECTION ( 'NONE',  ( -0.000000000000000000, 1.000000000000000000, -0.000000000000000000 ) ) ;
#1518 = CIRCLE ( 'NONE', #49, 1.500000000000004885 ) ;
#1519 = FACE_OUTER_BOUND ( 'NONE', #2758, .T. ) ;
#1520 = CARTESIAN_POINT ( 'NONE',  ( -50.39999999999999147, 2.000000000000000000, 63.00000000000011369 ) ) ;
#1521 = ORIENTED_EDGE ( 'NONE', *, *, #691, .T. ) ;
#1522 = EDGE_CURVE ( 'NONE', #1162, #125, #2446, .T. ) ;
#1523 = AXIS2_PLACEMENT_3D ( 'NONE', #1318, #1304, #846 ) ;
#1524 = PRODUCT ( '¸ÖÍø¼Ð BÃæ', '¸ÖÍø¼Ð BÃæ', '', ( #2629 ) ) ;
#1525 = DIRECTION ( 'NONE',  ( 0.000000000000000000, 0.000000000000000000, -1.000000000000000000 ) ) ;
#1526 = CARTESIAN_POINT ( 'NONE',  ( -69.99999999999998579, 2.000000000000000000, 65.00000000000000000 ) ) ;
#1527 = VECTOR ( 'NONE', #1816, 1000.000000000000000 ) ;
#1528 = AXIS2_PLACEMENT_3D ( 'NONE', #2567, #2583, #1643 ) ;
#1529 = ORIENTED_EDGE ( 'NONE', *, *, #1167, .T. ) ;
#1531 = AXIS2_PLACEMENT_3D ( 'NONE', #2804, #351, #1107 ) ;
#1530 = CARTESIAN_POINT ( 'NONE',  ( 62.99999999999976552, -2.000000000000000000, -48.90000000000001279 ) ) ;
#1532 = CIRCLE ( 'NONE', #1283, 4.999999999999997335 ) ;
#1533 = DIRECTION ( 'NONE',  ( -0.000000000000000000, -1.000000000000000000, -0.000000000000000000 ) ) ;
#1534 = ORIENTED_EDGE ( 'NONE', *, *, #602, .F. ) ;
#1535 = AXIS2_PLACEMENT_3D ( 'NONE', #1506, #2490, #2775 ) ;
#1536 = ORIENTED_EDGE ( 'NONE', *, *, #2159, .T. ) ;
#1537 = VECTOR ( 'NONE', #3156, 1000.000000000000000 ) ;
#1538 = VECTOR ( 'NONE', #2640, 1000.000000000000000 ) ;
#1539 = FACE_OUTER_BOUND ( 'NONE', #2182, .T. ) ;
#1540 = CARTESIAN_POINT ( 'NONE',  ( -64.99999999999631939, 1.000000000000000000, -65.00000000000007105 ) ) ;
#1541 = VECTOR ( 'NONE', #43, 1000.000000000000000 ) ;
#1542 = EDGE_CURVE ( 'NONE', #213, #1923, #1731, .T. ) ;
#1543 = DIRECTION ( 'NONE',  ( 0.000000000000000000, 1.000000000000000000, 0.000000000000000000 ) ) ;
#1544 = LINE ( 'NONE', #553, #432 ) ;
#1545 = ADVANCED_FACE ( 'NONE', ( #3062 ), #1366, .F. ) ;
#1546 = DIRECTION ( 'NONE',  ( -0.000000000000000000, 1.000000000000000000, -0.000000000000000000 ) ) ;
#1547 = ORIENTED_EDGE ( 'NONE', *, *, #1627, .F. ) ;
#1548 = LINE ( 'NONE', #2353, #3 ) ;
#1549 = DIRECTION ( 'NONE',  ( 0.000000000000000000, 0.000000000000000000, 1.000000000000000000 ) ) ;
#1550 = EDGE_CURVE ( 'NONE', #1302, #532, #1879, .T. ) ;
#1551 = CARTESIAN_POINT ( 'NONE',  ( -65.00000000000000000, 2.000000000000000000, -65.00000000000000000 ) ) ;
#1552 = EDGE_CURVE ( 'NONE', #2314, #1261, #1622, .T. ) ;
#1553 = CARTESIAN_POINT ( 'NONE',  ( 63.00000000000011369, -2.000000000000000000, 25.19999999999999574 ) ) ;
#1554 = EDGE_CURVE ( 'NONE', #1704, #2282, #2966, .T. ) ;
#1555 = DIRECTION ( 'NONE',  ( 0.000000000000000000, 1.000000000000000000, 0.000000000000000000 ) ) ;
#1556 = ORIENTED_EDGE ( 'NONE', *, *, #2002, .F. ) ;
#1557 = EDGE_CURVE ( 'NONE', #3017, #1669, #1981, .T. ) ;
#1558 = VERTEX_POINT ( 'NONE', #539 ) ;
#1559 = CARTESIAN_POINT ( 'NONE',  ( 0.000000000000000000, 0.000000000000000000, 0.000000000000000000 ) ) ;
#1560 = CIRCLE ( 'NONE', #1965, 1.500000000000001332 ) ;
#1561 = LINE ( 'NONE', #2543, #1105 ) ;
#1562 = DIRECTION ( 'NONE',  ( -0.000000000000000000, -1.000000000000000000, -0.000000000000000000 ) ) ;
#1563 = ORIENTED_EDGE ( 'NONE', *, *, #2565, .T. ) ;
#1564 = AXIS2_PLACEMENT_3D ( 'NONE', #2698, #1675, #3081 ) ;
#1565 = CARTESIAN_POINT ( 'NONE',  ( -67.00000000000000000, -2.000000000000000000, -20.50000000000142109 ) ) ;
#1566 = CARTESIAN_POINT ( 'NONE',  ( 65.00000000000008527, 1.000000000000000000, 65.00000000000369482 ) ) ;
#1567 = AXIS2_PLACEMENT_3D ( 'NONE', #2421, #945, #2136 ) ;
#1568 = DIRECTION ( 'NONE',  ( 0.000000000000000000, 1.000000000000000000, 0.000000000000000000 ) ) ;
#1569 = DIRECTION ( 'NONE',  ( 0.000000000000000000, 0.000000000000000000, -1.000000000000000000 ) ) ;
#1570 = AXIS2_PLACEMENT_3D ( 'NONE', #1976, #3007, #1305 ) ;
#1571 = DIRECTION ( 'NONE',  ( 0.000000000000000000, 1.000000000000000000, 0.000000000000000000 ) ) ;
#1572 = EDGE_CURVE ( 'NONE', #2541, #938, #2766, .T. ) ;
#1573 = FACE_OUTER_BOUND ( 'NONE', #740, .T. ) ;
#1574 = VECTOR ( 'NONE', #396, 1000.000000000000000 ) ;
#1575 = DIRECTION ( 'NONE',  ( 0.000000000000000000, 1.000000000000000000, 0.000000000000000000 ) ) ;
#1576 = VERTEX_POINT ( 'NONE', #580 ) ;
#1577 = DIRECTION ( 'NONE',  ( 0.000000000000000000, 1.000000000000000000, 0.000000000000000000 ) ) ;
#1578 = LINE ( 'NONE', #2554, #175 ) ;
#1579 = AXIS2_PLACEMENT_3D ( 'NONE', #382, #1356, #436 ) ;
#1580 = ORIENTED_EDGE ( 'NONE', *, *, #1310, .F. ) ;
#1581 = CARTESIAN_POINT ( 'NONE',  ( 63.00000000000011369, 2.000000000000000000, 1.499999999999993561 ) ) ;
#1582 = DIRECTION ( 'NONE',  ( 0.000000000000000000, 0.000000000000000000, 1.000000000000000000 ) ) ;
#1583 = AXIS2_PLACEMENT_3D ( 'NONE', #333, #2292, #2310 ) ;
#1584 = FILL_AREA_STYLE_COLOUR ( '', #2069 ) ;
#1585 = DIRECTION ( 'NONE',  ( -1.336973777246094192E-16, 0.000000000000000000, -1.000000000000000000 ) ) ;
#1586 = DIRECTION ( 'NONE',  ( -1.000000000000000000, 0.000000000000000000, -0.000000000000000000 ) ) ;
#1587 = EDGE_LOOP ( 'NONE', ( #3148, #1600, #1119, #2677 ) ) ;
#1588 = VECTOR ( 'NONE', #2015, 1000.000000000000000 ) ;
#1589 = PLANE ( 'NONE',  #3010 ) ;
#1590 = UNCERTAINTY_MEASURE_WITH_UNIT (LENGTH_MEASURE( 1.000000000000000082E-05 ), #1905, 'distance_accuracy_value', 'NONE');
#1591 = FACE_OUTER_BOUND ( 'NONE', #1927, .T. ) ;
#1593 = CARTESIAN_POINT ( 'NONE',  ( 50.40000000000000568, 2.000000000000000000, 62.99999999999976552 ) ) ;
#1592 = CIRCLE ( 'NONE', #225, 1.500000000000001332 ) ;
#1594 = DIRECTION ( 'NONE',  ( 0.000000000000000000, 0.000000000000000000, -1.000000000000000000 ) ) ;
#1595 = ORIENTED_EDGE ( 'NONE', *, *, #2189, .F. ) ;
#1596 = DIRECTION ( 'NONE',  ( -0.000000000000000000, -1.000000000000000000, -0.000000000000000000 ) ) ;
#1597 = CARTESIAN_POINT ( 'NONE',  ( 63.00000000000011369, -2.000000000000000000, 25.19999999999999574 ) ) ;
#1598 = EDGE_CURVE ( 'NONE', #1827, #813, #1762, .T. ) ;
#1599 = DIRECTION ( 'NONE',  ( 0.000000000000000000, 0.000000000000000000, 1.000000000000000000 ) ) ;
#1600 = ORIENTED_EDGE ( 'NONE', *, *, #73, .T. ) ;
#1601 = CARTESIAN_POINT ( 'NONE',  ( -20.50000000000000000, 2.000000000000000000, 67.00000000000000000 ) ) ;
#1602 = DIRECTION ( 'NONE',  ( -1.000000000000000000, -0.000000000000000000, -0.000000000000000000 ) ) ;
#1603 = ORIENTED_EDGE ( 'NONE', *, *, #1431, .T. ) ;
#1604 = ORIENTED_EDGE ( 'NONE', *, *, #1836, .F. ) ;
#1605 = DIRECTION ( 'NONE',  ( 1.336973777246094192E-16, 0.000000000000000000, 1.000000000000000000 ) ) ;
#1606 = EDGE_CURVE ( 'NONE', #1844, #1111, #563, .T. ) ;
#1607 = DIRECTION ( 'NONE',  ( -0.000000000000000000, -1.000000000000000000, -0.000000000000000000 ) ) ;
#1608 = CARTESIAN_POINT ( 'NONE',  ( -65.00000000000000000, 1.000000000000000000, 67.65000000000003411 ) ) ;
#1609 = EDGE_CURVE ( 'NONE', #3000, #2577, #2992, .T. ) ;
#1610 = LINE ( 'NONE', #2322, #8 ) ;
#1611 = CARTESIAN_POINT ( 'NONE',  ( 46.90000000000001990, 2.000000000000000000, 46.89999999999999858 ) ) ;
#1612 = DIRECTION ( 'NONE',  ( -0.000000000000000000, -1.000000000000000000, -0.000000000000000000 ) ) ;
#1613 = ORIENTED_EDGE ( 'NONE', *, *, #1734, .T. ) ;
#1614 = DIRECTION ( 'NONE',  ( 0.000000000000000000, 0.000000000000000000, -1.000000000000000000 ) ) ;
#1615 = ORIENTED_EDGE ( 'NONE', *, *, #2814, .T. ) ;
#1616 = CARTESIAN_POINT ( 'NONE',  ( -65.00000000000000000, 1.000000000000000000, 62.35000000000002984 ) ) ;
#1617 = CARTESIAN_POINT ( 'NONE',  ( 50.40000000000000568, 2.000000000000000000, 64.49999999999977263 ) ) ;
#1618 = EDGE_LOOP ( 'NONE', ( #831, #399, #1896, #110 ) ) ;
#1619 = DIRECTION ( 'NONE',  ( 0.000000000000000000, 0.000000000000000000, -1.000000000000000000 ) ) ;
#1620 = ORIENTED_EDGE ( 'NONE', *, *, #2145, .F. ) ;
#1621 = CARTESIAN_POINT ( 'NONE',  ( -65.00000000000000000, 1.000000000000000000, 65.00000000000002842 ) ) ;
#1622 = LINE ( 'NONE', #1143, #1427 ) ;
#1623 = CARTESIAN_POINT ( 'NONE',  ( 63.00000000000011369, 2.000000000000000000, 50.39999999999999147 ) ) ;
#1624 = CIRCLE ( 'NONE', #2283, 4.999999999999997335 ) ;
#1625 = ORIENTED_EDGE ( 'NONE', *, *, #97, .F. ) ;
#1626 = VECTOR ( 'NONE', #1284, 1000.000000000000000 ) ;
#1627 = EDGE_CURVE ( 'NONE', #1898, #893, #1864, .T. ) ;
#1628 = ORIENTED_EDGE ( 'NONE', *, *, #2849, .T. ) ;
#1630 = AXIS2_PLACEMENT_3D ( 'NONE', #1190, #2867, #1667 ) ;
#1629 = CARTESIAN_POINT ( 'NONE',  ( 50.40000000000000568, 2.000000000000000000, 64.49999999999977263 ) ) ;
#1631 = CARTESIAN_POINT ( 'NONE',  ( 65.00000000000008527, -2.000000000000000000, 65.00000000000369482 ) ) ;
#1632 = ORIENTED_EDGE ( 'NONE', *, *, #1258, .T. ) ;
#1633 = CIRCLE ( 'NONE', #1060, 1.500000000000001332 ) ;
#1634 = DIRECTION ( 'NONE',  ( 0.000000000000000000, 0.000000000000000000, -1.000000000000000000 ) ) ;
#1635 = DIRECTION ( 'NONE',  ( 0.000000000000000000, 0.000000000000000000, -1.000000000000000000 ) ) ;
#1636 = ORIENTED_EDGE ( 'NONE', *, *, #2442, .F. ) ;
#1637 = AXIS2_PLACEMENT_3D ( 'NONE', #3023, #3043, #3096 ) ;
#1638 = SHAPE_DEFINITION_REPRESENTATION ( #984, #315 ) ;
#1639 = AXIS2_PLACEMENT_3D ( 'NONE', #1133, #3034, #1599 ) ;
#1640 = LINE ( 'NONE', #3125, #2143 ) ;
#1641 = VECTOR ( 'NONE', #2268, 1000.000000000000000 ) ;
#1642 = CARTESIAN_POINT ( 'NONE',  ( 51.90000000000000568, 2.000000000000000000, 46.89999999999999858 ) ) ;
#1643 = DIRECTION ( 'NONE',  ( 0.000000000000000000, 0.000000000000000000, -1.000000000000000000 ) ) ;
#1644 = AXIS2_PLACEMENT_3D ( 'NONE', #582, #361, #2517 ) ;
#1645 = VERTEX_POINT ( 'NONE', #185 ) ;
#1646 = EDGE_CURVE ( 'NONE', #2157, #1827, #57, .T. ) ;
#1647 = AXIS2_PLACEMENT_3D ( 'NONE', #1888, #2388, #2822 ) ;
#1648 = DIRECTION ( 'NONE',  ( -0.000000000000000000, -1.000000000000000000, -0.000000000000000000 ) ) ;
#1649 = DIRECTION ( 'NONE',  ( 0.000000000000000000, 0.000000000000000000, 1.000000000000000000 ) ) ;
#1650 = DIRECTION ( 'NONE',  ( 0.000000000000000000, 0.000000000000000000, -1.000000000000000000 ) ) ;
#1651 = EDGE_CURVE ( 'NONE', #184, #2266, #1100, .T. ) ;
#1652 = VERTEX_POINT ( 'NONE', #2107 ) ;
#1653 = DIRECTION ( 'NONE',  ( 0.000000000000000000, 0.000000000000000000, -1.000000000000000000 ) ) ;
#1654 = VERTEX_POINT ( 'NONE', #3057 ) ;
#1655 = CARTESIAN_POINT ( 'NONE',  ( -64.99999999999998579, 2.000000000000000000, 70.00000000000000000 ) ) ;
#1656 = DIRECTION ( 'NONE',  ( 1.000000000000000000, 0.000000000000000000, 0.000000000000000000 ) ) ;
#1657 = CARTESIAN_POINT ( 'NONE',  ( -25.19999999999999218, -2.000000000000000000, 63.00000000000011369 ) ) ;
#1658 = VERTEX_POINT ( 'NONE', #2811 ) ;
#1659 = CYLINDRICAL_SURFACE ( 'NONE', #429, 1.499999999999994449 ) ;
#1660 = FACE_BOUND ( 'NONE', #2014, .T. ) ;
#1661 = ORIENTED_EDGE ( 'NONE', *, *, #1258, .F. ) ;
#1662 = ORIENTED_EDGE ( 'NONE', *, *, #1542, .F. ) ;
#1663 = EDGE_CURVE ( 'NONE', #727, #1496, #630, .T. ) ;
#1664 = DIRECTION ( 'NONE',  ( -0.000000000000000000, -1.000000000000000000, -0.000000000000000000 ) ) ;
#1665 = CARTESIAN_POINT ( 'NONE',  ( 67.00000000000140687, 2.000000000000000000, 17.50000000000235545 ) ) ;
#1666 = SURFACE_STYLE_USAGE ( .BOTH. , #2877 ) ;
#1667 = DIRECTION ( 'NONE',  ( -9.912705577010325549E-17, 0.000000000000000000, -1.000000000000000000 ) ) ;
#1668 = ORIENTED_EDGE ( 'NONE', *, *, #2584, .F. ) ;
#1669 = VERTEX_POINT ( 'NONE', #393 ) ;
#1670 = LINE ( 'NONE', #2952, #684 ) ;
#1671 = ORIENTED_EDGE ( 'NONE', *, *, #1554, .T. ) ;
#1672 = AXIS2_PLACEMENT_3D ( 'NONE', #2501, #2709, #1025 ) ;
#1673 = EDGE_CURVE ( 'NONE', #2314, #207, #362, .T. ) ;
#1674 = ORIENTED_EDGE ( 'NONE', *, *, #2166, .F. ) ;
#1675 = DIRECTION ( 'NONE',  ( -0.000000000000000000, -1.000000000000000000, -0.000000000000000000 ) ) ;
#1676 = DIRECTION ( 'NONE',  ( 0.000000000000000000, -1.000000000000000000, 0.000000000000000000 ) ) ;
#1677 = CARTESIAN_POINT ( 'NONE',  ( 67.00000000000140687, 2.000000000000000000, 17.50000000000235545 ) ) ;
#1678 = CARTESIAN_POINT ( 'NONE',  ( -20.50000000000000000, 2.000000000000000000, 67.00000000000000000 ) ) ;
#1679 = ORIENTED_EDGE ( 'NONE', *, *, #1826, .T. ) ;
#1680 = AXIS2_PLACEMENT_3D ( 'NONE', #652, #2070, #862 ) ;
#1681 = EDGE_CURVE ( 'NONE', #1959, #2138, #1784, .T. ) ;
#1682 = DIRECTION ( 'NONE',  ( -0.000000000000000000, -1.000000000000000000, -0.000000000000000000 ) ) ;
#1683 = ORIENTED_EDGE ( 'NONE', *, *, #477, .T. ) ;
#1684 = AXIS2_PLACEMENT_3D ( 'NONE', #2102, #1575, #2552 ) ;
#1685 = DIRECTION ( 'NONE',  ( 0.000000000000000000, 0.000000000000000000, 1.000000000000000000 ) ) ;
#1686 = DIRECTION ( 'NONE',  ( 0.000000000000000000, 1.000000000000000000, 0.000000000000000000 ) ) ;
#1687 = ORIENTED_EDGE ( 'NONE', *, *, #1550, .T. ) ;
#1688 = AXIS2_PLACEMENT_3D ( 'NONE', #2997, #1342, #617 ) ;
#1689 = AXIS2_PLACEMENT_3D ( 'NONE', #242, #257, #1202 ) ;
#1690 = DIRECTION ( 'NONE',  ( -1.336973777246094192E-16, 0.000000000000000000, -1.000000000000000000 ) ) ;
#1691 = ORIENTED_EDGE ( 'NONE', *, *, #2849, .F. ) ;
#1692 = CIRCLE ( 'NONE', #2914, 1.500000000000001332 ) ;
#1693 = ORIENTED_EDGE ( 'NONE', *, *, #1314, .T. ) ;
#1694 = DIRECTION ( 'NONE',  ( 0.000000000000000000, -1.000000000000000000, 0.000000000000000000 ) ) ;
#1695 = AXIS2_PLACEMENT_3D ( 'NONE', #1442, #2447, #1457 ) ;
#1696 = CARTESIAN_POINT ( 'NONE',  ( 63.00000000000011369, 2.000000000000000000, -3.857637417314024638E-15 ) ) ;
#1697 = DIRECTION ( 'NONE',  ( 0.000000000000000000, 1.000000000000000000, 0.000000000000000000 ) ) ;
#1698 = EDGE_CURVE ( 'NONE', #58, #642, #2444, .T. ) ;
#1699 = ORIENTED_EDGE ( 'NONE', *, *, #653, .F. ) ;
#1700 = DIRECTION ( 'NONE',  ( 0.000000000000000000, 0.000000000000000000, -1.000000000000000000 ) ) ;
#1701 = DIRECTION ( 'NONE',  ( -0.000000000000000000, -1.000000000000000000, -0.000000000000000000 ) ) ;
#1702 = EDGE_CURVE ( 'NONE', #547, #2423, #180, .T. ) ;
#1703 = VERTEX_POINT ( 'NONE', #592 ) ;
#1704 = VERTEX_POINT ( 'NONE', #2840 ) ;
#1705 = PLANE ( 'NONE',  #2252 ) ;
#1706 = LINE ( 'NONE', #220, #2906 ) ;
#1707 = ORIENTED_EDGE ( 'NONE', *, *, #516, .F. ) ;
#1708 = EDGE_CURVE ( 'NONE', #1462, #2679, #1478, .T. ) ;
#1709 = LINE ( 'NONE', #256, #662 ) ;
#1710 = FACE_BOUND ( 'NONE', #915, .T. ) ;
#1711 = ORIENTED_EDGE ( 'NONE', *, *, #145, .T. ) ;
#1712 = DIRECTION ( 'NONE',  ( 0.000000000000000000, 1.000000000000000000, 0.000000000000000000 ) ) ;
#1713 = DIRECTION ( 'NONE',  ( 0.000000000000000000, 0.000000000000000000, 1.000000000000000000 ) ) ;
#1714 = ORIENTED_EDGE ( 'NONE', *, *, #755, .T. ) ;
#1715 = AXIS2_PLACEMENT_3D ( 'NONE', #2836, #2358, #1247 ) ;
#1716 = DIRECTION ( 'NONE',  ( 0.000000000000000000, 0.000000000000000000, 1.000000000000000000 ) ) ;
#1718 = AXIS2_PLACEMENT_3D ( 'NONE', #2680, #1891, #503 ) ;
#1717 = DIRECTION ( 'NONE',  ( 0.000000000000000000, 1.000000000000000000, 0.000000000000000000 ) ) ;
#1719 = DIRECTION ( 'NONE',  ( 0.000000000000000000, 1.000000000000000000, 0.000000000000000000 ) ) ;
#1720 = ORIENTED_EDGE ( 'NONE', *, *, #1420, .F. ) ;
#1721 = AXIS2_PLACEMENT_3D ( 'NONE', #2802, #1596, #2568 ) ;
#1722 = CARTESIAN_POINT ( 'NONE',  ( 17.50000000000000000, 2.000000000000000000, 67.00000000000000000 ) ) ;
#1723 = DIRECTION ( 'NONE',  ( 0.000000000000000000, 0.000000000000000000, 1.000000000000000000 ) ) ;
#1724 = ORIENTED_EDGE ( 'NONE', *, *, #787, .T. ) ;
#1725 = AXIS2_PLACEMENT_3D ( 'NONE', #2455, #723, #1964 ) ;
#1726 = CARTESIAN_POINT ( 'NONE',  ( 70.00000000000001421, 2.000000000000000000, 20.50000000000234834 ) ) ;
#1727 = AXIS2_PLACEMENT_3D ( 'NONE', #2752, #2275, #1513 ) ;
#1728 = ORIENTED_EDGE ( 'NONE', *, *, #1793, .T. ) ;
#1729 = ADVANCED_FACE ( 'NONE', ( #1135 ), #2103, .F. ) ;
#1730 = ORIENTED_EDGE ( 'NONE', *, *, #2693, .T. ) ;
#1731 = CIRCLE ( 'NONE', #1835, 2.650000000005259260 ) ;
#1732 = DIRECTION ( 'NONE',  ( 0.000000000000000000, 0.000000000000000000, 1.000000000000000000 ) ) ;
#1733 = CIRCLE ( 'NONE', #1019, 2.999999999999999112 ) ;
#1734 = EDGE_CURVE ( 'NONE', #2981, #1350, #2293, .T. ) ;
#1735 = VECTOR ( 'NONE', #999, 1000.000000000000000 ) ;
#1736 = DIRECTION ( 'NONE',  ( 0.000000000000000000, 0.000000000000000000, 1.000000000000000000 ) ) ;
#1737 = ADVANCED_FACE ( 'NONE', ( #1095 ), #2063, .F. ) ;
#1738 = CIRCLE ( 'NONE', #1129, 5.000000000000004441 ) ;
#1739 = DIRECTION ( 'NONE',  ( 0.000000000000000000, 0.000000000000000000, -1.000000000000000000 ) ) ;
#1740 = CARTESIAN_POINT ( 'NONE',  ( 63.00000000000011369, 2.000000000000000000, 23.69999999999999929 ) ) ;
#1741 = ORIENTED_EDGE ( 'NONE', *, *, #10, .F. ) ;
#1742 = CIRCLE ( 'NONE', #3124, 1.500000000000001332 ) ;
#1743 = EDGE_LOOP ( 'NONE', ( #2, #2090, #2778, #1257 ) ) ;
#1744 = ORIENTED_EDGE ( 'NONE', *, *, #603, .T. ) ;
#1745 = EDGE_LOOP ( 'NONE', ( #3129, #2935 ) ) ;
#1746 = CARTESIAN_POINT ( 'NONE',  ( -63.00000000000011369, 2.000000000000000000, -23.69999999999998508 ) ) ;
#1747 = CARTESIAN_POINT ( 'NONE',  ( 65.00000000000376588, 1.000000000000000000, -67.65000000000163993 ) ) ;
#1748 = LINE ( 'NONE', #2502, #3061 ) ;
#1749 = VERTEX_POINT ( 'NONE', #2206 ) ;
#1750 = DIRECTION ( 'NONE',  ( 0.000000000000000000, 0.000000000000000000, 1.000000000000000000 ) ) ;
#1751 = CARTESIAN_POINT ( 'NONE',  ( 20.50000000000376588, 2.000000000000000000, -70.00000000000000000 ) ) ;
#1752 = DIRECTION ( 'NONE',  ( 0.000000000000000000, 1.000000000000000000, 0.000000000000000000 ) ) ;
#1753 = ORIENTED_EDGE ( 'NONE', *, *, #2578, .F. ) ;
#1754 = EDGE_CURVE ( 'NONE', #1386, #163, #214, .T. ) ;
#1755 = DIRECTION ( 'NONE',  ( 0.000000000000000000, 0.000000000000000000, 1.000000000000000000 ) ) ;
#1756 = CARTESIAN_POINT ( 'NONE',  ( -63.00000000000011369, -2.000000000000000000, -26.69999999999999574 ) ) ;
#1757 = DIRECTION ( 'NONE',  ( 0.000000000000000000, 0.000000000000000000, 1.000000000000000000 ) ) ;
#1758 = CARTESIAN_POINT ( 'NONE',  ( -50.39999999999999147, 2.000000000000000000, 64.50000000000011369 ) ) ;
#1759 = DIRECTION ( 'NONE',  ( -1.000000000000000000, 0.000000000000000000, 1.982541115402065110E-16 ) ) ;
#1760 = VERTEX_POINT ( 'NONE', #2390 ) ;
#1761 = ORIENTED_EDGE ( 'NONE', *, *, #2377, .F. ) ;
#1762 = LINE ( 'NONE', #2735, #615 ) ;
#1763 = CARTESIAN_POINT ( 'NONE',  ( -50.39999999999999858, 2.000000000000000000, -62.99999999999976552 ) ) ;
#1764 = SURFACE_SIDE_STYLE ('',( #321 ) ) ;
#1765 = EDGE_CURVE ( 'NONE', #820, #938, #1532, .T. ) ;
#1766 = CARTESIAN_POINT ( 'NONE',  ( 51.89999999999999147, -1.000000000000000000, -46.90000000000001279 ) ) ;
#1767 = VERTEX_POINT ( 'NONE', #2304 ) ;
#1768 = CARTESIAN_POINT ( 'NONE',  ( -64.99999999999631939, 1.000000000000000000, -65.00000000000007105 ) ) ;
#1769 = CARTESIAN_POINT ( 'NONE',  ( -70.00000000000000000, 2.000000000000000000, -70.00000000000000000 ) ) ;
#1770 = CARTESIAN_POINT ( 'NONE',  ( 65.00000000000376588, 1.000000000000000000, -67.65000000000163993 ) ) ;
#1771 = ORIENTED_EDGE ( 'NONE', *, *, #2123, .F. ) ;
#1772 = EDGE_LOOP ( 'NONE', ( #3048, #1817, #1536, #2378 ) ) ;
#1773 = ADVANCED_FACE ( 'NONE', ( #2052 ), #3040, .T. ) ;
#1774 = AXIS2_PLACEMENT_3D ( 'NONE', #348, #332, #1306 ) ;
#1775 = DIRECTION ( 'NONE',  ( 0.000000000000000000, 0.000000000000000000, 1.000000000000000000 ) ) ;
#1776 = CARTESIAN_POINT ( 'NONE',  ( -46.90000000000001279, 2.000000000000000000, -46.90000000000001279 ) ) ;
#1777 = EDGE_CURVE ( 'NONE', #874, #3142, #2396, .T. ) ;
#1778 = AXIS2_PLACEMENT_3D ( 'NONE', #1824, #1125, #2046 ) ;
#1779 = CYLINDRICAL_SURFACE ( 'NONE', #3054, 1.000000000000000888 ) ;
#1780 = CARTESIAN_POINT ( 'NONE',  ( -63.00000000000011369, 2.000000000000000000, -1.499999999999992450 ) ) ;
#1782 = AXIS2_PLACEMENT_3D ( 'NONE', #557, #2523, #1249 ) ;
#1781 = PLANE ( 'NONE',  #1237 ) ;
#1783 = ORIENTED_EDGE ( 'NONE', *, *, #181, .T. ) ;
#1784 = CIRCLE ( 'NONE', #1014, 1.500000000000004885 ) ;
#1785 = CARTESIAN_POINT ( 'NONE',  ( -25.19999999999999218, -2.000000000000000000, 63.00000000000011369 ) ) ;
#1786 = AXIS2_PLACEMENT_3D ( 'NONE', #2887, #952, #1467 ) ;
#1787 = ORIENTED_EDGE ( 'NONE', *, *, #1045, .T. ) ;
#1788 = LINE ( 'NONE', #3076, #666 ) ;
#1789 = AXIS2_PLACEMENT_3D ( 'NONE', #2430, #1957, #1512 ) ;
#1790 = DIRECTION ( 'NONE',  ( 0.000000000000000000, 0.000000000000000000, 1.000000000000000000 ) ) ;
#1791 = ORIENTED_EDGE ( 'NONE', *, *, #303, .T. ) ;
#1792 = TOROIDAL_SURFACE ( 'NONE', #3077, 6.000000000000000000, 1.000000000000000000 ) ;
#1793 = EDGE_CURVE ( 'NONE', #2357, #830, #1441, .T. ) ;
#1794 = EDGE_CURVE ( 'NONE', #627, #1286, #1706, .T. ) ;
#1795 = DIRECTION ( 'NONE',  ( -0.000000000000000000, -1.000000000000000000, -0.000000000000000000 ) ) ;
#1796 = CARTESIAN_POINT ( 'NONE',  ( -17.50000000000000000, 2.000000000000000000, 67.00000000000000000 ) ) ;
#1797 = ADVANCED_FACE ( 'NONE', ( #2669 ), #1200, .T. ) ;
#1798 = AXIS2_PLACEMENT_3D ( 'NONE', #1497, #977, #715 ) ;
#1799 = FACE_BOUND ( 'NONE', #2707, .T. ) ;
#1800 = EDGE_CURVE ( 'NONE', #2336, #18, #3066, .T. ) ;
#1801 = EDGE_LOOP ( 'NONE', ( #1741, #2115, #1671, #1141 ) ) ;
#1802 = DIRECTION ( 'NONE',  ( 0.000000000000000000, 0.000000000000000000, 1.000000000000000000 ) ) ;
#1803 = DIRECTION ( 'NONE',  ( 0.000000000000000000, -1.000000000000000000, 0.000000000000000000 ) ) ;
#1804 = ORIENTED_EDGE ( 'NONE', *, *, #2469, .F. ) ;
#1805 = EDGE_CURVE ( 'NONE', #1461, #1654, #745, .T. ) ;
#1806 = CARTESIAN_POINT ( 'NONE',  ( -65.00000000000000000, -2.000000000000000000, 65.00000000000002842 ) ) ;
#1807 = LINE ( 'NONE', #2083, #2753 ) ;
#1808 = ORIENTED_EDGE ( 'NONE', *, *, #1072, .T. ) ;
#1809 = ORIENTED_EDGE ( 'NONE', *, *, #2855, .T. ) ;
#1810 = CARTESIAN_POINT ( 'NONE',  ( 62.99999999999992895, 2.000000000000000000, -26.70000000000000284 ) ) ;
#1811 = CARTESIAN_POINT ( 'NONE',  ( 50.40000000000000568, 2.000000000000000000, 62.99999999999976552 ) ) ;
#1812 = CARTESIAN_POINT ( 'NONE',  ( 63.00000000000011369, 2.000000000000000000, 26.69999999999999574 ) ) ;
#1813 = CARTESIAN_POINT ( 'NONE',  ( 7.898971854500151999E-15, 2.000000000000000000, 64.50000000000011369 ) ) ;
#1814 = EDGE_CURVE ( 'NONE', #2193, #2763, #1227, .T. ) ;
#1815 = ORIENTED_EDGE ( 'NONE', *, *, #2163, .T. ) ;
#1816 = DIRECTION ( 'NONE',  ( -0.000000000000000000, -1.000000000000000000, -0.000000000000000000 ) ) ;
#1817 = ORIENTED_EDGE ( 'NONE', *, *, #247, .T. ) ;
#1818 = ORIENTED_EDGE ( 'NONE', *, *, #1987, .F. ) ;
#1819 = CYLINDRICAL_SURFACE ( 'NONE', #2401, 1.499999999999997780 ) ;
#1820 = CARTESIAN_POINT ( 'NONE',  ( 62.99999999999976552, -2.000000000000000000, -50.40000000000000568 ) ) ;
#1821 = VECTOR ( 'NONE', #576, 1000.000000000000000 ) ;
#1822 = DIRECTION ( 'NONE',  ( 9.912705577010325549E-17, 0.000000000000000000, 1.000000000000000000 ) ) ;
#1823 = ORIENTED_EDGE ( 'NONE', *, *, #2131, .T. ) ;
#1824 = CARTESIAN_POINT ( 'NONE',  ( 52.90000000000001990, -1.000000000000000000, 46.89999999999999858 ) ) ;
#1825 = CIRCLE ( 'NONE', #2024, 4.999999999999997335 ) ;
#1826 = EDGE_CURVE ( 'NONE', #1917, #3055, #1932, .T. ) ;
#1827 = VERTEX_POINT ( 'NONE', #1655 ) ;
#1828 = EDGE_CURVE ( 'NONE', #2740, #2171, #1942, .T. ) ;
#1829 = CIRCLE ( 'NONE', #94, 1.500000000000001332 ) ;
#1830 = EDGE_CURVE ( 'NONE', #1658, #2200, #2628, .T. ) ;
#1831 = DIRECTION ( 'NONE',  ( 1.336973777246094192E-16, -0.000000000000000000, 1.000000000000000000 ) ) ;
#1832 = ORIENTED_EDGE ( 'NONE', *, *, #2460, .T. ) ;
#1833 = CARTESIAN_POINT ( 'NONE',  ( 50.40000000000000568, 2.000000000000000000, 62.99999999999976552 ) ) ;
#1834 = DIRECTION ( 'NONE',  ( -1.982541115402065110E-16, -0.000000000000000000, -1.000000000000000000 ) ) ;
#1835 = AXIS2_PLACEMENT_3D ( 'NONE', #397, #654, #1866 ) ;
#1836 = EDGE_CURVE ( 'NONE', #2679, #881, #271, .T. ) ;
#1837 = CARTESIAN_POINT ( 'NONE',  ( 46.89999999999999858, 2.000000000000000000, -51.90000000000000568 ) ) ;
#1838 = AXIS2_PLACEMENT_3D ( 'NONE', #3045, #2603, #1894 ) ;
#1839 = AXIS2_PLACEMENT_3D ( 'NONE', #2672, #282, #1459 ) ;
#1840 = DIRECTION ( 'NONE',  ( 1.000000000000000000, -0.000000000000000000, -0.000000000000000000 ) ) ;
#1841 = CARTESIAN_POINT ( 'NONE',  ( 65.00000000000001421, -2.000000000000000000, 70.00000000000000000 ) ) ;
#1842 = FACE_OUTER_BOUND ( 'NONE', #926, .T. ) ;
#1843 = EDGE_LOOP ( 'NONE', ( #202, #716, #1563, #3092 ) ) ;
#1844 = VERTEX_POINT ( 'NONE', #1952 ) ;
#1845 = CARTESIAN_POINT ( 'NONE',  ( -46.89999999999999858, -1.000000000000000000, 51.89999999999999147 ) ) ;
#1846 = CARTESIAN_POINT ( 'NONE',  ( 51.90000000000000568, 2.000000000000000000, 46.89999999999996305 ) ) ;
#1847 = VERTEX_POINT ( 'NONE', #2939 ) ;
#1848 = FACE_OUTER_BOUND ( 'NONE', #392, .T. ) ;
#1849 = EDGE_CURVE ( 'NONE', #2634, #3142, #1482, .T. ) ;
#1850 = DIRECTION ( 'NONE',  ( -0.000000000000000000, -1.000000000000000000, -0.000000000000000000 ) ) ;
#1851 = CARTESIAN_POINT ( 'NONE',  ( -25.19999999999999929, 2.000000000000000000, -64.49999999999992895 ) ) ;
#1852 = DIRECTION ( 'NONE',  ( 0.000000000000000000, 0.000000000000000000, 1.000000000000000000 ) ) ;
#1853 = ORIENTED_EDGE ( 'NONE', *, *, #973, .F. ) ;
#1854 = CARTESIAN_POINT ( 'NONE',  ( -63.00000000000011369, 2.000000000000000000, -51.89999999999998437 ) ) ;
#1855 = LINE ( 'NONE', #3130, #2407 ) ;
#1856 = DIRECTION ( 'NONE',  ( 0.000000000000000000, -1.000000000000000000, 0.000000000000000000 ) ) ;
#1857 = CARTESIAN_POINT ( 'NONE',  ( 25.20000000000000639, 2.000000000000000000, 61.49999999999992895 ) ) ;
#1858 = EDGE_LOOP ( 'NONE', ( #1804, #1620 ) ) ;
#1859 = DIRECTION ( 'NONE',  ( 0.000000000000000000, 0.000000000000000000, -1.000000000000000000 ) ) ;
#1860 = ORIENTED_EDGE ( 'NONE', *, *, #1394, .F. ) ;
#1861 = CYLINDRICAL_SURFACE ( 'NONE', #767, 1.500000000000004885 ) ;
#1862 = EDGE_CURVE ( 'NONE', #2291, #892, #363, .T. ) ;
#1863 = ORIENTED_EDGE ( 'NONE', *, *, #805, .T. ) ;
#1864 = LINE ( 'NONE', #3041, #2965 ) ;
#1865 = ADVANCED_FACE ( 'NONE', ( #2639 ), #1487, .F. ) ;
#1866 = DIRECTION ( 'NONE',  ( 0.000000000000000000, 0.000000000000000000, -1.000000000000000000 ) ) ;
#1867 = DIRECTION ( 'NONE',  ( -0.000000000000000000, -1.000000000000000000, -0.000000000000000000 ) ) ;
#1868 = LINE ( 'NONE', #637, #2389 ) ;
#1869 = EDGE_CURVE ( 'NONE', #2593, #513, #949, .T. ) ;
#1870 = ORIENTED_EDGE ( 'NONE', *, *, #833, .F. ) ;
#1871 = AXIS2_PLACEMENT_3D ( 'NONE', #3002, #93, #3019 ) ;
#1872 = DIRECTION ( 'NONE',  ( 0.000000000000000000, 0.000000000000000000, 1.000000000000000000 ) ) ;
#1873 = CIRCLE ( 'NONE', #858, 1.500000000000001332 ) ;
#1874 = ORIENTED_EDGE ( 'NONE', *, *, #1464, .T. ) ;
#1875 = DIRECTION ( 'NONE',  ( 1.000000000000000000, 0.000000000000000000, 0.000000000000000000 ) ) ;
#1876 = ORIENTED_EDGE ( 'NONE', *, *, #1651, .T. ) ;
#1877 = AXIS2_PLACEMENT_3D ( 'NONE', #40, #997, #1970 ) ;
#1878 = CARTESIAN_POINT ( 'NONE',  ( 46.90000000000001990, -1.000000000000000000, 46.89999999999999858 ) ) ;
#1879 = CIRCLE ( 'NONE', #819, 1.500000000000001332 ) ;
#1880 = AXIS2_PLACEMENT_3D ( 'NONE', #1553, #1046, #2016 ) ;
#1881 = AXIS2_PLACEMENT_3D ( 'NONE', #15, #1255, #1243 ) ;
#1882 = CARTESIAN_POINT ( 'NONE',  ( 50.40000000000000568, -2.000000000000000000, 61.49999999999976552 ) ) ;
#1883 = CIRCLE ( 'NONE', #2974, 3.000000000000002665 ) ;
#1884 = EDGE_LOOP ( 'NONE', ( #606, #987 ) ) ;
#1885 = DIRECTION ( 'NONE',  ( 0.000000000000000000, 0.000000000000000000, -1.000000000000000000 ) ) ;
#1886 = EDGE_CURVE ( 'NONE', #753, #748, #1176, .T. ) ;
#1887 = AXIS2_PLACEMENT_3D ( 'NONE', #2692, #2718, #2475 ) ;
#1888 = CARTESIAN_POINT ( 'NONE',  ( 50.39999999999999858, -2.000000000000000000, -63.00000000000011369 ) ) ;
#1889 = EDGE_LOOP ( 'NONE', ( #2792, #928 ) ) ;
#1890 = EDGE_CURVE ( 'NONE', #2119, #2515, #2038, .T. ) ;
#1891 = DIRECTION ( 'NONE',  ( 0.000000000000000000, 1.000000000000000000, 0.000000000000000000 ) ) ;
#1892 = CARTESIAN_POINT ( 'NONE',  ( -62.99999999999992895, 2.000000000000000000, 25.20000000000000995 ) ) ;
#1893 = FACE_OUTER_BOUND ( 'NONE', #643, .T. ) ;
#1894 = DIRECTION ( 'NONE',  ( 1.000000000000000000, 0.000000000000000000, -0.000000000000000000 ) ) ;
#1895 = SURFACE_STYLE_FILL_AREA ( #925 ) ;
#1896 = ORIENTED_EDGE ( 'NONE', *, *, #1979, .T. ) ;
#1897 = CARTESIAN_POINT ( 'NONE',  ( 0.000000000000000000, 2.000000000000000000, 0.000000000000000000 ) ) ;
#1898 = VERTEX_POINT ( 'NONE', #2923 ) ;
#1899 = ORIENTED_EDGE ( 'NONE', *, *, #1206, .F. ) ;
#1900 = LINE ( 'NONE', #986, #2976 ) ;
#1901 = ORIENTED_EDGE ( 'NONE', *, *, #1195, .T. ) ;
#1902 = EDGE_CURVE ( 'NONE', #2291, #1847, #1211, .T. ) ;
#1903 = DIRECTION ( 'NONE',  ( 0.000000000000000000, 1.000000000000000000, 0.000000000000000000 ) ) ;
#1904 = EDGE_LOOP ( 'NONE', ( #2109, #1241, #116, #1096 ) ) ;
#1905 =( LENGTH_UNIT ( ) NAMED_UNIT ( * ) SI_UNIT ( .MILLI., .METRE. ) );
#1906 = DIRECTION ( 'NONE',  ( 0.000000000000000000, 1.000000000000000000, 0.000000000000000000 ) ) ;
#1907 = PLANE ( 'NONE',  #2957 ) ;
#1908 = ORIENTED_EDGE ( 'NONE', *, *, #1814, .F. ) ;
#1909 = ORIENTED_EDGE ( 'NONE', *, *, #2163, .F. ) ;
#1910 = CARTESIAN_POINT ( 'NONE',  ( -25.19999999999999929, -2.000000000000000000, -62.99999999999992895 ) ) ;
#1911 = EDGE_CURVE ( 'NONE', #1009, #1749, #2411, .T. ) ;
#1912 = ORIENTED_EDGE ( 'NONE', *, *, #2254, .T. ) ;
#1913 = DIRECTION ( 'NONE',  ( 0.000000000000000000, 0.000000000000000000, -1.000000000000000000 ) ) ;
#1914 = EDGE_LOOP ( 'NONE', ( #594, #453 ) ) ;
#1915 = VECTOR ( 'NONE', #24, 1000.000000000000000 ) ;
#1916 = DIRECTION ( 'NONE',  ( 0.000000000000000000, 0.000000000000000000, 1.000000000000000000 ) ) ;
#1917 = VERTEX_POINT ( 'NONE', #744 ) ;
#1918 = CARTESIAN_POINT ( 'NONE',  ( 67.00000000000140687, 2.000000000000000000, -17.49999999999764810 ) ) ;
#1919 = ADVANCED_FACE ( 'NONE', ( #2183 ), #2653, .F. ) ;
#1920 = CIRCLE ( 'NONE', #1871, 2.650000000005259260 ) ;
#1921 = CARTESIAN_POINT ( 'NONE',  ( -62.99999999999992895, 2.000000000000000000, 25.20000000000000995 ) ) ;
#1922 = DIRECTION ( 'NONE',  ( -1.000000000000000000, 0.000000000000000000, 0.000000000000000000 ) ) ;
#1923 = VERTEX_POINT ( 'NONE', #937 ) ;
#1924 = CIRCLE ( 'NONE', #3003, 1.500000000000001332 ) ;
#1925 = ADVANCED_FACE ( 'NONE', ( #2885 ), #1705, .T. ) ;
#1926 = CIRCLE ( 'NONE', #559, 1.500000000000001332 ) ;
#1927 = EDGE_LOOP ( 'NONE', ( #459, #2594, #1477, #2761 ) ) ;
#1928 = VECTOR ( 'NONE', #1208, 1000.000000000000000 ) ;
#1929 = DIRECTION ( 'NONE',  ( 0.000000000000000000, 1.000000000000000000, -0.000000000000000000 ) ) ;
#1930 = FACE_BOUND ( 'NONE', #1858, .T. ) ;
#1931 = ORIENTED_EDGE ( 'NONE', *, *, #1754, .F. ) ;
#1932 = CIRCLE ( 'NONE', #166, 1.000000000000000888 ) ;
#1933 = CARTESIAN_POINT ( 'NONE',  ( 25.20000000000000639, -2.000000000000000000, 64.49999999999992895 ) ) ;
#1934 = AXIS2_PLACEMENT_3D ( 'NONE', #2931, #2230, #1525 ) ;
#1935 = DIRECTION ( 'NONE',  ( 0.000000000000000000, -1.000000000000000000, 0.000000000000000000 ) ) ;
#1936 = DIRECTION ( 'NONE',  ( 0.000000000000000000, -1.000000000000000000, 0.000000000000000000 ) ) ;
#1937 = ORIENTED_EDGE ( 'NONE', *, *, #551, .T. ) ;
#1938 = ORIENTED_EDGE ( 'NONE', *, *, #1598, .F. ) ;
#1939 = CARTESIAN_POINT ( 'NONE',  ( -25.19999999999999218, 2.000000000000000000, 64.50000000000011369 ) ) ;
#1940 = CARTESIAN_POINT ( 'NONE',  ( -66.99999999999765521, 2.000000000000000000, -17.50000000000142109 ) ) ;
#1941 = AXIS2_PLACEMENT_3D ( 'NONE', #215, #1875, #3135 ) ;
#1942 = LINE ( 'NONE', #2681, #472 ) ;
#1943 = DIRECTION ( 'NONE',  ( 0.000000000000000000, 1.000000000000000000, 0.000000000000000000 ) ) ;
#1944 = EDGE_LOOP ( 'NONE', ( #531, #533 ) ) ;
#1945 = CYLINDRICAL_SURFACE ( 'NONE', #2151, 5.000000000000004441 ) ;
#1946 = CARTESIAN_POINT ( 'NONE',  ( -52.90000000000001279, -2.000000000000000000, -46.90000000000001279 ) ) ;
#1947 = PLANE ( 'NONE',  #1630 ) ;
#1948 = EDGE_LOOP ( 'NONE', ( #492, #697, #1290, #1159 ) ) ;
#1949 = EDGE_CURVE ( 'NONE', #2977, #2646, #2450, .T. ) ;
#1950 = ORIENTED_EDGE ( 'NONE', *, *, #2124, .F. ) ;
#1951 = ORIENTED_EDGE ( 'NONE', *, *, #1708, .T. ) ;
#1952 = CARTESIAN_POINT ( 'NONE',  ( -52.89999999999999858, -2.000000000000000000, 46.89999999999999147 ) ) ;
#1953 = LINE ( 'NONE', #1758, #2757 ) ;
#1954 = ORIENTED_EDGE ( 'NONE', *, *, #1333, .F. ) ;
#1955 = LINE ( 'NONE', #1494, #1735 ) ;
#1956 = CARTESIAN_POINT ( 'NONE',  ( 25.19999999999999929, -2.000000000000000000, -64.50000000000011369 ) ) ;
#1957 = DIRECTION ( 'NONE',  ( 0.000000000000000000, 1.000000000000000000, 0.000000000000000000 ) ) ;
#1958 = DIRECTION ( 'NONE',  ( -0.000000000000000000, 1.000000000000000000, -0.000000000000000000 ) ) ;
#1959 = VERTEX_POINT ( 'NONE', #1756 ) ;
#1960 = ORIENTED_EDGE ( 'NONE', *, *, #1646, .F. ) ;
#1961 = EDGE_CURVE ( 'NONE', #2876, #1576, #1381, .T. ) ;
#1962 = EDGE_LOOP ( 'NONE', ( #1707, #340, #2768, #2967 ) ) ;
#1963 = CYLINDRICAL_SURFACE ( 'NONE', #1583, 1.499999999999994449 ) ;
#1964 = DIRECTION ( 'NONE',  ( 0.000000000000000000, 0.000000000000000000, 1.000000000000000000 ) ) ;
#1965 = AXIS2_PLACEMENT_3D ( 'NONE', #2739, #1479, #1732 ) ;
#1966 = EDGE_LOOP ( 'NONE', ( #2859, #2507 ) ) ;
#1967 = CARTESIAN_POINT ( 'NONE',  ( 25.20000000000000639, 2.000000000000000000, 61.49999999999992895 ) ) ;
#1969 = CIRCLE ( 'NONE', #809, 1.500000000000001332 ) ;
#1968 = DIRECTION ( 'NONE',  ( -0.000000000000000000, -1.000000000000000000, -0.000000000000000000 ) ) ;
#1970 = DIRECTION ( 'NONE',  ( 0.000000000000000000, 0.000000000000000000, 1.000000000000000000 ) ) ;
#1971 = ORIENTED_EDGE ( 'NONE', *, *, #1272, .T. ) ;
#1972 = VECTOR ( 'NONE', #1040, 1000.000000000000000 ) ;
#1973 = DIRECTION ( 'NONE',  ( 0.000000000000000000, 0.000000000000000000, 1.000000000000000000 ) ) ;
#1974 = AXIS2_PLACEMENT_3D ( 'NONE', #1091, #2061, #3050 ) ;
#1975 = ORIENTED_EDGE ( 'NONE', *, *, #2990, .F. ) ;
#1976 = CARTESIAN_POINT ( 'NONE',  ( 25.19999999999999929, -2.000000000000000000, -63.00000000000011369 ) ) ;
#1977 = VECTOR ( 'NONE', #2313, 1000.000000000000000 ) ;
#1978 = ORIENTED_EDGE ( 'NONE', *, *, #245, .F. ) ;
#1979 = EDGE_CURVE ( 'NONE', #1112, #2270, #338, .T. ) ;
#1980 = EDGE_CURVE ( 'NONE', #2556, #1652, #322, .T. ) ;
#1981 = CIRCLE ( 'NONE', #212, 1.500000000000001332 ) ;
#1982 = DIRECTION ( 'NONE',  ( -0.000000000000000000, -1.000000000000000000, -0.000000000000000000 ) ) ;
#1983 = EDGE_CURVE ( 'NONE', #1246, #2270, #12, .T. ) ;
#1984 = EDGE_LOOP ( 'NONE', ( #2348, #2174, #1636, #410 ) ) ;
#1985 = VECTOR ( 'NONE', #1694, 1000.000000000000000 ) ;
#1986 = DIRECTION ( 'NONE',  ( 0.000000000000000000, 1.000000000000000000, 0.000000000000000000 ) ) ;
#1987 = EDGE_CURVE ( 'NONE', #946, #1844, #523, .T. ) ;
#1988 = CIRCLE ( 'NONE', #1385, 1.500000000000004885 ) ;
#1989 = VECTOR ( 'NONE', #1160, 1000.000000000000000 ) ;
#1990 = CARTESIAN_POINT ( 'NONE',  ( -63.00000000000011369, -2.000000000000000000, 1.157291225194286278E-14 ) ) ;
#1991 = LINE ( 'NONE', #988, #2032 ) ;
#1992 = EDGE_CURVE ( 'NONE', #1669, #3017, #1287, .T. ) ;
#1993 = CIRCLE ( 'NONE', #734, 1.500000000000001332 ) ;
#1994 = VERTEX_POINT ( 'NONE', #621 ) ;
#1995 = ORIENTED_EDGE ( 'NONE', *, *, #2688, .F. ) ;
#1996 = FACE_OUTER_BOUND ( 'NONE', #1303, .T. ) ;
#1997 = DIRECTION ( 'NONE',  ( 9.912705577010325549E-17, 0.000000000000000000, 1.000000000000000000 ) ) ;
#1998 = FACE_BOUND ( 'NONE', #2985, .T. ) ;
#1999 = CARTESIAN_POINT ( 'NONE',  ( 25.19999999999999929, 2.000000000000000000, -63.00000000000011369 ) ) ;
#2000 = EDGE_LOOP ( 'NONE', ( #1771, #260, #146, #1081 ) ) ;
#2001 = EDGE_CURVE ( 'NONE', #1652, #2556, #775, .T. ) ;
#2002 = EDGE_CURVE ( 'NONE', #964, #1058, #2199, .T. ) ;
#2003 = LINE ( 'NONE', #2741, #1588 ) ;
#2004 = ADVANCED_FACE ( 'NONE', ( #192 ), #1163, .F. ) ;
#2005 = DIRECTION ( 'NONE',  ( -0.000000000000000000, -1.000000000000000000, -0.000000000000000000 ) ) ;
#2006 = DIRECTION ( 'NONE',  ( -1.000000000000000000, -0.000000000000000000, -0.000000000000000000 ) ) ;
#2007 = ORIENTED_EDGE ( 'NONE', *, *, #1992, .T. ) ;
#2008 = EDGE_CURVE ( 'NONE', #1994, #2977, #2481, .T. ) ;
#2009 = CARTESIAN_POINT ( 'NONE',  ( -50.39999999999999147, -2.000000000000000000, 64.50000000000011369 ) ) ;
#2010 = DIRECTION ( 'NONE',  ( 0.000000000000000000, 0.000000000000000000, 1.000000000000000000 ) ) ;
#2011 = EDGE_LOOP ( 'NONE', ( #1165, #1603, #981, #446 ) ) ;
#2012 = CARTESIAN_POINT ( 'NONE',  ( -2.490333468844531319E-17, 2.000000000000000000, -63.00000000000011369 ) ) ;
#2013 = VERTEX_POINT ( 'NONE', #2349 ) ;
#2014 = EDGE_LOOP ( 'NONE', ( #2135, #2269 ) ) ;
#2015 = DIRECTION ( 'NONE',  ( -1.982541115402065110E-16, -0.000000000000000000, -1.000000000000000000 ) ) ;
#2016 = DIRECTION ( 'NONE',  ( 0.000000000000000000, 0.000000000000000000, 1.000000000000000000 ) ) ;
#2017 = DIRECTION ( 'NONE',  ( -1.000000000000000000, 0.000000000000000000, 0.000000000000000000 ) ) ;
#2018 = ORIENTED_EDGE ( 'NONE', *, *, #1651, .F. ) ;
#2019 = ADVANCED_FACE ( 'NONE', ( #1152 ), #1010, .F. ) ;
#2020 = DIRECTION ( 'NONE',  ( -0.000000000000000000, -1.000000000000000000, -0.000000000000000000 ) ) ;
#2021 = DIRECTION ( 'NONE',  ( 0.000000000000000000, 0.000000000000000000, 1.000000000000000000 ) ) ;
#2022 = CIRCLE ( 'NONE', #2180, 1.500000000000001332 ) ;
#2023 = EDGE_CURVE ( 'NONE', #1155, #28, #2351, .T. ) ;
#2024 = AXIS2_PLACEMENT_3D ( 'NONE', #679, #1648, #2623 ) ;
#2025 = ORIENTED_EDGE ( 'NONE', *, *, #2970, .F. ) ;
#2026 = SURFACE_STYLE_USAGE ( .BOTH. , #1764 ) ;
#2027 = DIRECTION ( 'NONE',  ( -1.000000000000000000, 0.000000000000000000, 0.000000000000000000 ) ) ;
#2028 = CARTESIAN_POINT ( 'NONE',  ( 62.99999999999992895, -2.000000000000000000, -26.70000000000000284 ) ) ;
#2029 = DIRECTION ( 'NONE',  ( -0.000000000000000000, 1.000000000000000000, -0.000000000000000000 ) ) ;
#2030 = VECTOR ( 'NONE', #2029, 1000.000000000000000 ) ;
#2031 = ADVANCED_FACE ( 'NONE', ( #515 ), #1963, .F. ) ;
#2032 = VECTOR ( 'NONE', #758, 1000.000000000000000 ) ;
#2033 = VECTOR ( 'NONE', #860, 1000.000000000000000 ) ;
#2034 = VECTOR ( 'NONE', #400, 1000.000000000000000 ) ;
#2035 = DIRECTION ( 'NONE',  ( 0.000000000000000000, 0.000000000000000000, 1.000000000000000000 ) ) ;
#2036 = LINE ( 'NONE', #109, #2034 ) ;
#2037 = ORIENTED_EDGE ( 'NONE', *, *, #2576, .F. ) ;
#2038 = CIRCLE ( 'NONE', #2453, 3.000000000000002665 ) ;
#2039 = ORIENTED_EDGE ( 'NONE', *, *, #3021, .T. ) ;
#2040 = FACE_OUTER_BOUND ( 'NONE', #2000, .T. ) ;
#2041 = CIRCLE ( 'NONE', #2404, 1.499999999999997780 ) ;
#2042 = DIRECTION ( 'NONE',  ( -0.000000000000000000, -1.000000000000000000, -0.000000000000000000 ) ) ;
#2043 = LINE ( 'NONE', #3060, #159 ) ;
#2044 = DIRECTION ( 'NONE',  ( 0.000000000000000000, 0.000000000000000000, 1.000000000000000000 ) ) ;
#2045 = CARTESIAN_POINT ( 'NONE',  ( 20.50000000000000355, -2.000000000000000000, 70.00000000000000000 ) ) ;
#2046 = DIRECTION ( 'NONE',  ( -1.000000000000000000, 0.000000000000000000, 0.000000000000000000 ) ) ;
#2047 = EDGE_CURVE ( 'NONE', #881, #2687, #2801, .T. ) ;
#2048 = LINE ( 'NONE', #3030, #2458 ) ;
#2049 = DIRECTION ( 'NONE',  ( -1.000000000000000000, 0.000000000000000000, -0.000000000000000000 ) ) ;
#2050 = DIRECTION ( 'NONE',  ( -0.000000000000000000, -1.000000000000000000, -0.000000000000000000 ) ) ;
#2051 = EDGE_LOOP ( 'NONE', ( #1182, #2154 ) ) ;
#2052 = FACE_OUTER_BOUND ( 'NONE', #499, .T. ) ;
#2053 = VERTEX_POINT ( 'NONE', #1841 ) ;
#2054 = LINE ( 'NONE', #1335, #852 ) ;
#2055 = FACE_OUTER_BOUND ( 'NONE', #1436, .T. ) ;
#2056 = ADVANCED_FACE ( 'NONE', ( #865 ), #574, .F. ) ;
#2057 = EDGE_CURVE ( 'NONE', #28, #1155, #616, .T. ) ;
#2058 = CARTESIAN_POINT ( 'NONE',  ( 63.00000000000011369, 2.000000000000000000, 25.19999999999999574 ) ) ;
#2059 = DIRECTION ( 'NONE',  ( -0.000000000000000000, -1.000000000000000000, -0.000000000000000000 ) ) ;
#2060 = ADVANCED_FACE ( 'NONE', ( #1307 ), #77, .F. ) ;
#2061 = DIRECTION ( 'NONE',  ( -0.000000000000000000, -1.000000000000000000, -0.000000000000000000 ) ) ;
#2062 = CARTESIAN_POINT ( 'NONE',  ( 25.19999999999999929, -2.000000000000000000, -63.00000000000011369 ) ) ;
#2063 = CYLINDRICAL_SURFACE ( 'NONE', #421, 1.500000000000001332 ) ;
#2064 = CARTESIAN_POINT ( 'NONE',  ( 25.19999999999999929, 2.000000000000000000, -63.00000000000011369 ) ) ;
#2065 = ORIENTED_EDGE ( 'NONE', *, *, #2264, .T. ) ;
#2066 = FACE_OUTER_BOUND ( 'NONE', #2817, .T. ) ;
#2067 = ORIENTED_EDGE ( 'NONE', *, *, #2422, .F. ) ;
#2068 = VERTEX_POINT ( 'NONE', #2045 ) ;
#2069 = COLOUR_RGB ( '',1.000000000000000000, 1.000000000000000000, 1.000000000000000000 ) ;
#2070 = DIRECTION ( 'NONE',  ( 0.000000000000000000, -1.000000000000000000, 0.000000000000000000 ) ) ;
#2071 = CIRCLE ( 'NONE', #2744, 1.500000000000001332 ) ;
#2072 = DIRECTION ( 'NONE',  ( -1.000000000000000000, 0.000000000000000000, -0.000000000000000000 ) ) ;
#2073 = ORIENTED_EDGE ( 'NONE', *, *, #135, .F. ) ;
#2074 = CARTESIAN_POINT ( 'NONE',  ( -52.90000000000000568, -1.000000000000000000, 7.072591281631839029E-15 ) ) ;
#2075 = DIRECTION ( 'NONE',  ( 0.000000000000000000, 0.000000000000000000, 1.000000000000000000 ) ) ;
#2076 = VECTOR ( 'NONE', #610, 1000.000000000000000 ) ;
#2077 = EDGE_CURVE ( 'NONE', #2740, #2528, #1230, .T. ) ;
#2078 = CARTESIAN_POINT ( 'NONE',  ( 50.40000000000000568, 2.000000000000000000, 62.99999999999976552 ) ) ;
#2079 = CIRCLE ( 'NONE', #2243, 1.500000000000003997 ) ;
#2080 = CARTESIAN_POINT ( 'NONE',  ( -63.00000000000011369, -2.000000000000000000, -48.89999999999998437 ) ) ;
#2081 = VECTOR ( 'NONE', #2006, 1000.000000000000000 ) ;
#2082 = LINE ( 'NONE', #1629, #3123 ) ;
#2083 = CARTESIAN_POINT ( 'NONE',  ( -46.90000000000001279, -2.000000000000000000, -51.90000000000000568 ) ) ;
#2084 = ORIENTED_EDGE ( 'NONE', *, *, #1961, .F. ) ;
#2085 = FACE_OUTER_BOUND ( 'NONE', #428, .T. ) ;
#2086 = AXIS2_PLACEMENT_3D ( 'NONE', #452, #1380, #2072 ) ;
#2087 = LINE ( 'NONE', #1837, #313 ) ;
#2088 = CARTESIAN_POINT ( 'NONE',  ( 50.39999999999999858, -2.000000000000000000, -63.00000000000011369 ) ) ;
#2089 = ORIENTED_EDGE ( 'NONE', *, *, #50, .T. ) ;
#2090 = ORIENTED_EDGE ( 'NONE', *, *, #2164, .T. ) ;
#2091 = CARTESIAN_POINT ( 'NONE',  ( 65.00000000000008527, 1.000000000000000000, 65.00000000000369482 ) ) ;
#2092 = ORIENTED_EDGE ( 'NONE', *, *, #793, .F. ) ;
#2093 = CIRCLE ( 'NONE', #1488, 2.650000000005259260 ) ;
#2094 = CYLINDRICAL_SURFACE ( 'NONE', #3114, 2.649999999999999467 ) ;
#2095 = AXIS2_PLACEMENT_3D ( 'NONE', #1678, #2141, #1635 ) ;
#2096 = CARTESIAN_POINT ( 'NONE',  ( -62.99999999999992895, -2.000000000000000000, 25.20000000000000995 ) ) ;
#2097 = CIRCLE ( 'NONE', #2257, 1.500000000000004885 ) ;
#2098 = DIRECTION ( 'NONE',  ( 0.000000000000000000, 0.000000000000000000, 1.000000000000000000 ) ) ;
#2099 = VERTEX_POINT ( 'NONE', #3046 ) ;
#2100 = FACE_OUTER_BOUND ( 'NONE', #1801, .T. ) ;
#2101 = CARTESIAN_POINT ( 'NONE',  ( -63.00000000000011369, -2.000000000000000000, 1.500000000000015321 ) ) ;
#2102 = CARTESIAN_POINT ( 'NONE',  ( 63.00000000000011369, -2.000000000000000000, -3.857637417314024638E-15 ) ) ;
#2103 = CYLINDRICAL_SURFACE ( 'NONE', #2250, 1.500000000000001332 ) ;
#2104 = ORIENTED_EDGE ( 'NONE', *, *, #2295, .T. ) ;
#2105 = VERTEX_POINT ( 'NONE', #2277 ) ;
#2106 = DIRECTION ( 'NONE',  ( 0.000000000000000000, 1.000000000000000000, 0.000000000000000000 ) ) ;
#2107 = CARTESIAN_POINT ( 'NONE',  ( 63.00000000000011369, -2.000000000000000000, 23.69999999999999929 ) ) ;
#2108 = APPLICATION_CONTEXT ( 'automotive_design' ) ;
#2109 = ORIENTED_EDGE ( 'NONE', *, *, #2688, .T. ) ;
#2110 = EDGE_CURVE ( 'NONE', #2545, #820, #2708, .T. ) ;
#2111 = CARTESIAN_POINT ( 'NONE',  ( -62.99999999999992895, -2.000000000000000000, 23.70000000000000639 ) ) ;
#2112 = CARTESIAN_POINT ( 'NONE',  ( -65.00000000000000000, -2.000000000000000000, 62.35000000000002984 ) ) ;
#2113 = DIRECTION ( 'NONE',  ( 0.000000000000000000, 0.000000000000000000, 1.000000000000000000 ) ) ;
#2114 = DIRECTION ( 'NONE',  ( -0.000000000000000000, -1.000000000000000000, -0.000000000000000000 ) ) ;
#2115 = ORIENTED_EDGE ( 'NONE', *, *, #3052, .T. ) ;
#2116 = CYLINDRICAL_SURFACE ( 'NONE', #526, 2.999999999999999112 ) ;
#2117 = ORIENTED_EDGE ( 'NONE', *, *, #673, .T. ) ;
#2118 = PLANE ( 'NONE',  #1941 ) ;
#2119 = VERTEX_POINT ( 'NONE', #3029 ) ;
#2120 = DIRECTION ( 'NONE',  ( -0.000000000000000000, -1.000000000000000000, -0.000000000000000000 ) ) ;
#2121 = ORIENTED_EDGE ( 'NONE', *, *, #1890, .F. ) ;
#2122 = VERTEX_POINT ( 'NONE', #2325 ) ;
#2123 = EDGE_CURVE ( 'NONE', #132, #2556, #586, .T. ) ;
#2124 = EDGE_CURVE ( 'NONE', #781, #1391, #2783, .T. ) ;
#2125 = ORIENTED_EDGE ( 'NONE', *, *, #1266, .T. ) ;
#2126 = PLANE ( 'NONE',  #2086 ) ;
#2127 = CARTESIAN_POINT ( 'NONE',  ( -63.00000000000011369, 2.000000000000000000, -26.69999999999999574 ) ) ;
#2128 = ORIENTED_EDGE ( 'NONE', *, *, #1961, .T. ) ;
#2129 = DIRECTION ( 'NONE',  ( 0.000000000000000000, 0.000000000000000000, 1.000000000000000000 ) ) ;
#2130 = VECTOR ( 'NONE', #1015, 1000.000000000000000 ) ;
#2131 = EDGE_CURVE ( 'NONE', #1749, #2013, #1733, .T. ) ;
#2132 = ORIENTED_EDGE ( 'NONE', *, *, #1464, .F. ) ;
#2133 = CARTESIAN_POINT ( 'NONE',  ( -46.90000000000001279, -1.000000000000000000, -51.90000000000000568 ) ) ;
#2134 = AXIS2_PLACEMENT_3D ( 'NONE', #115, #1602, #2558 ) ;
#2135 = ORIENTED_EDGE ( 'NONE', *, *, #882, .F. ) ;
#2136 = DIRECTION ( 'NONE',  ( 0.000000000000000000, 0.000000000000000000, 1.000000000000000000 ) ) ;
#2137 = FACE_BOUND ( 'NONE', #1944, .T. ) ;
#2138 = VERTEX_POINT ( 'NONE', #1088 ) ;
#2139 = AXIS2_PLACEMENT_3D ( 'NONE', #2062, #1555, #589 ) ;
#2140 = CARTESIAN_POINT ( 'NONE',  ( 17.50000000000376232, -2.000000000000000000, -66.99999999999906208 ) ) ;
#2141 = DIRECTION ( 'NONE',  ( 0.000000000000000000, -1.000000000000000000, 0.000000000000000000 ) ) ;
#2142 = DIRECTION ( 'NONE',  ( -0.000000000000000000, -1.000000000000000000, -0.000000000000000000 ) ) ;
#2143 = VECTOR ( 'NONE', #1822, 1000.000000000000000 ) ;
#2144 = VECTOR ( 'NONE', #218, 1000.000000000000000 ) ;
#2145 = EDGE_CURVE ( 'NONE', #132, #2678, #1433, .T. ) ;
#2146 = AXIS2_PLACEMENT_3D ( 'NONE', #1990, #3153, #1213 ) ;
#2147 = CARTESIAN_POINT ( 'NONE',  ( -62.99999999999992895, 2.000000000000000000, 23.70000000000000639 ) ) ;
#2148 = FACE_OUTER_BOUND ( 'NONE', #792, .T. ) ;
#2149 = AXIS2_PLACEMENT_3D ( 'NONE', #426, #1650, #194 ) ;
#2150 = ORIENTED_EDGE ( 'NONE', *, *, #1072, .F. ) ;
#2151 = AXIS2_PLACEMENT_3D ( 'NONE', #1253, #2683, #2929 ) ;
#2152 = EDGE_LOOP ( 'NONE', ( #978, #2498, #2414, #2538 ) ) ;
#2153 = ORIENTED_EDGE ( 'NONE', *, *, #706, .T. ) ;
#2154 = ORIENTED_EDGE ( 'NONE', *, *, #707, .T. ) ;
#2155 = LINE ( 'NONE', #3137, #1915 ) ;
#2156 = CARTESIAN_POINT ( 'NONE',  ( 25.20000000000000639, 2.000000000000000000, 62.99999999999992895 ) ) ;
#2157 = VERTEX_POINT ( 'NONE', #1357 ) ;
#2158 = LINE ( 'NONE', #1722, #1537 ) ;
#2159 = EDGE_CURVE ( 'NONE', #1470, #1204, #913, .T. ) ;
#2160 = CARTESIAN_POINT ( 'NONE',  ( 62.99999999999976552, 2.000000000000000000, -50.40000000000000568 ) ) ;
#2161 = FACE_BOUND ( 'NONE', #251, .T. ) ;
#2162 = ORIENTED_EDGE ( 'NONE', *, *, #2123, .T. ) ;
#2163 = EDGE_CURVE ( 'NONE', #3044, #560, #2818, .T. ) ;
#2164 = EDGE_CURVE ( 'NONE', #946, #2684, #887, .T. ) ;
#2165 = DIRECTION ( 'NONE',  ( 0.000000000000000000, 1.000000000000000000, 0.000000000000000000 ) ) ;
#2166 = EDGE_CURVE ( 'NONE', #1058, #759, #228, .T. ) ;
#2167 = VERTEX_POINT ( 'NONE', #2878 ) ;
#2168 = ORIENTED_EDGE ( 'NONE', *, *, #590, .F. ) ;
#2169 = CARTESIAN_POINT ( 'NONE',  ( -64.99999999999631939, 1.000000000000000000, -65.00000000000007105 ) ) ;
#2170 = DIRECTION ( 'NONE',  ( 0.000000000000000000, 0.000000000000000000, -1.000000000000000000 ) ) ;
#2171 = VERTEX_POINT ( 'NONE', #689 ) ;
#2172 = EDGE_LOOP ( 'NONE', ( #2391, #543, #2132, #1094 ) ) ;
#2173 = DIRECTION ( 'NONE',  ( 0.000000000000000000, 0.000000000000000000, 1.000000000000000000 ) ) ;
#2174 = ORIENTED_EDGE ( 'NONE', *, *, #2485, .T. ) ;
#2175 = FACE_OUTER_BOUND ( 'NONE', #1772, .T. ) ;
#2176 = FACE_OUTER_BOUND ( 'NONE', #1280, .T. ) ;
#2177 = EDGE_LOOP ( 'NONE', ( #3103, #890, #591, #2694 ) ) ;
#2178 = CYLINDRICAL_SURFACE ( 'NONE', #704, 1.500000000000001332 ) ;
#2179 = ORIENTED_EDGE ( 'NONE', *, *, #34, .T. ) ;
#2180 = AXIS2_PLACEMENT_3D ( 'NONE', #1811, #2782, #598 ) ;
#2181 = ADVANCED_FACE ( 'NONE', ( #2632 ), #1659, .F. ) ;
#2182 = EDGE_LOOP ( 'NONE', ( #489, #3157, #1020, #419 ) ) ;
#2183 = FACE_OUTER_BOUND ( 'NONE', #2853, .T. ) ;
#2184 = PLANE ( 'NONE',  #1217 ) ;
#2185 = VECTOR ( 'NONE', #2575, 1000.000000000000000 ) ;
#2186 = DIRECTION ( 'NONE',  ( 0.000000000000000000, -1.000000000000000000, 0.000000000000000000 ) ) ;
#2187 = AXIS2_PLACEMENT_3D ( 'NONE', #1677, #236, #923 ) ;
#2188 = ORIENTED_EDGE ( 'NONE', *, *, #590, .T. ) ;
#2189 = EDGE_CURVE ( 'NONE', #3000, #946, #730, .T. ) ;
#2190 = DIRECTION ( 'NONE',  ( 0.000000000000000000, -1.000000000000000000, 0.000000000000000000 ) ) ;
#2191 = AXIS2_PLACEMENT_3D ( 'NONE', #380, #156, #2287 ) ;
#2192 = DIRECTION ( 'NONE',  ( 0.000000000000000000, 0.000000000000000000, 1.000000000000000000 ) ) ;
#2193 = VERTEX_POINT ( 'NONE', #2147 ) ;
#2194 = AXIS2_PLACEMENT_3D ( 'NONE', #2425, #1697, #686 ) ;
#2195 = DIRECTION ( 'NONE',  ( 0.000000000000000000, 0.000000000000000000, -1.000000000000000000 ) ) ;
#2196 = FACE_OUTER_BOUND ( 'NONE', #2734, .T. ) ;
#2197 = CYLINDRICAL_SURFACE ( 'NONE', #3165, 1.499999999999997780 ) ;
#2198 = EDGE_LOOP ( 'NONE', ( #1687, #2466 ) ) ;
#2199 = CIRCLE ( 'NONE', #102, 1.500000000000001332 ) ;
#2200 = VERTEX_POINT ( 'NONE', #737 ) ;
#2201 = AXIS2_PLACEMENT_3D ( 'NONE', #529, #2470, #2482 ) ;
#2202 = CARTESIAN_POINT ( 'NONE',  ( 51.89999999999999147, 2.000000000000000000, -51.90000000000000568 ) ) ;
#2203 = CARTESIAN_POINT ( 'NONE',  ( 67.00000000000001421, -2.000000000000000000, -20.49999999999764455 ) ) ;
#2204 = ORIENTED_EDGE ( 'NONE', *, *, #311, .T. ) ;
#2205 = CIRCLE ( 'NONE', #620, 2.649999999999999467 ) ;
#2206 = CARTESIAN_POINT ( 'NONE',  ( -66.99999999999765521, -2.000000000000000000, -17.50000000000142109 ) ) ;
#2207 = CARTESIAN_POINT ( 'NONE',  ( 50.40000000000000568, 2.000000000000000000, 61.49999999999976552 ) ) ;
#2208 = VECTOR ( 'NONE', #1682, 1000.000000000000000 ) ;
#2209 = DIRECTION ( 'NONE',  ( 0.000000000000000000, 1.000000000000000000, 0.000000000000000000 ) ) ;
#2210 = CARTESIAN_POINT ( 'NONE',  ( -25.19999999999999218, -2.000000000000000000, 64.50000000000011369 ) ) ;
#2211 = ORIENTED_EDGE ( 'NONE', *, *, #1444, .F. ) ;
#2212 = EDGE_CURVE ( 'NONE', #1309, #1923, #2246, .T. ) ;
#2213 = EDGE_LOOP ( 'NONE', ( #1192, #2332 ) ) ;
#2214 = LINE ( 'NONE', #1270, #622 ) ;
#2215 = CYLINDRICAL_SURFACE ( 'NONE', #51, 4.999999999999997335 ) ;
#2216 = DIRECTION ( 'NONE',  ( 9.912705577010325549E-17, 0.000000000000000000, 1.000000000000000000 ) ) ;
#2217 = ORIENTED_EDGE ( 'NONE', *, *, #678, .F. ) ;
#2218 = ORIENTED_EDGE ( 'NONE', *, *, #516, .T. ) ;
#2219 = CARTESIAN_POINT ( 'NONE',  ( -20.49999999999624478, 2.000000000000000000, -67.00000000000000000 ) ) ;
#2220 = VERTEX_POINT ( 'NONE', #1445 ) ;
#2221 = ORIENTED_EDGE ( 'NONE', *, *, #571, .F. ) ;
#2222 = DIRECTION ( 'NONE',  ( 0.000000000000000000, 1.000000000000000000, 0.000000000000000000 ) ) ;
#2223 = DIRECTION ( 'NONE',  ( 0.000000000000000000, 0.000000000000000000, -1.000000000000000000 ) ) ;
#2224 = DIRECTION ( 'NONE',  ( 0.000000000000000000, 0.000000000000000000, 1.000000000000000000 ) ) ;
#2225 = CARTESIAN_POINT ( 'NONE',  ( 65.00000000000376588, 1.000000000000000000, -64.99999999999637623 ) ) ;
#2226 = CARTESIAN_POINT ( 'NONE',  ( 65.00000000000008527, -2.000000000000000000, 62.34999999999990195 ) ) ;
#2227 = EDGE_LOOP ( 'NONE', ( #2221, #1613, #920, #877 ) ) ;
#2228 = ORIENTED_EDGE ( 'NONE', *, *, #1890, .T. ) ;
#2229 = CARTESIAN_POINT ( 'NONE',  ( 63.00000000000011369, 2.000000000000000000, 26.69999999999999574 ) ) ;
#2230 = DIRECTION ( 'NONE',  ( 0.000000000000000000, -1.000000000000000000, 0.000000000000000000 ) ) ;
#2231 = STYLED_ITEM ( 'NONE', ( #343 ), #315 ) ;
#2232 = EDGE_CURVE ( 'NONE', #2467, #2357, #3015, .T. ) ;
#2233 = ORIENTED_EDGE ( 'NONE', *, *, #3126, .F. ) ;
#2234 = ORIENTED_EDGE ( 'NONE', *, *, #442, .F. ) ;
#2235 = ADVANCED_FACE ( 'NONE', ( #2196 ), #32, .F. ) ;
#2236 = ORIENTED_EDGE ( 'NONE', *, *, #1949, .T. ) ;
#2237 = VECTOR ( 'NONE', #2035, 1000.000000000000000 ) ;
#2238 = CARTESIAN_POINT ( 'NONE',  ( 70.00000000000000000, 2.000000000000000000, -70.00000000000000000 ) ) ;
#2239 = EDGE_LOOP ( 'NONE', ( #659, #754, #2670, #279 ) ) ;
#2240 = VECTOR ( 'NONE', #1546, 1000.000000000000000 ) ;
#2241 = CYLINDRICAL_SURFACE ( 'NONE', #280, 1.500000000000001332 ) ;
#2242 = CARTESIAN_POINT ( 'NONE',  ( 70.00000000000001421, -2.000000000000000000, -20.49999999999764455 ) ) ;
#2243 = AXIS2_PLACEMENT_3D ( 'NONE', #2932, #1686, #2129 ) ;
#2244 = ADVANCED_FACE ( 'NONE', ( #2660 ), #2725, .F. ) ;
#2245 = EDGE_CURVE ( 'NONE', #1470, #2368, #3072, .T. ) ;
#2246 = LINE ( 'NONE', #1747, #65 ) ;
#2247 = DIRECTION ( 'NONE',  ( 0.000000000000000000, 1.000000000000000000, 0.000000000000000000 ) ) ;
#2248 = AXIS2_PLACEMENT_3D ( 'NONE', #816, #2760, #2463 ) ;
#2249 = FACE_BOUND ( 'NONE', #2537, .T. ) ;
#2250 = AXIS2_PLACEMENT_3D ( 'NONE', #3101, #840, #2328 ) ;
#2251 = ADVANCED_FACE ( 'NONE', ( #2175 ), #961, .F. ) ;
#2252 = AXIS2_PLACEMENT_3D ( 'NONE', #709, #1676, #475 ) ;
#2253 = CARTESIAN_POINT ( 'NONE',  ( 50.40000000000000568, -2.000000000000000000, 64.49999999999977263 ) ) ;
#2254 = EDGE_CURVE ( 'NONE', #1461, #184, #3120, .T. ) ;
#2255 = CARTESIAN_POINT ( 'NONE',  ( 25.19999999999999929, 2.000000000000000000, -61.50000000000011369 ) ) ;
#2256 = CARTESIAN_POINT ( 'NONE',  ( 50.40000000000000568, -2.000000000000000000, 62.99999999999976552 ) ) ;
#2257 = AXIS2_PLACEMENT_3D ( 'NONE', #2096, #3083, #1382 ) ;
#2258 = DIRECTION ( 'NONE',  ( 0.000000000000000000, 1.000000000000000000, 0.000000000000000000 ) ) ;
#2259 = DIRECTION ( 'NONE',  ( 0.000000000000000000, 1.000000000000000000, 0.000000000000000000 ) ) ;
#2260 = EDGE_LOOP ( 'NONE', ( #1397, #473, #370, #450 ) ) ;
#2261 = LINE ( 'NONE', #1004, #910 ) ;
#2262 = ORIENTED_EDGE ( 'NONE', *, *, #1522, .T. ) ;
#2263 = ORIENTED_EDGE ( 'NONE', *, *, #1150, .T. ) ;
#2264 = EDGE_CURVE ( 'NONE', #409, #68, #1126, .T. ) ;
#2265 = CARTESIAN_POINT ( 'NONE',  ( 20.50000000000000355, 2.000000000000000000, 67.00000000000000000 ) ) ;
#2266 = VERTEX_POINT ( 'NONE', #2028 ) ;
#2267 = ADVANCED_FACE ( 'NONE', ( #1291 ), #597, .F. ) ;
#2268 = DIRECTION ( 'NONE',  ( -0.000000000000000000, -1.000000000000000000, -0.000000000000000000 ) ) ;
#2269 = ORIENTED_EDGE ( 'NONE', *, *, #2978, .F. ) ;
#2270 = VERTEX_POINT ( 'NONE', #118 ) ;
#2271 = CARTESIAN_POINT ( 'NONE',  ( 63.00000000000011369, 2.000000000000000000, 25.19999999999999574 ) ) ;
#2272 = ORIENTED_EDGE ( 'NONE', *, *, #2124, .T. ) ;
#2273 = CARTESIAN_POINT ( 'NONE',  ( 65.00000000000008527, 1.000000000000000000, 67.65000000000748059 ) ) ;
#2274 = CARTESIAN_POINT ( 'NONE',  ( 50.39999999999999858, 2.000000000000000000, -61.50000000000011369 ) ) ;
#2275 = DIRECTION ( 'NONE',  ( -0.000000000000000000, -1.000000000000000000, -0.000000000000000000 ) ) ;
#2276 = CARTESIAN_POINT ( 'NONE',  ( -46.90000000000001279, -1.000000000000000000, -46.90000000000001279 ) ) ;
#2277 = CARTESIAN_POINT ( 'NONE',  ( 52.89999999999999858, -2.000000000000000000, -46.90000000000001279 ) ) ;
#2278 = DIRECTION ( 'NONE',  ( 0.000000000000000000, -1.000000000000000000, 0.000000000000000000 ) ) ;
#2279 = PRODUCT_RELATED_PRODUCT_CATEGORY ( 'part', '', ( #1524 ) ) ;
#2280 = LINE ( 'NONE', #1078, #1117 ) ;
#2281 = EDGE_LOOP ( 'NONE', ( #1196, #698 ) ) ;
#2282 = VERTEX_POINT ( 'NONE', #2319 ) ;
#2283 = AXIS2_PLACEMENT_3D ( 'NONE', #596, #1795, #379 ) ;
#2284 = ORIENTED_EDGE ( 'NONE', *, *, #1800, .F. ) ;
#2285 = VECTOR ( 'NONE', #151, 1000.000000000000000 ) ;
#2286 = CARTESIAN_POINT ( 'NONE',  ( 62.99999999999992895, 2.000000000000000000, -25.20000000000000284 ) ) ;
#2287 = DIRECTION ( 'NONE',  ( 0.000000000000000000, 0.000000000000000000, -1.000000000000000000 ) ) ;
#2288 = AXIS2_PLACEMENT_3D ( 'NONE', #2202, #2691, #1481 ) ;
#2289 = FACE_BOUND ( 'NONE', #1252, .T. ) ;
#2290 = AXIS2_PLACEMENT_3D ( 'NONE', #1820, #1379, #2767 ) ;
#2291 = VERTEX_POINT ( 'NONE', #2274 ) ;
#2292 = DIRECTION ( 'NONE',  ( -0.000000000000000000, -1.000000000000000000, -0.000000000000000000 ) ) ;
#2293 = CIRCLE ( 'NONE', #863, 1.500000000000001332 ) ;
#2294 = AXIS2_PLACEMENT_3D ( 'NONE', #871, #837, #1346 ) ;
#2295 = EDGE_CURVE ( 'NONE', #3133, #817, #3006, .T. ) ;
#2296 = DIRECTION ( 'NONE',  ( 0.000000000000000000, 0.000000000000000000, 1.000000000000000000 ) ) ;
#2297 = VERTEX_POINT ( 'NONE', #345 ) ;
#2298 = AXIS2_PLACEMENT_3D ( 'NONE', #203, #1612, #1171 ) ;
#2299 = CARTESIAN_POINT ( 'NONE',  ( 63.00000000000011369, -2.000000000000000000, 50.39999999999999147 ) ) ;
#2300 = ORIENTED_EDGE ( 'NONE', *, *, #443, .T. ) ;
#2301 = CARTESIAN_POINT ( 'NONE',  ( 46.90000000000001990, -1.000000000000000000, 52.89999999999999858 ) ) ;
#2302 = CIRCLE ( 'NONE', #107, 2.650000000003795098 ) ;
#2303 = ORIENTED_EDGE ( 'NONE', *, *, #1794, .F. ) ;
#2304 = CARTESIAN_POINT ( 'NONE',  ( -70.00000000000000000, 2.000000000000000000, -20.50000000000142109 ) ) ;
#2305 = AXIS2_PLACEMENT_3D ( 'NONE', #549, #2592, #169 ) ;
#2306 = CYLINDRICAL_SURFACE ( 'NONE', #1523, 2.999999999999999112 ) ;
#2307 = ADVANCED_FACE ( 'NONE', ( #99 ), #1819, .F. ) ;
#2308 = FACE_BOUND ( 'NONE', #2596, .T. ) ;
#2309 = EDGE_LOOP ( 'NONE', ( #376, #1116, #1818, #1595 ) ) ;
#2310 = DIRECTION ( 'NONE',  ( 0.000000000000000000, 0.000000000000000000, -1.000000000000000000 ) ) ;
#2311 = CYLINDRICAL_SURFACE ( 'NONE', #1528, 1.500000000000003997 ) ;
#2312 = CARTESIAN_POINT ( 'NONE',  ( 50.40000000000000568, 2.000000000000000000, 61.49999999999976552 ) ) ;
#2313 = DIRECTION ( 'NONE',  ( -0.000000000000000000, -1.000000000000000000, -0.000000000000000000 ) ) ;
#2314 = VERTEX_POINT ( 'NONE', #2580 ) ;
#2315 = CARTESIAN_POINT ( 'NONE',  ( -46.89999999999999858, -1.000000000000000000, 51.89999999999999147 ) ) ;
#2316 = ORIENTED_EDGE ( 'NONE', *, *, #1431, .F. ) ;
#2317 = CARTESIAN_POINT ( 'NONE',  ( 67.00000000000140687, -2.000000000000000000, -17.49999999999764810 ) ) ;
#2318 = DIRECTION ( 'NONE',  ( 0.000000000000000000, 0.000000000000000000, 1.000000000000000000 ) ) ;
#2319 = CARTESIAN_POINT ( 'NONE',  ( -65.00000000000000000, -2.000000000000000000, -70.00000000000000000 ) ) ;
#2320 = DIRECTION ( 'NONE',  ( 1.000000000000000000, -0.000000000000000000, 0.000000000000000000 ) ) ;
#2321 = PRODUCT_DEFINITION ( 'Î´Öª', '', #140, #2323 ) ;
#2322 = CARTESIAN_POINT ( 'NONE',  ( 46.89999999999996305, -1.000000000000000000, -51.90000000000000568 ) ) ;
#2323 = PRODUCT_DEFINITION_CONTEXT ( 'detailed design', #2108, 'design' ) ;
#2324 = CARTESIAN_POINT ( 'NONE',  ( -62.99999999999992895, -2.000000000000000000, 26.70000000000001705 ) ) ;
#2325 = CARTESIAN_POINT ( 'NONE',  ( -66.99999999999765521, -2.000000000000000000, 17.49999999999858247 ) ) ;
#2326 = CARTESIAN_POINT ( 'NONE',  ( 63.00000000000011369, 2.000000000000000000, 1.499999999999993561 ) ) ;
#2327 = FACE_BOUND ( 'NONE', #2879, .T. ) ;
#2328 = DIRECTION ( 'NONE',  ( 0.000000000000000000, 0.000000000000000000, -1.000000000000000000 ) ) ;
#2329 = DIRECTION ( 'NONE',  ( 0.000000000000000000, 1.000000000000000000, 0.000000000000000000 ) ) ;
#2330 = LINE ( 'NONE', #1097, #2185 ) ;
#2331 = FACE_OUTER_BOUND ( 'NONE', #2309, .T. ) ;
#2332 = ORIENTED_EDGE ( 'NONE', *, *, #73, .F. ) ;
#2333 = FACE_OUTER_BOUND ( 'NONE', #1127, .T. ) ;
#2334 = AXIS2_PLACEMENT_3D ( 'NONE', #936, #1233, #4 ) ;
#2335 = DIRECTION ( 'NONE',  ( 0.000000000000000000, 0.000000000000000000, -1.000000000000000000 ) ) ;
#2336 = VERTEX_POINT ( 'NONE', #2111 ) ;
#2337 = VECTOR ( 'NONE', #818, 1000.000000000000000 ) ;
#2338 = ORIENTED_EDGE ( 'NONE', *, *, #2500, .T. ) ;
#2339 = PLANE ( 'NONE',  #921 ) ;
#2340 = AXIS2_PLACEMENT_3D ( 'NONE', #1566, #2059, #161 ) ;
#2341 = CARTESIAN_POINT ( 'NONE',  ( -62.99999999999976552, 2.000000000000000000, 48.90000000000001279 ) ) ;
#2342 = CIRCLE ( 'NONE', #274, 2.650000000001997869 ) ;
#2343 = LINE ( 'NONE', #3016, #672 ) ;
#2344 = EDGE_CURVE ( 'NONE', #2099, #1204, #823, .T. ) ;
#2345 = ORIENTED_EDGE ( 'NONE', *, *, #799, .F. ) ;
#2346 = CYLINDRICAL_SURFACE ( 'NONE', #2719, 1.499999999999997780 ) ;
#2347 = AXIS2_PLACEMENT_3D ( 'NONE', #733, #2862, #2170 ) ;
#2348 = ORIENTED_EDGE ( 'NONE', *, *, #882, .T. ) ;
#2349 = CARTESIAN_POINT ( 'NONE',  ( -70.00000000000000000, -2.000000000000000000, -20.50000000000142109 ) ) ;
#2350 = CARTESIAN_POINT ( 'NONE',  ( -70.00000000000000000, -2.000000000000000000, -70.00000000000000000 ) ) ;
#2351 = CIRCLE ( 'NONE', #864, 2.650000000001997869 ) ;
#2352 = DIRECTION ( 'NONE',  ( 0.000000000000000000, 0.000000000000000000, 1.000000000000000000 ) ) ;
#2353 = CARTESIAN_POINT ( 'NONE',  ( -65.00000000000000000, 2.000000000000000000, -70.00000000000000000 ) ) ;
#2354 = CIRCLE ( 'NONE', #1647, 1.500000000000001332 ) ;
#2355 = VECTOR ( 'NONE', #1123, 1000.000000000000000 ) ;
#2356 = LINE ( 'NONE', #2852, #3001 ) ;
#2357 = VERTEX_POINT ( 'NONE', #3141 ) ;
#2358 = DIRECTION ( 'NONE',  ( -0.000000000000000000, -1.000000000000000000, -0.000000000000000000 ) ) ;
#2359 = EDGE_CURVE ( 'NONE', #817, #1368, #2158, .T. ) ;
#2360 = EDGE_CURVE ( 'NONE', #207, #1760, #939, .T. ) ;
#2361 = ADVANCED_FACE ( 'NONE', ( #293 ), #2427, .F. ) ;
#2362 = CARTESIAN_POINT ( 'NONE',  ( 62.99999999999976552, -2.000000000000000000, -51.89999999999999858 ) ) ;
#2363 = EDGE_LOOP ( 'NONE', ( #1724, #2574, #1259, #120 ) ) ;
#2364 = EDGE_CURVE ( 'NONE', #2570, #1558, #1955, .T. ) ;
#2365 = DIRECTION ( 'NONE',  ( 0.000000000000000000, 0.000000000000000000, 1.000000000000000000 ) ) ;
#2366 = ORIENTED_EDGE ( 'NONE', *, *, #1522, .F. ) ;
#2367 = ADVANCED_FACE ( 'NONE', ( #1039 ), #2241, .F. ) ;
#2368 = VERTEX_POINT ( 'NONE', #1581 ) ;
#2369 = CARTESIAN_POINT ( 'NONE',  ( -51.90000000000000568, -1.000000000000000000, -46.90000000000001279 ) ) ;
#2370 = FACE_BOUND ( 'NONE', #1362, .T. ) ;
#2371 = ORIENTED_EDGE ( 'NONE', *, *, #1606, .T. ) ;
#2372 = CARTESIAN_POINT ( 'NONE',  ( -70.00000000000000000, 2.000000000000000000, -70.00000000000000000 ) ) ;
#2373 = ORIENTED_EDGE ( 'NONE', *, *, #647, .T. ) ;
#2374 = CARTESIAN_POINT ( 'NONE',  ( -70.00000000000000000, 2.000000000000000000, -70.00000000000000000 ) ) ;
#2375 = ORIENTED_EDGE ( 'NONE', *, *, #1236, .T. ) ;
#2376 = ADVANCED_FACE ( 'NONE', ( #2066 ), #2557, .T. ) ;
#2377 = EDGE_CURVE ( 'NONE', #1558, #3000, #3075, .T. ) ;
#2378 = ORIENTED_EDGE ( 'NONE', *, *, #2344, .F. ) ;
#2379 = DIRECTION ( 'NONE',  ( 0.000000000000000000, 0.000000000000000000, 1.000000000000000000 ) ) ;
#2380 = CARTESIAN_POINT ( 'NONE',  ( -2.490333468844531319E-17, 2.000000000000000000, -64.50000000000011369 ) ) ;
#2381 = EDGE_CURVE ( 'NONE', #2266, #1654, #2972, .T. ) ;
#2382 = FACE_BOUND ( 'NONE', #3079, .T. ) ;
#2383 = CIRCLE ( 'NONE', #1774, 4.999999999999997335 ) ;
#2384 = EDGE_LOOP ( 'NONE', ( #244, #113, #2894, #2585 ) ) ;
#2385 = DIRECTION ( 'NONE',  ( 0.000000000000000000, 1.000000000000000000, 0.000000000000000000 ) ) ;
#2386 = COLOUR_RGB ( '',1.000000000000000000, 1.000000000000000000, 1.000000000000000000 ) ;
#2387 = CARTESIAN_POINT ( 'NONE',  ( -51.90000000000000568, 2.000000000000000000, -51.90000000000000568 ) ) ;
#2389 = VECTOR ( 'NONE', #657, 1000.000000000000000 ) ;
#2388 = DIRECTION ( 'NONE',  ( 0.000000000000000000, 1.000000000000000000, 0.000000000000000000 ) ) ;
#2390 = CARTESIAN_POINT ( 'NONE',  ( 65.00000000000008527, -2.000000000000000000, 67.65000000000748059 ) ) ;
#2391 = ORIENTED_EDGE ( 'NONE', *, *, #2245, .T. ) ;
#2392 = CARTESIAN_POINT ( 'NONE',  ( -51.89999999999999147, -2.000000000000000000, 46.89999999999999147 ) ) ;
#2393 = DIRECTION ( 'NONE',  ( -0.000000000000000000, -1.000000000000000000, -0.000000000000000000 ) ) ;
#2394 = ADVANCED_FACE ( 'NONE', ( #951 ), #1016, .F. ) ;
#2395 = DIRECTION ( 'NONE',  ( 0.000000000000000000, 0.000000000000000000, -1.000000000000000000 ) ) ;
#2396 = LINE ( 'NONE', #505, #1328 ) ;
#2397 = AXIS2_PLACEMENT_3D ( 'NONE', #2091, #411, #954 ) ;
#2398 = PRESENTATION_STYLE_ASSIGNMENT (( #1666 ) ) ;
#2399 = VECTOR ( 'NONE', #2533, 1000.000000000000000 ) ;
#2400 = EDGE_CURVE ( 'NONE', #2457, #1309, #2093, .T. ) ;
#2401 = AXIS2_PLACEMENT_3D ( 'NONE', #2286, #2042, #2630 ) ;
#2402 = DIRECTION ( 'NONE',  ( 0.000000000000000000, -0.000000000000000000, 1.000000000000000000 ) ) ;
#2403 = EDGE_CURVE ( 'NONE', #2297, #2616, #1334, .T. ) ;
#2404 = AXIS2_PLACEMENT_3D ( 'NONE', #2595, #2106, #2379 ) ;
#2405 = ORIENTED_EDGE ( 'NONE', *, *, #3069, .T. ) ;
#2406 = FACE_OUTER_BOUND ( 'NONE', #405, .T. ) ;
#2407 = VECTOR ( 'NONE', #931, 1000.000000000000000 ) ;
#2408 = ORIENTED_EDGE ( 'NONE', *, *, #1274, .F. ) ;
#2409 = ORIENTED_EDGE ( 'NONE', *, *, #1793, .F. ) ;
#2410 = FACE_OUTER_BOUND ( 'NONE', #1361, .T. ) ;
#2411 = LINE ( 'NONE', #1940, #2144 ) ;
#2412 = DIRECTION ( 'NONE',  ( 0.000000000000000000, 0.000000000000000000, 1.000000000000000000 ) ) ;
#2413 = ORIENTED_EDGE ( 'NONE', *, *, #1550, .F. ) ;
#2414 = ORIENTED_EDGE ( 'NONE', *, *, #2635, .T. ) ;
#2415 = EDGE_CURVE ( 'NONE', #2545, #1917, #504, .T. ) ;
#2416 = EDGE_CURVE ( 'NONE', #3090, #1391, #478, .T. ) ;
#2417 = CARTESIAN_POINT ( 'NONE',  ( 1.587936851836576309E-16, -2.000000000000000000, -61.50000000000011369 ) ) ;
#2418 = CARTESIAN_POINT ( 'NONE',  ( 65.00000000000008527, 1.000000000000000000, 65.00000000000369482 ) ) ;
#2419 = DIRECTION ( 'NONE',  ( 0.000000000000000000, 0.000000000000000000, 1.000000000000000000 ) ) ;
#2420 = ORIENTED_EDGE ( 'NONE', *, *, #2702, .F. ) ;
#2421 = CARTESIAN_POINT ( 'NONE',  ( 25.20000000000000639, 2.000000000000000000, 62.99999999999992895 ) ) ;
#2422 = EDGE_CURVE ( 'NONE', #232, #532, #1953, .T. ) ;
#2423 = VERTEX_POINT ( 'NONE', #1440 ) ;
#2424 = CARTESIAN_POINT ( 'NONE',  ( 20.50000000000376232, 2.000000000000000000, -67.00000000000000000 ) ) ;
#2425 = CARTESIAN_POINT ( 'NONE',  ( -62.99999999999992895, -2.000000000000000000, 25.20000000000000995 ) ) ;
#2426 = VERTEX_POINT ( 'NONE', #272 ) ;
#2427 = CYLINDRICAL_SURFACE ( 'NONE', #2910, 1.500000000000001332 ) ;
#2428 = ORIENTED_EDGE ( 'NONE', *, *, #1085, .T. ) ;
#2429 = ORIENTED_EDGE ( 'NONE', *, *, #2830, .F. ) ;
#2430 = CARTESIAN_POINT ( 'NONE',  ( -65.00000000000000000, 2.000000000000000000, -65.00000000000000000 ) ) ;
#2431 = FACE_BOUND ( 'NONE', #2213, .T. ) ;
#2432 = VERTEX_POINT ( 'NONE', #731 ) ;
#2433 = VERTEX_POINT ( 'NONE', #2462 ) ;
#2434 = DIRECTION ( 'NONE',  ( 0.000000000000000000, -1.000000000000000000, 0.000000000000000000 ) ) ;
#2435 = AXIS2_PLACEMENT_3D ( 'NONE', #736, #1220, #2195 ) ;
#2436 = CARTESIAN_POINT ( 'NONE',  ( 17.50000000000376232, 2.000000000000000000, -66.99999999999906208 ) ) ;
#2437 = EDGE_CURVE ( 'NONE', #1898, #2541, #570, .T. ) ;
#2438 = ORIENTED_EDGE ( 'NONE', *, *, #2400, .F. ) ;
#2439 = AXIS2_PLACEMENT_3D ( 'NONE', #2271, #82, #1619 ) ;
#2440 = CARTESIAN_POINT ( 'NONE',  ( -65.00000000000000000, 1.000000000000000000, 62.35000000000002984 ) ) ;
#2441 = ORIENTED_EDGE ( 'NONE', *, *, #897, .F. ) ;
#2442 = EDGE_CURVE ( 'NONE', #3142, #2634, #2553, .T. ) ;
#2443 = DIRECTION ( 'NONE',  ( 0.000000000000000000, 0.000000000000000000, 1.000000000000000000 ) ) ;
#2444 = LINE ( 'NONE', #90, #724 ) ;
#2445 = CIRCLE ( 'NONE', #1877, 1.500000000000001332 ) ;
#2446 = CIRCLE ( 'NONE', #771, 2.649999999999999467 ) ;
#2447 = DIRECTION ( 'NONE',  ( -0.000000000000000000, -1.000000000000000000, -0.000000000000000000 ) ) ;
#2448 = EDGE_LOOP ( 'NONE', ( #980, #1691, #1899, #845 ) ) ;
#2449 = CARTESIAN_POINT ( 'NONE',  ( -63.00000000000011369, 2.000000000000000000, -50.39999999999998437 ) ) ;
#2450 = CIRCLE ( 'NONE', #969, 1.499999999999994449 ) ;
#2451 = CYLINDRICAL_SURFACE ( 'NONE', #2797, 1.500000000000001332 ) ;
#2452 = EDGE_LOOP ( 'NONE', ( #2472, #2128 ) ) ;
#2453 = AXIS2_PLACEMENT_3D ( 'NONE', #700, #1664, #460 ) ;
#2454 = AXIS2_PLACEMENT_3D ( 'NONE', #1393, #1114, #1653 ) ;
#2455 = CARTESIAN_POINT ( 'NONE',  ( -63.00000000000011369, 2.000000000000000000, -25.19999999999998863 ) ) ;
#2456 = CARTESIAN_POINT ( 'NONE',  ( 70.00000000000001421, 2.000000000000000000, -20.49999999999764455 ) ) ;
#2457 = VERTEX_POINT ( 'NONE', #972 ) ;
#2458 = VECTOR ( 'NONE', #312, 1000.000000000000000 ) ;
#2459 = CARTESIAN_POINT ( 'NONE',  ( 63.00000000000011369, 2.000000000000000000, 50.39999999999999147 ) ) ;
#2460 = EDGE_CURVE ( 'NONE', #2763, #2193, #1988, .T. ) ;
#2461 = DIRECTION ( 'NONE',  ( -0.000000000000000000, -1.000000000000000000, -0.000000000000000000 ) ) ;
#2462 = CARTESIAN_POINT ( 'NONE',  ( -69.99999999999998579, -2.000000000000000000, 65.00000000000000000 ) ) ;
#2463 = DIRECTION ( 'NONE',  ( 0.000000000000000000, 0.000000000000000000, 1.000000000000000000 ) ) ;
#2464 = VERTEX_POINT ( 'NONE', #996 ) ;
#2465 = ADVANCED_FACE ( 'NONE', ( #1248 ), #237, .F. ) ;
#2466 = ORIENTED_EDGE ( 'NONE', *, *, #2872, .T. ) ;
#2467 = VERTEX_POINT ( 'NONE', #491 ) ;
#2468 = DIRECTION ( 'NONE',  ( 0.000000000000000000, 0.000000000000000000, -1.000000000000000000 ) ) ;
#2469 = EDGE_CURVE ( 'NONE', #2678, #132, #619, .T. ) ;
#2470 = DIRECTION ( 'NONE',  ( -0.000000000000000000, -1.000000000000000000, -0.000000000000000000 ) ) ;
#2471 = CARTESIAN_POINT ( 'NONE',  ( -66.99999999999765521, 2.000000000000000000, -17.50000000000142109 ) ) ;
#2472 = ORIENTED_EDGE ( 'NONE', *, *, #2990, .T. ) ;
#2473 = ORIENTED_EDGE ( 'NONE', *, *, #2110, .F. ) ;
#2474 = CARTESIAN_POINT ( 'NONE',  ( -25.19999999999999929, -2.000000000000000000, -64.49999999999992895 ) ) ;
#2475 = DIRECTION ( 'NONE',  ( 0.000000000000000000, 0.000000000000000000, 1.000000000000000000 ) ) ;
#2476 = DIRECTION ( 'NONE',  ( -0.000000000000000000, -1.000000000000000000, -0.000000000000000000 ) ) ;
#2477 = PLANE ( 'NONE',  #1475 ) ;
#2478 = VERTEX_POINT ( 'NONE', #1061 ) ;
#2479 = EDGE_CURVE ( 'NONE', #2220, #547, #1434, .T. ) ;
#2480 = ORIENTED_EDGE ( 'NONE', *, *, #1369, .F. ) ;
#2481 = LINE ( 'NONE', #878, #566 ) ;
#2482 = DIRECTION ( 'NONE',  ( 0.000000000000000000, 0.000000000000000000, -1.000000000000000000 ) ) ;
#2483 = DIRECTION ( 'NONE',  ( -0.000000000000000000, -1.000000000000000000, -0.000000000000000000 ) ) ;
#2484 =( GEOMETRIC_REPRESENTATION_CONTEXT ( 3 ) GLOBAL_UNCERTAINTY_ASSIGNED_CONTEXT ( ( #1590 ) ) GLOBAL_UNIT_ASSIGNED_CONTEXT ( ( #1905, #1443, #2912 ) ) REPRESENTATION_CONTEXT ( 'NONE', 'WORKASPACE' ) );
#2485 = EDGE_CURVE ( 'NONE', #2167, #2634, #2743, .T. ) ;
#2486 = EDGE_LOOP ( 'NONE', ( #1995, #1316 ) ) ;
#2487 = DIRECTION ( 'NONE',  ( 1.000000000000000000, 0.000000000000000000, -9.912705577010325549E-17 ) ) ;
#2488 = AXIS2_PLACEMENT_3D ( 'NONE', #2449, #2944, #2468 ) ;
#2489 = CARTESIAN_POINT ( 'NONE',  ( -66.99999999999765521, 2.000000000000000000, -17.50000000000142109 ) ) ;
#2490 = DIRECTION ( 'NONE',  ( 0.000000000000000000, 1.000000000000000000, 0.000000000000000000 ) ) ;
#2491 = CARTESIAN_POINT ( 'NONE',  ( -69.99999999999998579, 2.000000000000000000, 70.00000000000000000 ) ) ;
#2492 = CIRCLE ( 'NONE', #2540, 2.650000000001997869 ) ;
#2493 = DIRECTION ( 'NONE',  ( 0.000000000000000000, 1.000000000000000000, 0.000000000000000000 ) ) ;
#2494 = ORIENTED_EDGE ( 'NONE', *, *, #1886, .T. ) ;
#2495 = ORIENTED_EDGE ( 'NONE', *, *, #602, .T. ) ;
#2496 = ADVANCED_FACE ( 'NONE', ( #588 ), #1298, .F. ) ;
#2497 = AXIS2_PLACEMENT_3D ( 'NONE', #1203, #1701, #1411 ) ;
#2498 = ORIENTED_EDGE ( 'NONE', *, *, #1420, .T. ) ;
#2499 = DIRECTION ( 'NONE',  ( 0.000000000000000000, 0.000000000000000000, 1.000000000000000000 ) ) ;
#2500 = EDGE_CURVE ( 'NONE', #1462, #2687, #2082, .T. ) ;
#2501 = CARTESIAN_POINT ( 'NONE',  ( 46.89999999999999858, -1.000000000000000000, -46.90000000000001279 ) ) ;
#2502 = CARTESIAN_POINT ( 'NONE',  ( -64.99999999999631939, 1.000000000000000000, -67.65000000000206626 ) ) ;
#2503 = VECTOR ( 'NONE', #1997, 1000.000000000000000 ) ;
#2504 = ADVANCED_FACE ( 'NONE', ( #3099 ), #903, .F. ) ;
#2505 = VECTOR ( 'NONE', #3105, 1000.000000000000000 ) ;
#2506 = EDGE_CURVE ( 'NONE', #1847, #2426, #2354, .T. ) ;
#2507 = ORIENTED_EDGE ( 'NONE', *, *, #2023, .F. ) ;
#2508 = DIRECTION ( 'NONE',  ( 0.000000000000000000, 0.000000000000000000, -1.000000000000000000 ) ) ;
#2509 = AXIS2_PLACEMENT_3D ( 'NONE', #521, #235, #2668 ) ;
#2510 = DIRECTION ( 'NONE',  ( -9.912705577010325549E-17, 0.000000000000000000, -1.000000000000000000 ) ) ;
#2511 = VECTOR ( 'NONE', #636, 1000.000000000000000 ) ;
#2512 = AXIS2_PLACEMENT_3D ( 'NONE', #2655, #449, #3094 ) ;
#2513 = ORIENTED_EDGE ( 'NONE', *, *, #626, .F. ) ;
#2514 = AXIS2_PLACEMENT_3D ( 'NONE', #780, #1700, #749 ) ;
#2515 = VERTEX_POINT ( 'NONE', #623 ) ;
#2516 = CARTESIAN_POINT ( 'NONE',  ( 52.89999999999999858, -2.000000000000000000, -46.90000000000001279 ) ) ;
#2517 = DIRECTION ( 'NONE',  ( 1.982541115402065110E-16, 0.000000000000000000, 1.000000000000000000 ) ) ;
#2518 = CARTESIAN_POINT ( 'NONE',  ( -25.19999999999999929, 2.000000000000000000, -64.49999999999992895 ) ) ;
#2519 = LINE ( 'NONE', #1074, #2645 ) ;
#2520 = CARTESIAN_POINT ( 'NONE',  ( 65.00000000000008527, 1.000000000000000000, 65.00000000000369482 ) ) ;
#2521 = EDGE_LOOP ( 'NONE', ( #2316, #471, #2893, #746 ) ) ;
#2522 = CARTESIAN_POINT ( 'NONE',  ( -51.90000000000000568, 2.000000000000000000, -46.90000000000001279 ) ) ;
#2523 = DIRECTION ( 'NONE',  ( 0.000000000000000000, 1.000000000000000000, 0.000000000000000000 ) ) ;
#2524 = ORIENTED_EDGE ( 'NONE', *, *, #1557, .T. ) ;
#2525 = ORIENTED_EDGE ( 'NONE', *, *, #1554, .F. ) ;
#2526 = DIRECTION ( 'NONE',  ( -1.000000000000000000, -0.000000000000000000, -0.000000000000000000 ) ) ;
#2527 = CARTESIAN_POINT ( 'NONE',  ( -70.00000000000000000, -2.000000000000000000, -70.00000000000000000 ) ) ;
#2528 = VERTEX_POINT ( 'NONE', #457 ) ;
#2529 = CARTESIAN_POINT ( 'NONE',  ( 52.90000000000001990, -2.000000000000000000, 46.89999999999999858 ) ) ;
#2530 = DIRECTION ( 'NONE',  ( 1.000000000000000000, 0.000000000000000000, 0.000000000000000000 ) ) ;
#2531 = CARTESIAN_POINT ( 'NONE',  ( 65.00000000000000000, 2.000000000000000000, -70.00000000000000000 ) ) ;
#2532 = DIRECTION ( 'NONE',  ( -1.000000000000000000, -0.000000000000000000, -0.000000000000000000 ) ) ;
#2533 = DIRECTION ( 'NONE',  ( -0.000000000000000000, -1.000000000000000000, -0.000000000000000000 ) ) ;
#2534 = CARTESIAN_POINT ( 'NONE',  ( -20.50000000000000355, -2.000000000000000000, 70.00000000000000000 ) ) ;
#2535 = DIRECTION ( 'NONE',  ( -0.000000000000000000, -1.000000000000000000, -0.000000000000000000 ) ) ;
#2536 = DIRECTION ( 'NONE',  ( 0.000000000000000000, 1.000000000000000000, 0.000000000000000000 ) ) ;
#2537 = EDGE_LOOP ( 'NONE', ( #2524, #2007 ) ) ;
#2538 = ORIENTED_EDGE ( 'NONE', *, *, #2975, .F. ) ;
#2539 = ADVANCED_FACE ( 'NONE', ( #1415 ), #2612, .T. ) ;
#2540 = AXIS2_PLACEMENT_3D ( 'NONE', #3059, #344, #3005 ) ;
#2541 = VERTEX_POINT ( 'NONE', #2871 ) ;
#2542 = DIRECTION ( 'NONE',  ( 0.000000000000000000, 0.000000000000000000, 1.000000000000000000 ) ) ;
#2543 = CARTESIAN_POINT ( 'NONE',  ( 51.89999999999999147, 2.000000000000000000, -51.90000000000000568 ) ) ;
#2544 = AXIS2_PLACEMENT_3D ( 'NONE', #52, #2699, #2224 ) ;
#2545 = VERTEX_POINT ( 'NONE', #696 ) ;
#2546 = FACE_BOUND ( 'NONE', #1373, .T. ) ;
#2547 = AXIS2_PLACEMENT_3D ( 'NONE', #2946, #2247, #1474 ) ;
#2548 = ORIENTED_EDGE ( 'NONE', *, *, #2882, .T. ) ;
#2549 = DIRECTION ( 'NONE',  ( -0.000000000000000000, -1.000000000000000000, -0.000000000000000000 ) ) ;
#2551 = VECTOR ( 'NONE', #1605, 1000.000000000000000 ) ;
#2550 = CARTESIAN_POINT ( 'NONE',  ( -64.99999999999998579, 2.000000000000000000, 70.00000000000000000 ) ) ;
#2552 = DIRECTION ( 'NONE',  ( 0.000000000000000000, 0.000000000000000000, 1.000000000000000000 ) ) ;
#2553 = CIRCLE ( 'NONE', #2658, 1.500000000000001332 ) ;
#2554 = CARTESIAN_POINT ( 'NONE',  ( 1.587936851836577295E-16, 2.000000000000000000, -61.50000000000011369 ) ) ;
#2555 = EDGE_CURVE ( 'NONE', #843, #627, #1738, .T. ) ;
#2556 = VERTEX_POINT ( 'NONE', #517 ) ;
#2557 = CYLINDRICAL_SURFACE ( 'NONE', #2454, 4.999999999999997335 ) ;
#2558 = DIRECTION ( 'NONE',  ( 0.000000000000000000, 0.000000000000000000, 1.000000000000000000 ) ) ;
#2559 = ORIENTED_EDGE ( 'NONE', *, *, #1572, .T. ) ;
#2560 = EDGE_LOOP ( 'NONE', ( #3056, #2847, #2272, #593 ) ) ;
#2561 = EDGE_CURVE ( 'NONE', #2805, #278, #1670, .T. ) ;
#2562 = AXIS2_PLACEMENT_3D ( 'NONE', #1601, #2572, #1916 ) ;
#2563 = DIRECTION ( 'NONE',  ( -0.000000000000000000, -1.000000000000000000, -0.000000000000000000 ) ) ;
#2564 = DIRECTION ( 'NONE',  ( 1.000000000000000000, 0.000000000000000000, 0.000000000000000000 ) ) ;
#2565 = EDGE_CURVE ( 'NONE', #1760, #1261, #2662, .T. ) ;
#2566 = DIRECTION ( 'NONE',  ( 0.000000000000000000, 0.000000000000000000, 1.000000000000000000 ) ) ;
#2567 = CARTESIAN_POINT ( 'NONE',  ( -63.00000000000011369, 2.000000000000000000, 1.157291225194286278E-14 ) ) ;
#2568 = DIRECTION ( 'NONE',  ( 8.326672684688666165E-15, 0.000000000000000000, 1.000000000000000000 ) ) ;
#2569 = LINE ( 'NONE', #829, #1977 ) ;
#2570 = VERTEX_POINT ( 'NONE', #1504 ) ;
#2571 = CARTESIAN_POINT ( 'NONE',  ( 25.20000000000000639, 2.000000000000000000, 62.99999999999992895 ) ) ;
#2572 = DIRECTION ( 'NONE',  ( 0.000000000000000000, 1.000000000000000000, 0.000000000000000000 ) ) ;
#2573 = ORIENTED_EDGE ( 'NONE', *, *, #833, .T. ) ;
#2574 = ORIENTED_EDGE ( 'NONE', *, *, #2888, .T. ) ;
#2575 = DIRECTION ( 'NONE',  ( 1.000000000000000000, 0.000000000000000000, 0.000000000000000000 ) ) ;
#2576 = EDGE_CURVE ( 'NONE', #513, #642, #1289, .T. ) ;
#2577 = VERTEX_POINT ( 'NONE', #1483 ) ;
#2578 = EDGE_CURVE ( 'NONE', #2950, #1052, #284, .T. ) ;
#2579 = DIRECTION ( 'NONE',  ( 0.000000000000000000, 0.000000000000000000, -1.000000000000000000 ) ) ;
#2580 = CARTESIAN_POINT ( 'NONE',  ( 65.00000000000008527, 1.000000000000000000, 62.34999999999990195 ) ) ;
#2581 = CARTESIAN_POINT ( 'NONE',  ( -17.50000000000000000, 2.000000000000000000, 67.00000000000000000 ) ) ;
#2582 = DIRECTION ( 'NONE',  ( -0.000000000000000000, 1.000000000000000000, -0.000000000000000000 ) ) ;
#2583 = DIRECTION ( 'NONE',  ( -0.000000000000000000, -1.000000000000000000, -0.000000000000000000 ) ) ;
#2584 = EDGE_CURVE ( 'NONE', #1422, #174, #366, .T. ) ;
#2585 = ORIENTED_EDGE ( 'NONE', *, *, #522, .T. ) ;
#2586 = DIRECTION ( 'NONE',  ( 0.000000000000000000, -1.000000000000000000, 0.000000000000000000 ) ) ;
#2587 = ORIENTED_EDGE ( 'NONE', *, *, #1173, .F. ) ;
#2588 = EDGE_LOOP ( 'NONE', ( #3095, #2777 ) ) ;
#2589 = LINE ( 'NONE', #2341, #2600 ) ;
#2590 = DIRECTION ( 'NONE',  ( -0.000000000000000000, -1.000000000000000000, -0.000000000000000000 ) ) ;
#2591 = CYLINDRICAL_SURFACE ( 'NONE', #1425, 1.000000000000000888 ) ;
#2592 = DIRECTION ( 'NONE',  ( 0.000000000000000000, 1.000000000000000000, 0.000000000000000000 ) ) ;
#2593 = VERTEX_POINT ( 'NONE', #2456 ) ;
#2594 = ORIENTED_EDGE ( 'NONE', *, *, #673, .F. ) ;
#2595 = CARTESIAN_POINT ( 'NONE',  ( 62.99999999999992895, 2.000000000000000000, -25.20000000000000284 ) ) ;
#2596 = EDGE_LOOP ( 'NONE', ( #301, #29 ) ) ;
#2597 = CARTESIAN_POINT ( 'NONE',  ( -51.90000000000000568, 2.000000000000000000, -51.90000000000000568 ) ) ;
#2598 = EDGE_CURVE ( 'NONE', #207, #2314, #2302, .T. ) ;
#2599 = DIRECTION ( 'NONE',  ( -1.000000000000000000, -0.000000000000000000, -0.000000000000000000 ) ) ;
#2600 = VECTOR ( 'NONE', #1132, 1000.000000000000000 ) ;
#2601 = DIRECTION ( 'NONE',  ( -0.000000000000000000, -1.000000000000000000, -0.000000000000000000 ) ) ;
#2602 = EDGE_CURVE ( 'NONE', #1827, #3122, #3014, .T. ) ;
#2603 = DIRECTION ( 'NONE',  ( 0.000000000000000000, -0.000000000000000000, 1.000000000000000000 ) ) ;
#2604 = DIRECTION ( 'NONE',  ( -0.000000000000000000, -1.000000000000000000, -0.000000000000000000 ) ) ;
#2605 = AXIS2_PLACEMENT_3D ( 'NONE', #2387, #211, #1690 ) ;
#2606 = ORIENTED_EDGE ( 'NONE', *, *, #955, .T. ) ;
#2607 = AXIS2_PLACEMENT_3D ( 'NONE', #1623, #2604, #1144 ) ;
#2608 = EDGE_CURVE ( 'NONE', #2105, #2545, #779, .T. ) ;
#2609 = ORIENTED_EDGE ( 'NONE', *, *, #2989, .F. ) ;
#2610 = CYLINDRICAL_SURFACE ( 'NONE', #259, 3.000000000000002665 ) ;
#2611 = AXIS2_PLACEMENT_3D ( 'NONE', #2581, #884, #1586 ) ;
#2612 = PLANE ( 'NONE',  #2149 ) ;
#2613 = DIRECTION ( 'NONE',  ( 0.000000000000000000, -1.000000000000000000, 0.000000000000000000 ) ) ;
#2614 = CARTESIAN_POINT ( 'NONE',  ( 7.715274834628049276E-15, -2.000000000000000000, 63.00000000000011369 ) ) ;
#2615 = AXIS2_PLACEMENT_3D ( 'NONE', #319, #2259, #2010 ) ;
#2616 = VERTEX_POINT ( 'NONE', #575 ) ;
#2617 = ORIENTED_EDGE ( 'NONE', *, *, #2576, .T. ) ;
#2618 = AXIS2_PLACEMENT_3D ( 'NONE', #668, #240, #224 ) ;
#2619 = AXIS2_PLACEMENT_3D ( 'NONE', #967, #1936, #2919 ) ;
#2620 = AXIS2_PLACEMENT_3D ( 'NONE', #1763, #607, #1136 ) ;
#2621 = CYLINDRICAL_SURFACE ( 'NONE', #2340, 2.650000000003795098 ) ;
#2622 = EDGE_LOOP ( 'NONE', ( #747, #909, #494, #1699 ) ) ;
#2623 = DIRECTION ( 'NONE',  ( 0.000000000000000000, 0.000000000000000000, 1.000000000000000000 ) ) ;
#2624 = DIRECTION ( 'NONE',  ( 0.000000000000000000, 0.000000000000000000, -1.000000000000000000 ) ) ;
#2625 = EDGE_LOOP ( 'NONE', ( #2236, #3018 ) ) ;
#2626 = ORIENTED_EDGE ( 'NONE', *, *, #2642, .F. ) ;
#2627 = EDGE_CURVE ( 'NONE', #2666, #813, #1544, .T. ) ;
#2628 = LINE ( 'NONE', #2380, #3013 ) ;
#2629 = PRODUCT_CONTEXT ( 'NONE', #1065, 'mechanical' ) ;
#2630 = DIRECTION ( 'NONE',  ( 0.000000000000000000, 0.000000000000000000, -1.000000000000000000 ) ) ;
#2631 = DIRECTION ( 'NONE',  ( 0.000000000000000000, 1.000000000000000000, 0.000000000000000000 ) ) ;
#2632 = FACE_OUTER_BOUND ( 'NONE', #1904, .T. ) ;
#2633 = FACE_OUTER_BOUND ( 'NONE', #1351, .T. ) ;
#2634 = VERTEX_POINT ( 'NONE', #1077 ) ;
#2635 = EDGE_CURVE ( 'NONE', #2950, #2297, #788, .T. ) ;
#2636 = ORIENTED_EDGE ( 'NONE', *, *, #1148, .T. ) ;
#2637 = ADVANCED_FACE ( 'NONE', ( #835 ), #1011, .T. ) ;
#2638 = EDGE_LOOP ( 'NONE', ( #2573, #56, #19, #439 ) ) ;
#2639 = FACE_OUTER_BOUND ( 'NONE', #1098, .T. ) ;
#2640 = DIRECTION ( 'NONE',  ( -0.000000000000000000, -1.000000000000000000, -0.000000000000000000 ) ) ;
#2641 = DIRECTION ( 'NONE',  ( 0.000000000000000000, -0.000000000000000000, -1.000000000000000000 ) ) ;
#2642 = EDGE_CURVE ( 'NONE', #2068, #2053, #2048, .T. ) ;
#2643 = FACE_OUTER_BOUND ( 'NONE', #3004, .T. ) ;
#2644 = FACE_BOUND ( 'NONE', #3140, .T. ) ;
#2645 = VECTOR ( 'NONE', #2532, 1000.000000000000000 ) ;
#2646 = VERTEX_POINT ( 'NONE', #1530 ) ;
#2647 = AXIS2_PLACEMENT_3D ( 'NONE', #1239, #2258, #1973 ) ;
#2648 = FACE_OUTER_BOUND ( 'NONE', #1743, .T. ) ;
#2649 = CIRCLE ( 'NONE', #263, 1.500000000000001332 ) ;
#2650 = ORIENTED_EDGE ( 'NONE', *, *, #2403, .F. ) ;
#2651 = EDGE_LOOP ( 'NONE', ( #2188, #3151, #357, #3038 ) ) ;
#2652 = AXIS2_PLACEMENT_3D ( 'NONE', #1631, #2613, #1313 ) ;
#2653 = CYLINDRICAL_SURFACE ( 'NONE', #1070, 1.500000000000001332 ) ;
#2654 = DIRECTION ( 'NONE',  ( 9.912705577010325549E-17, 0.000000000000000000, 1.000000000000000000 ) ) ;
#2655 = CARTESIAN_POINT ( 'NONE',  ( -46.89999999999999858, 2.000000000000000000, 46.89999999999999147 ) ) ;
#2656 = EDGE_CURVE ( 'NONE', #1052, #2616, #828, .T. ) ;
#2657 = AXIS2_PLACEMENT_3D ( 'NONE', #1295, #104, #1549 ) ;
#2658 = AXIS2_PLACEMENT_3D ( 'NONE', #6, #2209, #2701 ) ;
#2659 = CARTESIAN_POINT ( 'NONE',  ( 7.715274834628049276E-15, 2.000000000000000000, 61.50000000000011369 ) ) ;
#2660 = FACE_OUTER_BOUND ( 'NONE', #1843, .T. ) ;
#2661 = FACE_BOUND ( 'NONE', #2486, .T. ) ;
#2662 = CIRCLE ( 'NONE', #2619, 2.650000000003795098 ) ;
#2663 = ADVANCED_FACE ( 'NONE', ( #798 ), #1781, .F. ) ;
#2664 = ORIENTED_EDGE ( 'NONE', *, *, #2907, .F. ) ;
#2665 = AXIS2_PLACEMENT_3D ( 'NONE', #2299, #2329, #3037 ) ;
#2666 = VERTEX_POINT ( 'NONE', #2534 ) ;
#2667 = ORIENTED_EDGE ( 'NONE', *, *, #609, .F. ) ;
#2668 = DIRECTION ( 'NONE',  ( 0.000000000000000000, 0.000000000000000000, 1.000000000000000000 ) ) ;
#2669 = FACE_OUTER_BOUND ( 'NONE', #2926, .T. ) ;
#2670 = ORIENTED_EDGE ( 'NONE', *, *, #1572, .F. ) ;
#2671 = CARTESIAN_POINT ( 'NONE',  ( 65.00000000000376588, 1.000000000000000000, -62.34999999999111964 ) ) ;
#2672 = CARTESIAN_POINT ( 'NONE',  ( 63.00000000000011369, 2.000000000000000000, -3.857637417314024638E-15 ) ) ;
#2673 = FACE_BOUND ( 'NONE', #1889, .T. ) ;
#2674 = EDGE_LOOP ( 'NONE', ( #993, #968, #1189, #2409 ) ) ;
#2675 = EDGE_LOOP ( 'NONE', ( #1377, #1476, #2808, #2262 ) ) ;
#2676 = EDGE_CURVE ( 'NONE', #1317, #1645, #1032, .T. ) ;
#2677 = ORIENTED_EDGE ( 'NONE', *, *, #1992, .F. ) ;
#2678 = VERTEX_POINT ( 'NONE', #78 ) ;
#2679 = VERTEX_POINT ( 'NONE', #2312 ) ;
#2680 = CARTESIAN_POINT ( 'NONE',  ( 63.00000000000011369, 2.000000000000000000, -3.857637417314024638E-15 ) ) ;
#2681 = CARTESIAN_POINT ( 'NONE',  ( -63.00000000000011369, 2.000000000000000000, -51.89999999999998437 ) ) ;
#2682 = ORIENTED_EDGE ( 'NONE', *, *, #50, .F. ) ;
#2683 = DIRECTION ( 'NONE',  ( 0.000000000000000000, -1.000000000000000000, 0.000000000000000000 ) ) ;
#2684 = VERTEX_POINT ( 'NONE', #1296 ) ;
#2685 = CYLINDRICAL_SURFACE ( 'NONE', #1222, 4.999999999999997335 ) ;
#2686 = ORIENTED_EDGE ( 'NONE', *, *, #3024, .F. ) ;
#2687 = VERTEX_POINT ( 'NONE', #2253 ) ;
#2688 = EDGE_CURVE ( 'NONE', #1994, #230, #1491, .T. ) ;
#2689 = CARTESIAN_POINT ( 'NONE',  ( -17.50000000000000000, 2.000000000000000000, 67.00000000000000000 ) ) ;
#2690 = ORIENTED_EDGE ( 'NONE', *, *, #1206, .T. ) ;
#2691 = DIRECTION ( 'NONE',  ( -1.000000000000000000, 0.000000000000000000, 1.336973777246094192E-16 ) ) ;
#2692 = CARTESIAN_POINT ( 'NONE',  ( 46.90000000000001990, -2.000000000000000000, 46.89999999999999858 ) ) ;
#2693 = EDGE_CURVE ( 'NONE', #817, #2464, #1883, .T. ) ;
#2694 = ORIENTED_EDGE ( 'NONE', *, *, #1314, .F. ) ;
#2695 = AXIS2_PLACEMENT_3D ( 'NONE', #710, #950, #2365 ) ;
#2696 = CARTESIAN_POINT ( 'NONE',  ( 46.89999999999999858, -1.000000000000000000, -46.90000000000001279 ) ) ;
#2697 = ORIENTED_EDGE ( 'NONE', *, *, #1167, .F. ) ;
#2698 = CARTESIAN_POINT ( 'NONE',  ( -63.00000000000011369, 2.000000000000000000, 1.157291225194286278E-14 ) ) ;
#2699 = DIRECTION ( 'NONE',  ( 0.000000000000000000, 1.000000000000000000, 0.000000000000000000 ) ) ;
#2700 = CIRCLE ( 'NONE', #555, 1.500000000000004885 ) ;
#2701 = DIRECTION ( 'NONE',  ( 0.000000000000000000, 0.000000000000000000, 1.000000000000000000 ) ) ;
#2702 = EDGE_CURVE ( 'NONE', #2593, #2423, #2003, .T. ) ;
#2703 = VECTOR ( 'NONE', #2720, 1000.000000000000000 ) ;
#2704 = ORIENTED_EDGE ( 'NONE', *, *, #1646, .T. ) ;
#2705 = CARTESIAN_POINT ( 'NONE',  ( -51.89999999999999147, 2.000000000000000000, 51.89999999999999147 ) ) ;
#2706 = AXIS2_PLACEMENT_3D ( 'NONE', #1454, #2186, #2641 ) ;
#2707 = EDGE_LOOP ( 'NONE', ( #356, #297 ) ) ;
#2708 = CIRCLE ( 'NONE', #1332, 1.000000000000000888 ) ;
#2709 = DIRECTION ( 'NONE',  ( 0.000000000000000000, 1.000000000000000000, 0.000000000000000000 ) ) ;
#2710 = DIRECTION ( 'NONE',  ( -0.000000000000000000, -1.000000000000000000, -0.000000000000000000 ) ) ;
#2711 = EDGE_LOOP ( 'NONE', ( #1022, #2824 ) ) ;
#2712 = ORIENTED_EDGE ( 'NONE', *, *, #567, .T. ) ;
#2713 = AXIS2_PLACEMENT_3D ( 'NONE', #645, #1374, #772 ) ;
#2714 = CARTESIAN_POINT ( 'NONE',  ( -25.19999999999999218, 2.000000000000000000, 64.50000000000011369 ) ) ;
#2715 = ORIENTED_EDGE ( 'NONE', *, *, #66, .F. ) ;
#2716 = AXIS2_PLACEMENT_3D ( 'NONE', #2374, #3132, #680 ) ;
#2717 = ADVANCED_FACE ( 'NONE', ( #143 ), #440, .F. ) ;
#2718 = DIRECTION ( 'NONE',  ( 0.000000000000000000, 1.000000000000000000, 0.000000000000000000 ) ) ;
#2719 = AXIS2_PLACEMENT_3D ( 'NONE', #2841, #150, #663 ) ;
#2720 = DIRECTION ( 'NONE',  ( -0.000000000000000000, -1.000000000000000000, -0.000000000000000000 ) ) ;
#2721 = ORIENTED_EDGE ( 'NONE', *, *, #522, .F. ) ;
#2722 = ADVANCED_FACE ( 'NONE', ( #1387 ), #639, .F. ) ;
#2723 = CARTESIAN_POINT ( 'NONE',  ( -62.99999999999976552, -2.000000000000000000, 50.40000000000001279 ) ) ;
#2724 = ORIENTED_EDGE ( 'NONE', *, *, #850, .T. ) ;
#2725 = CYLINDRICAL_SURFACE ( 'NONE', #1234, 2.650000000003795098 ) ;
#2726 = CARTESIAN_POINT ( 'NONE',  ( 20.50000000000376588, 2.000000000000000000, -70.00000000000000000 ) ) ;
#2727 = EDGE_LOOP ( 'NONE', ( #2682, #2934 ) ) ;
#2728 = FACE_OUTER_BOUND ( 'NONE', #2920, .T. ) ;
#2729 = DIRECTION ( 'NONE',  ( 0.000000000000000000, 0.000000000000000000, 1.000000000000000000 ) ) ;
#2730 = ADVANCED_FACE ( 'NONE', ( #1128 ), #2116, .T. ) ;
#2731 = DIRECTION ( 'NONE',  ( -0.000000000000000000, -1.000000000000000000, -0.000000000000000000 ) ) ;
#2732 = CARTESIAN_POINT ( 'NONE',  ( 67.00000000000001421, -2.000000000000000000, 20.50000000000235190 ) ) ;
#2733 = ADVANCED_FACE ( 'NONE', ( #2100 ), #2339, .F. ) ;
#2734 = EDGE_LOOP ( 'NONE', ( #585, #766, #3100, #3039 ) ) ;
#2735 = CARTESIAN_POINT ( 'NONE',  ( -69.99999999999998579, 2.000000000000000000, 70.00000000000000000 ) ) ;
#2736 = EDGE_CURVE ( 'NONE', #2053, #843, #3098, .T. ) ;
#2737 = DIRECTION ( 'NONE',  ( 0.000000000000000000, 1.000000000000000000, 0.000000000000000000 ) ) ;
#2738 = CARTESIAN_POINT ( 'NONE',  ( -63.00000000000011369, 2.000000000000000000, 1.500000000000015321 ) ) ;
#2739 = CARTESIAN_POINT ( 'NONE',  ( -25.19999999999999218, 2.000000000000000000, 63.00000000000011369 ) ) ;
#2740 = VERTEX_POINT ( 'NONE', #1854 ) ;
#2741 = CARTESIAN_POINT ( 'NONE',  ( 70.00000000000000000, 2.000000000000000000, -70.00000000000000000 ) ) ;
#2742 = FACE_OUTER_BOUND ( 'NONE', #167, .T. ) ;
#2744 = AXIS2_PLACEMENT_3D ( 'NONE', #2012, #568, #1775 ) ;
#2743 = LINE ( 'NONE', #556, #1023 ) ;
#2745 = ORIENTED_EDGE ( 'NONE', *, *, #991, .T. ) ;
#2746 = ORIENTED_EDGE ( 'NONE', *, *, #2047, .F. ) ;
#2747 = AXIS2_PLACEMENT_3D ( 'NONE', #2779, #628, #1050 ) ;
#2748 = EDGE_CURVE ( 'NONE', #68, #409, #2205, .T. ) ;
#2749 = CIRCLE ( 'NONE', #415, 5.999999999999998224 ) ;
#2750 = FILL_AREA_STYLE ('',( #1584 ) ) ;
#2751 = CARTESIAN_POINT ( 'NONE',  ( -17.50000000000000000, -2.000000000000000000, 67.00000000000000000 ) ) ;
#2752 = CARTESIAN_POINT ( 'NONE',  ( -65.00000000000000000, -2.000000000000000000, -65.00000000000000000 ) ) ;
#2753 = VECTOR ( 'NONE', #891, 1000.000000000000000 ) ;
#2754 = VECTOR ( 'NONE', #778, 1000.000000000000000 ) ;
#2755 = ADVANCED_FACE ( 'NONE', ( #1175 ), #3121, .T. ) ;
#2756 = AXIS2_PLACEMENT_3D ( 'NONE', #1055, #1075, #2508 ) ;
#2757 = VECTOR ( 'NONE', #2731, 1000.000000000000000 ) ;
#2758 = EDGE_LOOP ( 'NONE', ( #178, #1693, #195, #2996 ) ) ;
#2759 = CARTESIAN_POINT ( 'NONE',  ( -62.99999999999992895, 2.000000000000000000, 23.70000000000000639 ) ) ;
#2760 = DIRECTION ( 'NONE',  ( -0.000000000000000000, -1.000000000000000000, -0.000000000000000000 ) ) ;
#2761 = ORIENTED_EDGE ( 'NONE', *, *, #2164, .F. ) ;
#2762 = AXIS2_PLACEMENT_3D ( 'NONE', #1139, #2120, #3102 ) ;
#2763 = VERTEX_POINT ( 'NONE', #152 ) ;
#2764 = LINE ( 'NONE', #842, #1527 ) ;
#2765 = ORIENTED_EDGE ( 'NONE', *, *, #2748, .F. ) ;
#2766 = LINE ( 'NONE', #95, #1064 ) ;
#2767 = DIRECTION ( 'NONE',  ( 0.000000000000000000, 0.000000000000000000, 1.000000000000000000 ) ) ;
#2768 = ORIENTED_EDGE ( 'NONE', *, *, #2131, .F. ) ;
#2769 = FACE_BOUND ( 'NONE', #2813, .T. ) ;
#2770 = EDGE_CURVE ( 'NONE', #184, #1461, #2041, .T. ) ;
#2771 = DIRECTION ( 'NONE',  ( -1.000000000000000000, 0.000000000000000000, 0.000000000000000000 ) ) ;
#2772 = CARTESIAN_POINT ( 'NONE',  ( -62.99999999999976552, 2.000000000000000000, 50.40000000000001279 ) ) ;
#2773 = EDGE_CURVE ( 'NONE', #354, #2432, #69, .T. ) ;
#2774 = CARTESIAN_POINT ( 'NONE',  ( 20.50000000000376232, 2.000000000000000000, -67.00000000000000000 ) ) ;
#2775 = DIRECTION ( 'NONE',  ( 0.000000000000000000, 0.000000000000000000, 1.000000000000000000 ) ) ;
#2776 = DIRECTION ( 'NONE',  ( 0.000000000000000000, -1.000000000000000000, 0.000000000000000000 ) ) ;
#2777 = ORIENTED_EDGE ( 'NONE', *, *, #671, .F. ) ;
#2778 = ORIENTED_EDGE ( 'NONE', *, *, #3031, .T. ) ;
#2779 = CARTESIAN_POINT ( 'NONE',  ( 25.20000000000000639, -2.000000000000000000, 62.99999999999992895 ) ) ;
#2780 = CARTESIAN_POINT ( 'NONE',  ( -25.19999999999999929, 2.000000000000000000, -62.99999999999992895 ) ) ;
#2781 = FACE_BOUND ( 'NONE', #2711, .T. ) ;
#2782 = DIRECTION ( 'NONE',  ( 0.000000000000000000, 1.000000000000000000, 0.000000000000000000 ) ) ;
#2783 = LINE ( 'NONE', #599, #3117 ) ;
#2784 = CARTESIAN_POINT ( 'NONE',  ( -50.39999999999999147, 2.000000000000000000, 63.00000000000011369 ) ) ;
#2785 = ADVANCED_FACE ( 'NONE', ( #1893 ), #2875, .F. ) ;
#2786 = ADVANCED_FACE ( 'NONE', ( #2828 ), #2886, .F. ) ;
#2787 = CARTESIAN_POINT ( 'NONE',  ( -17.49999999999624123, 2.000000000000000000, -66.99999999999906208 ) ) ;
#2788 = EDGE_LOOP ( 'NONE', ( #1329, #1340, #2037, #904 ) ) ;
#2789 = DIRECTION ( 'NONE',  ( 0.000000000000000000, 1.000000000000000000, -0.000000000000000000 ) ) ;
#2790 = ADVANCED_FACE ( 'NONE', ( #2331 ), #1792, .T. ) ;
#2791 = EDGE_LOOP ( 'NONE', ( #292, #155, #2121, #1130 ) ) ;
#2792 = ORIENTED_EDGE ( 'NONE', *, *, #1236, .F. ) ;
#2793 = CIRCLE ( 'NONE', #1275, 1.499999999999994449 ) ;
#2794 = AXIS2_PLACEMENT_3D ( 'NONE', #1540, #1292, #541 ) ;
#2795 = CYLINDRICAL_SURFACE ( 'NONE', #1579, 3.000000000000002665 ) ;
#2796 = FACE_OUTER_BOUND ( 'NONE', #2260, .T. ) ;
#2797 = AXIS2_PLACEMENT_3D ( 'NONE', #283, #2483, #1244 ) ;
#2798 = DIRECTION ( 'NONE',  ( 0.000000000000000000, 1.000000000000000000, 0.000000000000000000 ) ) ;
#2799 = AXIS2_PLACEMENT_3D ( 'NONE', #3109, #2851, #2335 ) ;
#2800 = ORIENTED_EDGE ( 'NONE', *, *, #81, .T. ) ;
#2801 = CIRCLE ( 'NONE', #2657, 1.500000000000001332 ) ;
#2802 = CARTESIAN_POINT ( 'NONE',  ( 65.00000000000002842, -2.000000000000000000, 65.00000000000000000 ) ) ;
#2803 = EDGE_CURVE ( 'NONE', #2426, #1847, #1692, .T. ) ;
#2804 = CARTESIAN_POINT ( 'NONE',  ( -20.49999999999624478, 2.000000000000000000, -67.00000000000000000 ) ) ;
#2805 = VERTEX_POINT ( 'NONE', #1665 ) ;
#2806 = AXIS2_PLACEMENT_3D ( 'NONE', #254, #3033, #127 ) ;
#2807 = CARTESIAN_POINT ( 'NONE',  ( -62.99999999999976552, -2.000000000000000000, 48.90000000000001279 ) ) ;
#2808 = ORIENTED_EDGE ( 'NONE', *, *, #3024, .T. ) ;
#2809 = LINE ( 'NONE', #2827, #2076 ) ;
#2810 = AXIS2_PLACEMENT_3D ( 'NONE', #1312, #2535, #3088 ) ;
#2811 = CARTESIAN_POINT ( 'NONE',  ( -2.490333468844531319E-17, 2.000000000000000000, -64.50000000000011369 ) ) ;
#2812 = VECTOR ( 'NONE', #1413, 1000.000000000000000 ) ;
#2813 = EDGE_LOOP ( 'NONE', ( #2745, #2405 ) ) ;
#2814 = EDGE_CURVE ( 'NONE', #130, #2138, #880, .T. ) ;
#2815 = CARTESIAN_POINT ( 'NONE',  ( -25.19999999999999218, 2.000000000000000000, 61.50000000000011369 ) ) ;
#2816 = CYLINDRICAL_SURFACE ( 'NONE', #2488, 1.500000000000001332 ) ;
#2817 = EDGE_LOOP ( 'NONE', ( #1417, #389, #3166, #2303 ) ) ;
#2818 = LINE ( 'NONE', #1642, #13 ) ;
#2819 = EDGE_LOOP ( 'NONE', ( #1954, #1832, #1516, #1403 ) ) ;
#2820 = DIRECTION ( 'NONE',  ( -0.000000000000000000, -1.000000000000000000, -0.000000000000000000 ) ) ;
#2821 = DIRECTION ( 'NONE',  ( -0.000000000000000000, -1.000000000000000000, -0.000000000000000000 ) ) ;
#2822 = DIRECTION ( 'NONE',  ( 0.000000000000000000, 0.000000000000000000, 1.000000000000000000 ) ) ;
#2823 = DIRECTION ( 'NONE',  ( 0.000000000000000000, 1.000000000000000000, 0.000000000000000000 ) ) ;
#2824 = ORIENTED_EDGE ( 'NONE', *, *, #1983, .T. ) ;
#2825 = ORIENTED_EDGE ( 'NONE', *, *, #1087, .T. ) ;
#2826 = ORIENTED_EDGE ( 'NONE', *, *, #1826, .F. ) ;
#2827 = CARTESIAN_POINT ( 'NONE',  ( -17.50000000000000000, 2.000000000000000000, 67.00000000000000000 ) ) ;
#2828 = FACE_OUTER_BOUND ( 'NONE', #1001, .T. ) ;
#2829 = ORIENTED_EDGE ( 'NONE', *, *, #3134, .T. ) ;
#2830 = EDGE_CURVE ( 'NONE', #3044, #1558, #172, .T. ) ;
#2831 = ADVANCED_FACE ( 'NONE', ( #173 ), #685, .F. ) ;
#2832 = DIRECTION ( 'NONE',  ( 0.000000000000000000, 1.000000000000000000, 0.000000000000000000 ) ) ;
#2833 = DIRECTION ( 'NONE',  ( 0.000000000000000000, 0.000000000000000000, 1.000000000000000000 ) ) ;
#2834 = CARTESIAN_POINT ( 'NONE',  ( 50.39999999999999858, 2.000000000000000000, -63.00000000000011369 ) ) ;
#2835 = ORIENTED_EDGE ( 'NONE', *, *, #1542, .T. ) ;
#2836 = CARTESIAN_POINT ( 'NONE',  ( -25.19999999999999218, 2.000000000000000000, 63.00000000000011369 ) ) ;
#2837 = DIRECTION ( 'NONE',  ( 0.000000000000000000, 1.000000000000000000, 0.000000000000000000 ) ) ;
#2838 = DIRECTION ( 'NONE',  ( 1.000000000000000000, 0.000000000000000000, -1.336973777246089508E-16 ) ) ;
#2839 = ORIENTED_EDGE ( 'NONE', *, *, #1505, .T. ) ;
#2840 = CARTESIAN_POINT ( 'NONE',  ( -20.49999999999624478, -2.000000000000000000, -70.00000000000000000 ) ) ;
#2841 = CARTESIAN_POINT ( 'NONE',  ( 63.00000000000011369, 2.000000000000000000, 25.19999999999999574 ) ) ;
#2842 = DIRECTION ( 'NONE',  ( -0.000000000000000000, -1.000000000000000000, -0.000000000000000000 ) ) ;
#2843 = ORIENTED_EDGE ( 'NONE', *, *, #334, .F. ) ;
#2844 = EDGE_LOOP ( 'NONE', ( #1364, #1937, #461, #60 ) ) ;
#2845 = DIRECTION ( 'NONE',  ( -1.000000000000000000, -0.000000000000000000, -0.000000000000000000 ) ) ;
#2846 = ORIENTED_EDGE ( 'NONE', *, *, #2364, .F. ) ;
#2847 = ORIENTED_EDGE ( 'NONE', *, *, #671, .T. ) ;
#2848 = AXIS2_PLACEMENT_3D ( 'NONE', #886, #1850, #2833 ) ;
#2849 = EDGE_CURVE ( 'NONE', #785, #1007, #908, .T. ) ;
#2850 = ADVANCED_FACE ( 'NONE', ( #2643 ), #635, .F. ) ;
#2851 = DIRECTION ( 'NONE',  ( -0.000000000000000000, -1.000000000000000000, -0.000000000000000000 ) ) ;
#2852 = CARTESIAN_POINT ( 'NONE',  ( 67.00000000000140687, 2.000000000000000000, 17.50000000000235545 ) ) ;
#2853 = EDGE_LOOP ( 'NONE', ( #2300, #1514, #1079, #1224 ) ) ;
#2854 = AXIS2_PLACEMENT_3D ( 'NONE', #2732, #54, #536 ) ;
#2855 = EDGE_CURVE ( 'NONE', #902, #1959, #655, .T. ) ;
#2856 = PLANE ( 'NONE',  #2605 ) ;
#2857 = AXIS2_PLACEMENT_3D ( 'NONE', #844, #613, #2318 ) ;
#2858 = AXIS2_PLACEMENT_3D ( 'NONE', #3012, #1543, #2075 ) ;
#2859 = ORIENTED_EDGE ( 'NONE', *, *, #2057, .F. ) ;
#2860 = LINE ( 'NONE', #2140, #814 ) ;
#2861 = CARTESIAN_POINT ( 'NONE',  ( 70.00000000000001421, 2.000000000000000000, 20.50000000000234834 ) ) ;
#2862 = DIRECTION ( 'NONE',  ( 1.000000000000000000, 0.000000000000000000, 0.000000000000000000 ) ) ;
#2863 = VECTOR ( 'NONE', #2278, 1000.000000000000000 ) ;
#2864 = EDGE_CURVE ( 'NONE', #18, #2336, #2097, .T. ) ;
#2865 = FACE_OUTER_BOUND ( 'NONE', #2177, .T. ) ;
#2866 = DIRECTION ( 'NONE',  ( -0.000000000000000000, -1.000000000000000000, -0.000000000000000000 ) ) ;
#2867 = DIRECTION ( 'NONE',  ( 1.000000000000000000, 0.000000000000000000, -9.912705577010325549E-17 ) ) ;
#2868 = EDGE_LOOP ( 'NONE', ( #558, #1250 ) ) ;
#2869 = CARTESIAN_POINT ( 'NONE',  ( -62.99999999999992895, 2.000000000000000000, 25.20000000000000995 ) ) ;
#2870 = EDGE_CURVE ( 'NONE', #2478, #3161, #1742, .T. ) ;
#2871 = CARTESIAN_POINT ( 'NONE',  ( 51.89999999999999147, 2.000000000000000000, -46.90000000000001279 ) ) ;
#2872 = EDGE_CURVE ( 'NONE', #532, #1302, #367, .T. ) ;
#2873 = CYLINDRICAL_SURFACE ( 'NONE', #1416, 2.650000000001997869 ) ;
#2874 = CARTESIAN_POINT ( 'NONE',  ( -50.39999999999999147, 2.000000000000000000, 63.00000000000011369 ) ) ;
#2875 = CYLINDRICAL_SURFACE ( 'NONE', #2512, 4.999999999999997335 ) ;
#2876 = VERTEX_POINT ( 'NONE', #305 ) ;
#2877 = SURFACE_SIDE_STYLE ('',( #1895 ) ) ;
#2878 = CARTESIAN_POINT ( 'NONE',  ( -50.39999999999999858, 2.000000000000000000, -61.49999999999976552 ) ) ;
#2879 = EDGE_LOOP ( 'NONE', ( #2480, #1043 ) ) ;
#2880 = ADVANCED_FACE ( 'NONE', ( #1511 ), #2911, .F. ) ;
#2881 = CARTESIAN_POINT ( 'NONE',  ( 67.00000000000001421, 2.000000000000000000, -20.49999999999764455 ) ) ;
#2882 = EDGE_CURVE ( 'NONE', #3122, #2666, #2214, .T. ) ;
#2883 = CARTESIAN_POINT ( 'NONE',  ( -17.49999999999624123, 2.000000000000000000, -66.99999999999906208 ) ) ;
#2884 = CIRCLE ( 'NONE', #41, 2.999999999999999112 ) ;
#2885 = FACE_OUTER_BOUND ( 'NONE', #1884, .T. ) ;
#2886 = CYLINDRICAL_SURFACE ( 'NONE', #869, 2.649999999999999467 ) ;
#2887 = CARTESIAN_POINT ( 'NONE',  ( -62.99999999999992895, 2.000000000000000000, 25.20000000000000995 ) ) ;
#2888 = EDGE_CURVE ( 'NONE', #3116, #1669, #30, .T. ) ;
#2889 = DIRECTION ( 'NONE',  ( -0.000000000000000000, -1.000000000000000000, -0.000000000000000000 ) ) ;
#2890 = CARTESIAN_POINT ( 'NONE',  ( 67.00000000000140687, 2.000000000000000000, -17.49999999999764810 ) ) ;
#2891 = CARTESIAN_POINT ( 'NONE',  ( -63.00000000000011369, 2.000000000000000000, -26.69999999999999574 ) ) ;
#2892 = CIRCLE ( 'NONE', #2848, 3.000000000000002665 ) ;
#2893 = ORIENTED_EDGE ( 'NONE', *, *, #976, .T. ) ;
#2894 = ORIENTED_EDGE ( 'NONE', *, *, #1609, .T. ) ;
#2895 = DIRECTION ( 'NONE',  ( 0.000000000000000000, 0.000000000000000000, 1.000000000000000000 ) ) ;
#2896 = AXIS2_PLACEMENT_3D ( 'NONE', #1657, #276, #1723 ) ;
#2897 = CARTESIAN_POINT ( 'NONE',  ( 50.39999999999999858, 2.000000000000000000, -64.50000000000011369 ) ) ;
#2898 = DIRECTION ( 'NONE',  ( 0.000000000000000000, 0.000000000000000000, -1.000000000000000000 ) ) ;
#2899 = VECTOR ( 'NONE', #1958, 1000.000000000000000 ) ;
#2900 = LINE ( 'NONE', #2440, #1186 ) ;
#2901 = VERTEX_POINT ( 'NONE', #1956 ) ;
#2902 = CIRCLE ( 'NONE', #1531, 3.000000000000002665 ) ;
#2903 = CARTESIAN_POINT ( 'NONE',  ( 46.90000000000001990, 2.000000000000000000, 46.89999999999999858 ) ) ;
#2904 = CARTESIAN_POINT ( 'NONE',  ( -50.39999999999999147, 2.000000000000000000, 61.50000000000011369 ) ) ;
#2905 = DIRECTION ( 'NONE',  ( 0.000000000000000000, 0.000000000000000000, 1.000000000000000000 ) ) ;
#2906 = VECTOR ( 'NONE', #3139, 1000.000000000000000 ) ;
#2907 = EDGE_CURVE ( 'NONE', #2200, #79, #1293, .T. ) ;
#2908 = VECTOR ( 'NONE', #2393, 1000.000000000000000 ) ;
#2909 = ADVANCED_FACE ( 'NONE', ( #2943 ), #1945, .T. ) ;
#2910 = AXIS2_PLACEMENT_3D ( 'NONE', #27, #2889, #956 ) ;
#2911 = CYLINDRICAL_SURFACE ( 'NONE', #1695, 1.499999999999994449 ) ;
#2912 =( NAMED_UNIT ( * ) SI_UNIT ( $, .STERADIAN. ) SOLID_ANGLE_UNIT ( ) );
#2913 = FACE_BOUND ( 'NONE', #1049, .T. ) ;
#2914 = AXIS2_PLACEMENT_3D ( 'NONE', #2088, #1153, #3078 ) ;
#2915 = ORIENTED_EDGE ( 'NONE', *, *, #793, .T. ) ;
#2916 = AXIS2_PLACEMENT_3D ( 'NONE', #1219, #958, #2192 ) ;
#2917 = DIRECTION ( 'NONE',  ( 0.000000000000000000, 0.000000000000000000, -1.000000000000000000 ) ) ;
#2918 = LINE ( 'NONE', #2897, #3162 ) ;
#2919 = DIRECTION ( 'NONE',  ( 0.000000000000000000, 0.000000000000000000, -1.000000000000000000 ) ) ;
#2920 = EDGE_LOOP ( 'NONE', ( #1209, #221, #353, #1674 ) ) ;
#2921 = VERTEX_POINT ( 'NONE', #1003 ) ;
#2922 = CYLINDRICAL_SURFACE ( 'NONE', #463, 1.500000000000001332 ) ;
#2923 = CARTESIAN_POINT ( 'NONE',  ( 46.89999999999996305, 2.000000000000000000, -51.90000000000000568 ) ) ;
#2924 = DIRECTION ( 'NONE',  ( 0.000000000000000000, 0.000000000000000000, 1.000000000000000000 ) ) ;
#2925 = CARTESIAN_POINT ( 'NONE',  ( -46.90000000000001279, -1.000000000000000000, -52.90000000000001279 ) ) ;
#2926 = EDGE_LOOP ( 'NONE', ( #1408, #226, #2826, #810 ) ) ;
#2927 = EDGE_CURVE ( 'NONE', #2684, #144, #1027, .T. ) ;
#2928 = ORIENTED_EDGE ( 'NONE', *, *, #1242, .F. ) ;
#2929 = DIRECTION ( 'NONE',  ( 0.000000000000000000, 0.000000000000000000, -1.000000000000000000 ) ) ;
#2930 = ORIENTED_EDGE ( 'NONE', *, *, #2437, .T. ) ;
#2931 = CARTESIAN_POINT ( 'NONE',  ( -65.00000000000000000, 1.000000000000000000, 65.00000000000002842 ) ) ;
#2932 = CARTESIAN_POINT ( 'NONE',  ( -63.00000000000011369, 2.000000000000000000, 1.157291225194286278E-14 ) ) ;
#2933 = EDGE_CURVE ( 'NONE', #2457, #213, #510, .T. ) ;
#2934 = ORIENTED_EDGE ( 'NONE', *, *, #1708, .F. ) ;
#2935 = ORIENTED_EDGE ( 'NONE', *, *, #3147, .F. ) ;
#2936 = ORIENTED_EDGE ( 'NONE', *, *, #2872, .F. ) ;
#2937 = EDGE_CURVE ( 'NONE', #278, #642, #1024, .T. ) ;
#2938 = FACE_OUTER_BOUND ( 'NONE', #2011, .T. ) ;
#2939 = CARTESIAN_POINT ( 'NONE',  ( 50.39999999999999858, -2.000000000000000000, -61.50000000000011369 ) ) ;
#2940 = CARTESIAN_POINT ( 'NONE',  ( 7.715274834628049276E-15, -2.000000000000000000, 63.00000000000011369 ) ) ;
#2941 = ORIENTED_EDGE ( 'NONE', *, *, #1836, .T. ) ;
#2942 = ORIENTED_EDGE ( 'NONE', *, *, #2469, .T. ) ;
#2943 = FACE_OUTER_BOUND ( 'NONE', #2622, .T. ) ;
#2944 = DIRECTION ( 'NONE',  ( -0.000000000000000000, -1.000000000000000000, -0.000000000000000000 ) ) ;
#2945 = FACE_OUTER_BOUND ( 'NONE', #2239, .T. ) ;
#2946 = CARTESIAN_POINT ( 'NONE',  ( 62.99999999999976552, 2.000000000000000000, -50.40000000000000568 ) ) ;
#2947 = ORIENTED_EDGE ( 'NONE', *, *, #2001, .T. ) ;
#2948 = ORIENTED_EDGE ( 'NONE', *, *, #1734, .F. ) ;
#2949 = CARTESIAN_POINT ( 'NONE',  ( -64.99999999999998579, -2.000000000000000000, 70.00000000000000000 ) ) ;
#2950 = VERTEX_POINT ( 'NONE', #2659 ) ;
#2951 = AXIS2_PLACEMENT_3D ( 'NONE', #480, #227, #1410 ) ;
#2952 = CARTESIAN_POINT ( 'NONE',  ( 67.00000000000140687, 2.000000000000000000, 17.50000000000235545 ) ) ;
#2953 = AXIS2_PLACEMENT_3D ( 'NONE', #2301, #2526, #1582 ) ;
#2954 = ADVANCED_FACE ( 'NONE', ( #2085 ), #2346, .F. ) ;
#2955 = DIRECTION ( 'NONE',  ( 0.000000000000000000, 1.000000000000000000, 0.000000000000000000 ) ) ;
#2956 = CARTESIAN_POINT ( 'NONE',  ( 62.99999999999992895, -2.000000000000000000, -25.20000000000000284 ) ) ;
#2957 = AXIS2_PLACEMENT_3D ( 'NONE', #1897, #1429, #2402 ) ;
#2958 = DIRECTION ( 'NONE',  ( 0.000000000000000000, 0.000000000000000000, -1.000000000000000000 ) ) ;
#2959 = CARTESIAN_POINT ( 'NONE',  ( -50.39999999999999147, 2.000000000000000000, 61.50000000000011369 ) ) ;
#2960 = ORIENTED_EDGE ( 'NONE', *, *, #477, .F. ) ;
#2961 = ORIENTED_EDGE ( 'NONE', *, *, #3147, .T. ) ;
#2962 = VECTOR ( 'NONE', #2320, 1000.000000000000000 ) ;
#2963 = EDGE_LOOP ( 'NONE', ( #336, #2073, #1500, #2495 ) ) ;
#2964 =( NAMED_UNIT ( * ) SI_UNIT ( $, .STERADIAN. ) SOLID_ANGLE_UNIT ( ) );
#2965 = VECTOR ( 'NONE', #2845, 1000.000000000000000 ) ;
#2966 = LINE ( 'NONE', #2527, #2754 ) ;
#2967 = ORIENTED_EDGE ( 'NONE', *, *, #1911, .F. ) ;
#2968 = AXIS2_PLACEMENT_3D ( 'NONE', #1593, #122, #383 ) ;
#2969 = CARTESIAN_POINT ( 'NONE',  ( -63.00000000000011369, -2.000000000000000000, -50.39999999999998437 ) ) ;
#2970 = EDGE_CURVE ( 'NONE', #1391, #3090, #328, .T. ) ;
#2971 = ORIENTED_EDGE ( 'NONE', *, *, #897, .T. ) ;
#2972 = CIRCLE ( 'NONE', #2713, 1.499999999999997780 ) ;
#2973 = ORIENTED_EDGE ( 'NONE', *, *, #770, .F. ) ;
#2974 = AXIS2_PLACEMENT_3D ( 'NONE', #2265, #1752, #2729 ) ;
#2975 = EDGE_CURVE ( 'NONE', #2616, #2297, #1993, .T. ) ;
#2976 = VECTOR ( 'NONE', #485, 1000.000000000000000 ) ;
#2977 = VERTEX_POINT ( 'NONE', #2362 ) ;
#2978 = EDGE_CURVE ( 'NONE', #2167, #874, #435, .T. ) ;
#2979 = CARTESIAN_POINT ( 'NONE',  ( -62.99999999999976552, 2.000000000000000000, 50.40000000000001279 ) ) ;
#2980 = LINE ( 'NONE', #773, #2081 ) ;
#2981 = VERTEX_POINT ( 'NONE', #404 ) ;
#2982 = CARTESIAN_POINT ( 'NONE',  ( -70.00000000000000000, 2.000000000000000000, -70.00000000000000000 ) ) ;
#2983 = FACE_BOUND ( 'NONE', #2452, .T. ) ;
#2984 = DIRECTION ( 'NONE',  ( -0.000000000000000000, -1.000000000000000000, -0.000000000000000000 ) ) ;
#2985 = EDGE_LOOP ( 'NONE', ( #2947, #953 ) ) ;
#2986 = CARTESIAN_POINT ( 'NONE',  ( -25.19999999999999929, 2.000000000000000000, -62.99999999999992895 ) ) ;
#2987 = DIRECTION ( 'NONE',  ( 0.000000000000000000, 1.000000000000000000, 0.000000000000000000 ) ) ;
#2988 = DIRECTION ( 'NONE',  ( 0.000000000000000000, -1.000000000000000000, 0.000000000000000000 ) ) ;
#2989 = EDGE_CURVE ( 'NONE', #2432, #354, #924, .T. ) ;
#2990 = EDGE_CURVE ( 'NONE', #1576, #2876, #872, .T. ) ;
#2991 = DIRECTION ( 'NONE',  ( 0.000000000000000000, 0.000000000000000000, 1.000000000000000000 ) ) ;
#2992 = LINE ( 'NONE', #804, #165 ) ;
#2993 = ORIENTED_EDGE ( 'NONE', *, *, #3021, .F. ) ;
#2994 = EDGE_CURVE ( 'NONE', #942, #79, #1578, .T. ) ;
#2995 = CARTESIAN_POINT ( 'NONE',  ( 1.587936851836576309E-16, 2.000000000000000000, -61.50000000000011369 ) ) ;
#2996 = ORIENTED_EDGE ( 'NONE', *, *, #2736, .T. ) ;
#2997 = CARTESIAN_POINT ( 'NONE',  ( -64.99999999999631939, -2.000000000000000000, -65.00000000000007105 ) ) ;
#2998 = LINE ( 'NONE', #2759, #1821 ) ;
#2999 = CIRCLE ( 'NONE', #2747, 1.500000000000001332 ) ;
#3000 = VERTEX_POINT ( 'NONE', #2315 ) ;
#3001 = VECTOR ( 'NONE', #1089, 1000.000000000000000 ) ;
#3002 = CARTESIAN_POINT ( 'NONE',  ( 65.00000000000376588, -2.000000000000000000, -64.99999999999637623 ) ) ;
#3003 = AXIS2_PLACEMENT_3D ( 'NONE', #2772, #1568, #2098 ) ;
#3004 = EDGE_LOOP ( 'NONE', ( #1909, #1251, #2846, #1218 ) ) ;
#3005 = DIRECTION ( 'NONE',  ( 0.000000000000000000, 0.000000000000000000, -1.000000000000000000 ) ) ;
#3006 = LINE ( 'NONE', #1796, #524 ) ;
#3007 = DIRECTION ( 'NONE',  ( 0.000000000000000000, 1.000000000000000000, 0.000000000000000000 ) ) ;
#3008 = AXIS2_PLACEMENT_3D ( 'NONE', #290, #26, #1264 ) ;
#3009 = EDGE_CURVE ( 'NONE', #513, #547, #129, .T. ) ;
#3010 = AXIS2_PLACEMENT_3D ( 'NONE', #416, #2832, #1156 ) ;
#3011 = CARTESIAN_POINT ( 'NONE',  ( -51.90000000000000568, 2.000000000000000000, -51.90000000000000568 ) ) ;
#3012 = CARTESIAN_POINT ( 'NONE',  ( -63.00000000000011369, 2.000000000000000000, -50.39999999999998437 ) ) ;
#3013 = VECTOR ( 'NONE', #2142, 1000.000000000000000 ) ;
#3014 = LINE ( 'NONE', #2550, #1437 ) ;
#3015 = CIRCLE ( 'NONE', #1789, 4.999999999999997335 ) ;
#3016 = CARTESIAN_POINT ( 'NONE',  ( -64.99999999999631939, 1.000000000000000000, -62.34999999999807585 ) ) ;
#3017 = VERTEX_POINT ( 'NONE', #2807 ) ;
#3018 = ORIENTED_EDGE ( 'NONE', *, *, #1173, .T. ) ;
#3019 = DIRECTION ( 'NONE',  ( 0.000000000000000000, 0.000000000000000000, -1.000000000000000000 ) ) ;
#3020 = ORIENTED_EDGE ( 'NONE', *, *, #2608, .F. ) ;
#3021 = EDGE_CURVE ( 'NONE', #813, #3133, #784, .T. ) ;
#3022 = CARTESIAN_POINT ( 'NONE',  ( -50.39999999999999147, 2.000000000000000000, 64.50000000000011369 ) ) ;
#3023 = CARTESIAN_POINT ( 'NONE',  ( 65.00000000000376588, 1.000000000000000000, -64.99999999999637623 ) ) ;
#3024 = EDGE_CURVE ( 'NONE', #409, #1162, #2900, .T. ) ;
#3025 = FACE_BOUND ( 'NONE', #983, .T. ) ;
#3026 = UNCERTAINTY_MEASURE_WITH_UNIT (LENGTH_MEASURE( 1.000000000000000082E-05 ), #1271, 'distance_accuracy_value', 'NONE');
#3027 = ADVANCED_FACE ( 'NONE', ( #1149 ), #2118, .F. ) ;
#3028 = DIRECTION ( 'NONE',  ( 1.000000000000000000, 0.000000000000000000, -0.000000000000000000 ) ) ;
#3029 = CARTESIAN_POINT ( 'NONE',  ( 17.50000000000376232, -2.000000000000000000, -66.99999999999906208 ) ) ;
#3030 = CARTESIAN_POINT ( 'NONE',  ( -69.99999999999998579, -2.000000000000000000, 70.00000000000000000 ) ) ;
#3031 = EDGE_CURVE ( 'NONE', #2684, #727, #1900, .T. ) ;
#3032 = CARTESIAN_POINT ( 'NONE',  ( -46.90000000000001279, -1.000000000000000000, -46.90000000000001279 ) ) ;
#3033 = DIRECTION ( 'NONE',  ( 0.000000000000000000, 1.000000000000000000, 0.000000000000000000 ) ) ;
#3034 = DIRECTION ( 'NONE',  ( 0.000000000000000000, 1.000000000000000000, 0.000000000000000000 ) ) ;
#3035 = ORIENTED_EDGE ( 'NONE', *, *, #691, .F. ) ;
#3036 = DIRECTION ( 'NONE',  ( 0.000000000000000000, 1.000000000000000000, 0.000000000000000000 ) ) ;
#3037 = DIRECTION ( 'NONE',  ( 0.000000000000000000, 0.000000000000000000, 1.000000000000000000 ) ) ;
#3038 = ORIENTED_EDGE ( 'NONE', *, *, #447, .F. ) ;
#3039 = ORIENTED_EDGE ( 'NONE', *, *, #1849, .F. ) ;
#3040 = PLANE ( 'NONE',  #2706 ) ;
#3041 = CARTESIAN_POINT ( 'NONE',  ( -51.90000000000000568, 2.000000000000000000, -51.90000000000000568 ) ) ;
#3042 = ORIENTED_EDGE ( 'NONE', *, *, #241, .F. ) ;
#3043 = DIRECTION ( 'NONE',  ( -0.000000000000000000, -1.000000000000000000, -0.000000000000000000 ) ) ;
#3044 = VERTEX_POINT ( 'NONE', #191 ) ;
#3045 = CARTESIAN_POINT ( 'NONE',  ( 17.50000000000376232, 2.000000000000000000, -66.99999999999906208 ) ) ;
#3046 = CARTESIAN_POINT ( 'NONE',  ( 63.00000000000011369, -2.000000000000000000, 1.499999999999993561 ) ) ;
#3047 = CARTESIAN_POINT ( 'NONE',  ( 17.50000000000000000, 2.000000000000000000, 67.00000000000000000 ) ) ;
#3048 = ORIENTED_EDGE ( 'NONE', *, *, #381, .F. ) ;
#3049 = CARTESIAN_POINT ( 'NONE',  ( -25.19999999999999929, 2.000000000000000000, -61.49999999999992895 ) ) ;
#3050 = DIRECTION ( 'NONE',  ( 0.000000000000000000, 0.000000000000000000, -1.000000000000000000 ) ) ;
#3051 = CARTESIAN_POINT ( 'NONE',  ( 67.00000000000001421, 2.000000000000000000, -20.49999999999764455 ) ) ;
#3052 = EDGE_CURVE ( 'NONE', #401, #1704, #422, .T. ) ;
#3053 = EDGE_LOOP ( 'NONE', ( #261, #1229 ) ) ;
#3054 = AXIS2_PLACEMENT_3D ( 'NONE', #2074, #1124, #572 ) ;
#3055 = VERTEX_POINT ( 'NONE', #2133 ) ;
#3056 = ORIENTED_EDGE ( 'NONE', *, *, #1085, .F. ) ;
#3057 = CARTESIAN_POINT ( 'NONE',  ( 62.99999999999992895, -2.000000000000000000, -23.70000000000000639 ) ) ;
#3058 = VECTOR ( 'NONE', #2821, 1000.000000000000000 ) ;
#3059 = CARTESIAN_POINT ( 'NONE',  ( -64.99999999999631939, 1.000000000000000000, -65.00000000000007105 ) ) ;
#3060 = CARTESIAN_POINT ( 'NONE',  ( -70.00000000000000000, -2.000000000000000000, -70.00000000000000000 ) ) ;
#3061 = VECTOR ( 'NONE', #2710, 1000.000000000000000 ) ;
#3062 = FACE_OUTER_BOUND ( 'NONE', #1618, .T. ) ;
#3063 = VECTOR ( 'NONE', #2216, 1000.000000000000000 ) ;
#3064 = ORIENTED_EDGE ( 'NONE', *, *, #2344, .T. ) ;
#3065 = DIRECTION ( 'NONE',  ( 2.312964634635740689E-15, 0.000000000000000000, 1.000000000000000000 ) ) ;
#3066 = CIRCLE ( 'NONE', #2194, 1.500000000000004885 ) ;
#3067 = AXIS2_PLACEMENT_3D ( 'NONE', #2424, #253, #38 ) ;
#3068 = DIRECTION ( 'NONE',  ( -0.000000000000000000, -1.000000000000000000, -0.000000000000000000 ) ) ;
#3069 = EDGE_CURVE ( 'NONE', #3080, #759, #1592, .T. ) ;
#3070 = CARTESIAN_POINT ( 'NONE',  ( -69.99999999999998579, 2.000000000000000000, 20.49999999999857536 ) ) ;
#3071 = EDGE_LOOP ( 'NONE', ( #765, #1951, #2941, #1580 ) ) ;
#3072 = CIRCLE ( 'NONE', #1689, 1.499999999999997335 ) ;
#3073 = DIRECTION ( 'NONE',  ( 0.000000000000000000, 0.000000000000000000, -1.000000000000000000 ) ) ;
#3074 = ADVANCED_FACE ( 'NONE', ( #210 ), #3150, .F. ) ;
#3075 = LINE ( 'NONE', #1845, #1073 ) ;
#3076 = CARTESIAN_POINT ( 'NONE',  ( 25.19999999999999929, 2.000000000000000000, -61.50000000000011369 ) ) ;
#3077 = AXIS2_PLACEMENT_3D ( 'NONE', #1187, #1395, #183 ) ;
#3078 = DIRECTION ( 'NONE',  ( 0.000000000000000000, 0.000000000000000000, 1.000000000000000000 ) ) ;
#3079 = EDGE_LOOP ( 'NONE', ( #1547, #2930, #3042, #1791, #2721, #1683, #36, #1245 ) ) ;
#3080 = VERTEX_POINT ( 'NONE', #1177 ) ;
#3081 = DIRECTION ( 'NONE',  ( 0.000000000000000000, 0.000000000000000000, -1.000000000000000000 ) ) ;
#3082 = DIRECTION ( 'NONE',  ( 0.000000000000000000, 0.000000000000000000, -1.000000000000000000 ) ) ;
#3083 = DIRECTION ( 'NONE',  ( 0.000000000000000000, 1.000000000000000000, 0.000000000000000000 ) ) ;
#3084 = ORIENTED_EDGE ( 'NONE', *, *, #1369, .T. ) ;
#3085 = ORIENTED_EDGE ( 'NONE', *, *, #2460, .F. ) ;
#3086 = ORIENTED_EDGE ( 'NONE', *, *, #2254, .F. ) ;
#3087 = CARTESIAN_POINT ( 'NONE',  ( 65.00000000000001421, 2.000000000000000000, 70.00000000000000000 ) ) ;
#3088 = DIRECTION ( 'NONE',  ( 0.000000000000000000, 0.000000000000000000, -1.000000000000000000 ) ) ;
#3089 = CARTESIAN_POINT ( 'NONE',  ( 52.90000000000000568, -1.000000000000000000, -7.072591281631839029E-15 ) ) ;
#3090 = VERTEX_POINT ( 'NONE', #2101 ) ;
#3091 = EDGE_CURVE ( 'NONE', #1223, #2876, #1855, .T. ) ;
#3092 = ORIENTED_EDGE ( 'NONE', *, *, #1552, .F. ) ;
#3093 = LINE ( 'NONE', #2350, #205 ) ;
#3094 = DIRECTION ( 'NONE',  ( 0.000000000000000000, 0.000000000000000000, 1.000000000000000000 ) ) ;
#3095 = ORIENTED_EDGE ( 'NONE', *, *, #895, .F. ) ;
#3096 = DIRECTION ( 'NONE',  ( 0.000000000000000000, 0.000000000000000000, -1.000000000000000000 ) ) ;
#3097 = EDGE_LOOP ( 'NONE', ( #388, #3127 ) ) ;
#3098 = LINE ( 'NONE', #3087, #1989 ) ;
#3099 = FACE_OUTER_BOUND ( 'NONE', #935, .T. ) ;
#3100 = ORIENTED_EDGE ( 'NONE', *, *, #1777, .T. ) ;
#3101 = CARTESIAN_POINT ( 'NONE',  ( 50.39999999999999858, 2.000000000000000000, -63.00000000000011369 ) ) ;
#3102 = DIRECTION ( 'NONE',  ( 0.000000000000000000, 0.000000000000000000, -1.000000000000000000 ) ) ;
#3103 = ORIENTED_EDGE ( 'NONE', *, *, #2693, .F. ) ;
#3104 = MECHANICAL_DESIGN_GEOMETRIC_PRESENTATION_REPRESENTATION (  '', ( #2231 ), #1262 ) ;
#3105 = DIRECTION ( 'NONE',  ( 0.000000000000000000, -1.000000000000000000, 0.000000000000000000 ) ) ;
#3106 = ORIENTED_EDGE ( 'NONE', *, *, #994, .T. ) ;
#3107 = CIRCLE ( 'NONE', #2951, 1.500000000000001332 ) ;
#3108 = DIRECTION ( 'NONE',  ( 0.000000000000000000, 0.000000000000000000, -1.000000000000000000 ) ) ;
#3109 = CARTESIAN_POINT ( 'NONE',  ( -25.19999999999999218, 2.000000000000000000, 63.00000000000011369 ) ) ;
#3110 = CARTESIAN_POINT ( 'NONE',  ( 65.00000000000376588, 1.000000000000000000, -64.99999999999637623 ) ) ;
#3111 = AXIS2_PLACEMENT_3D ( 'NONE', #2834, #2114, #1594 ) ;
#3112 = ADVANCED_FACE ( 'NONE', ( #2406 ), #721, .F. ) ;
#3113 = ORIENTED_EDGE ( 'NONE', *, *, #275, .F. ) ;
#3114 = AXIS2_PLACEMENT_3D ( 'NONE', #1621, #1071, #3082 ) ;
#3115 = FACE_OUTER_BOUND ( 'NONE', #2788, .T. ) ;
#3116 = VERTEX_POINT ( 'NONE', #982 ) ;
#3117 = VECTOR ( 'NONE', #142, 1000.000000000000000 ) ;
#3118 = ORIENTED_EDGE ( 'NONE', *, *, #1627, .T. ) ;
#3119 = LINE ( 'NONE', #448, #854 ) ;
#3120 = CIRCLE ( 'NONE', #1881, 1.499999999999997780 ) ;
#3121 = CYLINDRICAL_SURFACE ( 'NONE', #2095, 3.000000000000002665 ) ;
#3122 = VERTEX_POINT ( 'NONE', #2949 ) ;
#3123 = VECTOR ( 'NONE', #2590, 1000.000000000000000 ) ;
#3124 = AXIS2_PLACEMENT_3D ( 'NONE', #670, #688, #2173 ) ;
#3125 = CARTESIAN_POINT ( 'NONE',  ( -70.00000000000000000, -2.000000000000000000, -70.00000000000000000 ) ) ;
#3126 = EDGE_CURVE ( 'NONE', #629, #1317, #2884, .T. ) ;
#3127 = ORIENTED_EDGE ( 'NONE', *, *, #247, .F. ) ;
#3128 = FACE_BOUND ( 'NONE', #841, .T. ) ;
#3129 = ORIENTED_EDGE ( 'NONE', *, *, #755, .F. ) ;
#3130 = CARTESIAN_POINT ( 'NONE',  ( 63.00000000000011369, 2.000000000000000000, 51.89999999999998437 ) ) ;
#3131 = EDGE_CURVE ( 'NONE', #1112, #281, #1560, .T. ) ;
#3132 = DIRECTION ( 'NONE',  ( 0.000000000000000000, 0.000000000000000000, 1.000000000000000000 ) ) ;
#3133 = VERTEX_POINT ( 'NONE', #2689 ) ;
#3134 = EDGE_CURVE ( 'NONE', #281, #1246, #246, .T. ) ;
#3135 = DIRECTION ( 'NONE',  ( 0.000000000000000000, 0.000000000000000000, -1.000000000000000000 ) ) ;
#3136 = EDGE_LOOP ( 'NONE', ( #2153, #564, #1975, #1661 ) ) ;
#3137 = CARTESIAN_POINT ( 'NONE',  ( 51.90000000000000568, -1.000000000000000000, 46.89999999999996305 ) ) ;
#3138 = DIRECTION ( 'NONE',  ( 0.000000000000000000, 0.000000000000000000, -1.000000000000000000 ) ) ;
#3139 = DIRECTION ( 'NONE',  ( 0.000000000000000000, -1.000000000000000000, 0.000000000000000000 ) ) ;
#3140 = EDGE_LOOP ( 'NONE', ( #1753, #1720 ) ) ;
#3141 = CARTESIAN_POINT ( 'NONE',  ( -70.00000000000000000, 2.000000000000000000, -65.00000000000000000 ) ) ;
#3142 = VERTEX_POINT ( 'NONE', #262 ) ;
#3143 = CARTESIAN_POINT ( 'NONE',  ( -65.00000000000000000, 1.000000000000000000, 67.65000000000003411 ) ) ;
#3144 = DIRECTION ( 'NONE',  ( -0.000000000000000000, -1.000000000000000000, -0.000000000000000000 ) ) ;
#3145 = FACE_OUTER_BOUND ( 'NONE', #1587, .T. ) ;
#3146 = ORIENTED_EDGE ( 'NONE', *, *, #2360, .F. ) ;
#3147 = EDGE_CURVE ( 'NONE', #130, #902, #1518, .T. ) ;
#3148 = ORIENTED_EDGE ( 'NONE', *, *, #2888, .F. ) ;
#3149 = ADVANCED_FACE ( 'NONE', ( #2728 ), #1030, .F. ) ;
#3150 = CYLINDRICAL_SURFACE ( 'NONE', #1439, 1.500000000000001332 ) ;
#3151 = ORIENTED_EDGE ( 'NONE', *, *, #1902, .T. ) ;
#3152 = ADVANCED_FACE ( 'NONE', ( #1278 ), #2178, .F. ) ;
#3153 = DIRECTION ( 'NONE',  ( 0.000000000000000000, 1.000000000000000000, 0.000000000000000000 ) ) ;
#3154 = CARTESIAN_POINT ( 'NONE',  ( 62.99999999999992895, 2.000000000000000000, -23.70000000000000639 ) ) ;
#3155 = EDGE_LOOP ( 'NONE', ( #2150, #1498, #2839, #217 ) ) ;
#3156 = DIRECTION ( 'NONE',  ( -0.000000000000000000, -1.000000000000000000, -0.000000000000000000 ) ) ;
#3157 = ORIENTED_EDGE ( 'NONE', *, *, #2002, .T. ) ;
#3158 = VERTEX_POINT ( 'NONE', #795 ) ;
#3159 = CARTESIAN_POINT ( 'NONE',  ( -50.39999999999999858, 2.000000000000000000, -62.99999999999976552 ) ) ;
#3160 = AXIS2_PLACEMENT_3D ( 'NONE', #2780, #1607, #2579 ) ;
#3161 = VERTEX_POINT ( 'NONE', #1933 ) ;
#3162 = VECTOR ( 'NONE', #722, 1000.000000000000000 ) ;
#3163 = ADVANCED_FACE ( 'NONE', ( #2796 ), #2816, .F. ) ;
#3164 = CARTESIAN_POINT ( 'NONE',  ( -25.19999999999999218, 2.000000000000000000, 63.00000000000011369 ) ) ;
#3165 = AXIS2_PLACEMENT_3D ( 'NONE', #717, #16, #481 ) ;
#3166 = ORIENTED_EDGE ( 'NONE', *, *, #378, .F. ) ;
ENDSEC;
END-ISO-10303-21;
