ISO-10303-21;
HEADER;
FILE_DESCRIPTION (( 'STEP AP214' ),
    '1' );
FILE_NAME ('∏÷Õ¯º– PCBÕ–≈Ã .STEP',
    '2025-07-20T16:00:20',
    ( '' ),
    ( '' ),
    'SwSTEP 2.0',
    'SolidWorks 2020',
    '' );
FILE_SCHEMA (( 'AUTOMOTIVE_DESIGN' ));
ENDSEC;

DATA;
#1 = ORIENTED_EDGE ( 'NONE', *, *, #181, .T. ) ;
#2 = EDGE_LOOP ( 'NONE', ( #1776, #547, #537, #2230 ) ) ;
#3 = ORIENTED_EDGE ( 'NONE', *, *, #2336, .T. ) ;
#4 = VECTOR ( 'NONE', #1643, 1000.000000000000000 ) ;
#5 = AXIS2_PLACEMENT_3D ( 'NONE', #692, #1852, #2202 ) ;
#6 = CIRCLE ( 'NONE', #2264, 0.7500000000000006661 ) ;
#7 = EDGE_CURVE ( 'NONE', #1115, #1986, #1922, .T. ) ;
#8 = DIRECTION ( 'NONE',  ( 1.000000000000000000, 0.000000000000000000, 0.000000000000000000 ) ) ;
#9 = AXIS2_PLACEMENT_3D ( 'NONE', #1719, #994, #2225 ) ;
#10 = DIRECTION ( 'NONE',  ( -1.000000000000000000, 0.000000000000000000, 0.000000000000000000 ) ) ;
#11 = CARTESIAN_POINT ( 'NONE',  ( 37.14999999999999858, 3.250000000000000444, 47.14999999999999147 ) ) ;
#12 = AXIS2_PLACEMENT_3D ( 'NONE', #2078, #1173, #1884 ) ;
#13 = DIRECTION ( 'NONE',  ( 0.000000000000000000, 0.000000000000000000, -1.000000000000000000 ) ) ;
#14 = EDGE_CURVE ( 'NONE', #1646, #1186, #854, .T. ) ;
#15 = CARTESIAN_POINT ( 'NONE',  ( -37.15000000000001279, 3.250000000000000444, -47.15000000000000568 ) ) ;
#16 = DIRECTION ( 'NONE',  ( -1.000000000000000000, 0.000000000000000000, 0.000000000000000000 ) ) ;
#17 = ORIENTED_EDGE ( 'NONE', *, *, #2299, .F. ) ;
#18 = ORIENTED_EDGE ( 'NONE', *, *, #170, .T. ) ;
#19 = ORIENTED_EDGE ( 'NONE', *, *, #377, .F. ) ;
#20 = DIRECTION ( 'NONE',  ( -0.000000000000000000, 1.000000000000000000, -0.000000000000000000 ) ) ;
#21 = LINE ( 'NONE', #1991, #2226 ) ;
#22 = CARTESIAN_POINT ( 'NONE',  ( 40.14999999999998437, 2.400000000000000355, -47.15000000000000568 ) ) ;
#23 = FACE_BOUND ( 'NONE', #605, .T. ) ;
#24 = CARTESIAN_POINT ( 'NONE',  ( 47.44999999999998863, 4.000000000000000000, -47.45000000000000284 ) ) ;
#25 = LINE ( 'NONE', #729, #559 ) ;
#26 = EDGE_CURVE ( 'NONE', #647, #803, #1669, .T. ) ;
#27 = PRODUCT_DEFINITION_CONTEXT ( 'detailed design', #913, 'design' ) ;
#28 = EDGE_LOOP ( 'NONE', ( #275, #133, #1329, #1180 ) ) ;
#29 = VERTEX_POINT ( 'NONE', #1820 ) ;
#30 = ORIENTED_EDGE ( 'NONE', *, *, #1354, .T. ) ;
#31 = CIRCLE ( 'NONE', #1359, 2.650000000001901057 ) ;
#32 = ORIENTED_EDGE ( 'NONE', *, *, #1861, .F. ) ;
#33 =( NAMED_UNIT ( * ) PLANE_ANGLE_UNIT ( ) SI_UNIT ( $, .RADIAN. ) );
#34 = CIRCLE ( 'NONE', #324, 0.7500000000000006661 ) ;
#35 = AXIS2_PLACEMENT_3D ( 'NONE', #1302, #1993, #2160 ) ;
#36 = DIRECTION ( 'NONE',  ( 0.000000000000000000, -1.000000000000000000, 0.000000000000000000 ) ) ;
#37 = CARTESIAN_POINT ( 'NONE',  ( 58.00000000000001421, -3.500000000000000000, 58.00000000000338929 ) ) ;
#38 = AXIS2_PLACEMENT_3D ( 'NONE', #74, #1336, #1871 ) ;
#39 = CARTESIAN_POINT ( 'NONE',  ( -37.14999999999999858, 2.400000000000000355, 50.14999999999999147 ) ) ;
#40 = CYLINDRICAL_SURFACE ( 'NONE', #1706, 4.500000000000003553 ) ;
#41 = AXIS2_PLACEMENT_3D ( 'NONE', #1188, #1700, #237 ) ;
#42 = DIRECTION ( 'NONE',  ( -1.471663606342996571E-16, 0.000000000000000000, -1.000000000000000000 ) ) ;
#43 = DIRECTION ( 'NONE',  ( 0.000000000000000000, 0.000000000000000000, -1.000000000000000000 ) ) ;
#44 = ORIENTED_EDGE ( 'NONE', *, *, #1086, .F. ) ;
#45 = EDGE_CURVE ( 'NONE', #1207, #584, #1847, .T. ) ;
#46 = VECTOR ( 'NONE', #1247, 1000.000000000000000 ) ;
#47 = CARTESIAN_POINT ( 'NONE',  ( 64.99999999999994316, 0.000000000000000000, 64.99999999999998579 ) ) ;
#48 = FACE_OUTER_BOUND ( 'NONE', #1230, .T. ) ;
#49 = CARTESIAN_POINT ( 'NONE',  ( -57.99999999999668177, -4.000000000000000000, -58.00000000000009237 ) ) ;
#50 = CIRCLE ( 'NONE', #612, 4.999999999999997335 ) ;
#51 = DIRECTION ( 'NONE',  ( 0.000000000000000000, 1.000000000000000000, 0.000000000000000000 ) ) ;
#52 = DIRECTION ( 'NONE',  ( -1.000000000000000000, 0.000000000000000000, 0.000000000000000000 ) ) ;
#53 = ORIENTED_EDGE ( 'NONE', *, *, #281, .T. ) ;
#54 = EDGE_CURVE ( 'NONE', #1635, #1158, #951, .T. ) ;
#55 = LINE ( 'NONE', #1827, #1670 ) ;
#56 = ORIENTED_EDGE ( 'NONE', *, *, #73, .T. ) ;
#57 = EDGE_CURVE ( 'NONE', #656, #1829, #728, .T. ) ;
#58 = APPLICATION_CONTEXT ( 'automotive_design' ) ;
#59 = LINE ( 'NONE', #825, #2136 ) ;
#60 = CARTESIAN_POINT ( 'NONE',  ( -15.89202710465949586, 3.664005793351960971, 50.27151080028932029 ) ) ;
#61 = CARTESIAN_POINT ( 'NONE',  ( 16.30833714536890611, 3.869059176130374755, 50.46839015633053549 ) ) ;
#62 = FACE_OUTER_BOUND ( 'NONE', #1675, .T. ) ;
#63 = EDGE_LOOP ( 'NONE', ( #283, #1286, #2211, #158 ) ) ;
#64 = DIRECTION ( 'NONE',  ( 0.000000000000000000, -1.000000000000000000, 0.000000000000000000 ) ) ;
#65 = ORIENTED_EDGE ( 'NONE', *, *, #1430, .F. ) ;
#66 = ADVANCED_FACE ( 'NONE', ( #176 ), #1094, .T. ) ;
#67 = VECTOR ( 'NONE', #1802, 1000.000000000000000 ) ;
#68 = DIRECTION ( 'NONE',  ( -0.000000000000000000, -1.000000000000000000, -0.000000000000000000 ) ) ;
#69 = CARTESIAN_POINT ( 'NONE',  ( -15.65934138230198158, 3.352731912709129070, 50.14999999999999147 ) ) ;
#70 = VECTOR ( 'NONE', #838, 1000.000000000000000 ) ;
#71 = CARTESIAN_POINT ( 'NONE',  ( 17.43865933712507754, 4.000000000000001776, 50.85641932262743836 ) ) ;
#72 = AXIS2_PLACEMENT_3D ( 'NONE', #2133, #128, #1019 ) ;
#73 = EDGE_CURVE ( 'NONE', #494, #1134, #190, .T. ) ;
#74 = CARTESIAN_POINT ( 'NONE',  ( -65.00000000000005684, -4.000000000000000000, -65.00000000000001421 ) ) ;
#75 = VERTEX_POINT ( 'NONE', #543 ) ;
#76 = PLANE ( 'NONE',  #81 ) ;
#77 = ORIENTED_EDGE ( 'NONE', *, *, #1584, .F. ) ;
#78 = ORIENTED_EDGE ( 'NONE', *, *, #899, .F. ) ;
#79 = ADVANCED_FACE ( 'NONE', ( #2027 ), #1995, .T. ) ;
#80 = DIRECTION ( 'NONE',  ( -1.000000000000000000, 0.000000000000000000, 0.000000000000000000 ) ) ;
#81 = AXIS2_PLACEMENT_3D ( 'NONE', #787, #1318, #1662 ) ;
#82 = CYLINDRICAL_SURFACE ( 'NONE', #2055, 3.000000000000002665 ) ;
#83 = AXIS2_PLACEMENT_3D ( 'NONE', #593, #2039, #1326 ) ;
#84 = AXIS2_PLACEMENT_3D ( 'NONE', #2197, #402, #2186 ) ;
#85 = CARTESIAN_POINT ( 'NONE',  ( -65.00000000000005684, -4.000000000000000000, 64.99999999999998579 ) ) ;
#86 = AXIS2_PLACEMENT_3D ( 'NONE', #512, #1954, #503 ) ;
#87 = EDGE_CURVE ( 'NONE', #1166, #1160, #2187, .T. ) ;
#88 = VERTEX_POINT ( 'NONE', #905 ) ;
#89 = DIRECTION ( 'NONE',  ( 0.000000000000000000, 0.000000000000000000, -1.000000000000000000 ) ) ;
#90 = SURFACE_STYLE_FILL_AREA ( #617 ) ;
#91 = CARTESIAN_POINT ( 'NONE',  ( -15.70059673400803213, 3.449744174980522438, 50.17236677663088784 ) ) ;
#92 = CARTESIAN_POINT ( 'NONE',  ( 58.00000000000340350, -4.000000000000000000, -57.99999999999670308 ) ) ;
#93 = DIRECTION ( 'NONE',  ( 0.000000000000000000, 0.000000000000000000, 1.000000000000000000 ) ) ;
#94 = ORIENTED_EDGE ( 'NONE', *, *, #167, .T. ) ;
#95 = ADVANCED_FACE ( 'NONE', ( #2015 ), #1130, .T. ) ;
#96 = CARTESIAN_POINT ( 'NONE',  ( 69.99999999999995737, -4.000000000000000000, -64.99999999999998579 ) ) ;
#97 = ORIENTED_EDGE ( 'NONE', *, *, #1487, .T. ) ;
#98 = ADVANCED_FACE ( 'NONE', ( #1983 ), #1857, .T. ) ;
#99 = EDGE_LOOP ( 'NONE', ( #1907, #2167 ) ) ;
#100 = FACE_OUTER_BOUND ( 'NONE', #928, .T. ) ;
#101 = CIRCLE ( 'NONE', #407, 0.7500000000000006661 ) ;
#102 = FACE_OUTER_BOUND ( 'NONE', #1561, .T. ) ;
#103 = CARTESIAN_POINT ( 'NONE',  ( -37.15000000000001279, 4.000000000000000000, -50.90000000000000568 ) ) ;
#104 = CIRCLE ( 'NONE', #2109, 4.999999999999997335 ) ;
#105 = VERTEX_POINT ( 'NONE', #1081 ) ;
#106 = EDGE_CURVE ( 'NONE', #75, #790, #383, .T. ) ;
#107 = CARTESIAN_POINT ( 'NONE',  ( -58.00000000000006395, -3.500000000000000000, 58.00000000000000711 ) ) ;
#108 = DIRECTION ( 'NONE',  ( 0.000000000000000000, 0.000000000000000000, -1.000000000000000000 ) ) ;
#109 = EDGE_LOOP ( 'NONE', ( #1796, #1622 ) ) ;
#110 = ADVANCED_FACE ( 'NONE', ( #1281 ), #568, .T. ) ;
#111 = FACE_OUTER_BOUND ( 'NONE', #1844, .T. ) ;
#112 = DIRECTION ( 'NONE',  ( -0.000000000000000000, -1.000000000000000000, -0.000000000000000000 ) ) ;
#113 = PLANE ( 'NONE',  #2248 ) ;
#114 = AXIS2_PLACEMENT_3D ( 'NONE', #1445, #392, #352 ) ;
#115 = CIRCLE ( 'NONE', #1374, 5.000000000001766587 ) ;
#116 = ORIENTED_EDGE ( 'NONE', *, *, #1599, .F. ) ;
#117 = AXIS2_PLACEMENT_3D ( 'NONE', #1994, #189, #1080 ) ;
#118 = CYLINDRICAL_SURFACE ( 'NONE', #1778, 10.00000000000000000 ) ;
#119 = CIRCLE ( 'NONE', #2198, 5.000000000004660272 ) ;
#120 = VERTEX_POINT ( 'NONE', #531 ) ;
#121 = DIRECTION ( 'NONE',  ( 0.000000000000000000, 0.000000000000000000, -1.000000000000000000 ) ) ;
#122 = ORIENTED_EDGE ( 'NONE', *, *, #1702, .T. ) ;
#123 = VERTEX_POINT ( 'NONE', #2339 ) ;
#124 = VERTEX_POINT ( 'NONE', #948 ) ;
#125 = CARTESIAN_POINT ( 'NONE',  ( 40.14999999999999858, 2.400000000000000355, 47.14999999999999147 ) ) ;
#126 = ORIENTED_EDGE ( 'NONE', *, *, #640, .T. ) ;
#127 = DIRECTION ( 'NONE',  ( -1.471663606342996571E-16, 0.000000000000000000, -1.000000000000000000 ) ) ;
#128 = DIRECTION ( 'NONE',  ( -1.000000000000000000, 0.000000000000000000, 0.000000000000000000 ) ) ;
#129 = ORIENTED_EDGE ( 'NONE', *, *, #942, .T. ) ;
#130 = DIRECTION ( 'NONE',  ( 0.000000000000000000, 1.000000000000000000, -0.000000000000000000 ) ) ;
#131 = ORIENTED_EDGE ( 'NONE', *, *, #1204, .F. ) ;
#132 = FACE_OUTER_BOUND ( 'NONE', #370, .T. ) ;
#133 = ORIENTED_EDGE ( 'NONE', *, *, #318, .T. ) ;
#134 = CARTESIAN_POINT ( 'NONE',  ( -47.45000000000001705, 4.000000000000000000, -47.45000000000000284 ) ) ;
#135 = CARTESIAN_POINT ( 'NONE',  ( -15.00000000000000000, 2.400000000000000355, 47.95000000000000995 ) ) ;
#136 = LINE ( 'NONE', #1032, #2038 ) ;
#137 = EDGE_CURVE ( 'NONE', #1137, #1369, #1625, .T. ) ;
#138 = AXIS2_PLACEMENT_3D ( 'NONE', #1208, #399, #2252 ) ;
#139 = CARTESIAN_POINT ( 'NONE',  ( -51.95000000000000284, 4.000000000000000000, 47.45000000000000284 ) ) ;
#140 = DIRECTION ( 'NONE',  ( 0.000000000000000000, 0.000000000000000000, 1.000000000000000000 ) ) ;
#141 = VECTOR ( 'NONE', #322, 1000.000000000000000 ) ;
#142 = ORIENTED_EDGE ( 'NONE', *, *, #635, .F. ) ;
#143 = DIRECTION ( 'NONE',  ( -0.000000000000000000, 1.000000000000000000, -0.000000000000000000 ) ) ;
#144 = VERTEX_POINT ( 'NONE', #1658 ) ;
#145 = DIRECTION ( 'NONE',  ( -1.000000000000000000, 0.000000000000000000, 0.000000000000000000 ) ) ;
#146 = CARTESIAN_POINT ( 'NONE',  ( 64.99999999999994316, 0.000000000000000000, 69.99999999999998579 ) ) ;
#147 = ADVANCED_FACE ( 'NONE', ( #1268 ), #2154, .T. ) ;
#148 = DIRECTION ( 'NONE',  ( 0.000000000000000000, -0.000000000000000000, 1.000000000000000000 ) ) ;
#149 = EDGE_LOOP ( 'NONE', ( #1572, #1087, #1537, #573, #342, #272, #305, #56 ) ) ;
#150 = DIRECTION ( 'NONE',  ( 0.000000000000000000, 1.000000000000000000, 0.000000000000000000 ) ) ;
#151 = EDGE_CURVE ( 'NONE', #1663, #88, #2117, .T. ) ;
#152 = VECTOR ( 'NONE', #1136, 1000.000000000000000 ) ;
#153 = EDGE_LOOP ( 'NONE', ( #826, #1042, #449, #563 ) ) ;
#154 = DIRECTION ( 'NONE',  ( -0.000000000000000000, -1.000000000000000000, -0.000000000000000000 ) ) ;
#155 = ORIENTED_EDGE ( 'NONE', *, *, #1851, .F. ) ;
#156 = ORIENTED_EDGE ( 'NONE', *, *, #902, .F. ) ;
#157 = CIRCLE ( 'NONE', #720, 2.649999999999999467 ) ;
#158 = ORIENTED_EDGE ( 'NONE', *, *, #264, .F. ) ;
#159 = EDGE_LOOP ( 'NONE', ( #1687, #194, #2318, #1512 ) ) ;
#160 = CARTESIAN_POINT ( 'NONE',  ( 47.44999999999998863, 4.000000000000000000, -47.45000000000000284 ) ) ;
#161 = EDGE_CURVE ( 'NONE', #584, #1235, #607, .T. ) ;
#162 = CARTESIAN_POINT ( 'NONE',  ( -64.99999999999640465, -3.000000000000000000, 67.65000000000195257 ) ) ;
#163 = FACE_OUTER_BOUND ( 'NONE', #807, .T. ) ;
#164 = LINE ( 'NONE', #265, #269 ) ;
#165 = ORIENTED_EDGE ( 'NONE', *, *, #1902, .F. ) ;
#166 = DIRECTION ( 'NONE',  ( -0.000000000000000000, -1.000000000000000000, -0.000000000000000000 ) ) ;
#167 = EDGE_CURVE ( 'NONE', #2151, #1510, #1925, .T. ) ;
#168 = DIRECTION ( 'NONE',  ( 0.000000000000000000, 0.000000000000000000, 1.000000000000000000 ) ) ;
#169 = VERTEX_POINT ( 'NONE', #887 ) ;
#170 = EDGE_CURVE ( 'NONE', #2153, #500, #21, .T. ) ;
#171 = ORIENTED_EDGE ( 'NONE', *, *, #298, .T. ) ;
#172 = CARTESIAN_POINT ( 'NONE',  ( 37.14999999999999858, 4.000000000000000000, 47.14999999999999147 ) ) ;
#173 = DIRECTION ( 'NONE',  ( 1.000000000000000000, -0.000000000000000000, 0.000000000000000000 ) ) ;
#174 = CARTESIAN_POINT ( 'NONE',  ( -47.45000000000000284, 3.250000000000000444, -51.20000000000000995 ) ) ;
#175 = CARTESIAN_POINT ( 'NONE',  ( -47.45000000000000284, 4.000000000000000000, 51.95000000000000995 ) ) ;
#176 = FACE_OUTER_BOUND ( 'NONE', #1787, .T. ) ;
#177 = CARTESIAN_POINT ( 'NONE',  ( 40.14999999999999858, 3.250000000000000444, 47.14999999999999147 ) ) ;
#178 = CIRCLE ( 'NONE', #516, 3.250000000000002665 ) ;
#179 = ORIENTED_EDGE ( 'NONE', *, *, #992, .T. ) ;
#180 = EDGE_LOOP ( 'NONE', ( #1998, #761, #2165, #1567 ) ) ;
#181 = EDGE_CURVE ( 'NONE', #1997, #748, #1222, .T. ) ;
#182 = CIRCLE ( 'NONE', #479, 5.000000000004660272 ) ;
#183 = ORIENTED_EDGE ( 'NONE', *, *, #781, .F. ) ;
#184 = VECTOR ( 'NONE', #1264, 1000.000000000000000 ) ;
#185 = EDGE_CURVE ( 'NONE', #1737, #345, #348, .T. ) ;
#186 = CARTESIAN_POINT ( 'NONE',  ( -57.99999999999668177, -4.000000000000000000, -63.00000000000186162 ) ) ;
#187 = DIRECTION ( 'NONE',  ( -0.000000000000000000, 0.000000000000000000, -1.000000000000000000 ) ) ;
#188 = CARTESIAN_POINT ( 'NONE',  ( 51.94999999999998863, 0.000000000000000000, -47.45000000000000284 ) ) ;
#189 = DIRECTION ( 'NONE',  ( 0.000000000000000000, 1.000000000000000000, 0.000000000000000000 ) ) ;
#190 = LINE ( 'NONE', #204, #1736 ) ;
#191 = CARTESIAN_POINT ( 'NONE',  ( 65.00000000000368061, -3.000000000000000000, 64.99999999999639044 ) ) ;
#192 = ORIENTED_EDGE ( 'NONE', *, *, #2101, .T. ) ;
#193 = VERTEX_POINT ( 'NONE', #2132 ) ;
#194 = ORIENTED_EDGE ( 'NONE', *, *, #1071, .T. ) ;
#195 = AXIS2_PLACEMENT_3D ( 'NONE', #2010, #388, #1626 ) ;
#196 = AXIS2_PLACEMENT_3D ( 'NONE', #2295, #1587, #1062 ) ;
#197 = EDGE_LOOP ( 'NONE', ( #978, #401 ) ) ;
#198 = AXIS2_PLACEMENT_3D ( 'NONE', #1914, #1023, #282 ) ;
#199 = DIRECTION ( 'NONE',  ( 0.000000000000000000, 0.000000000000000000, 1.000000000000000000 ) ) ;
#200 = CARTESIAN_POINT ( 'NONE',  ( -58.00000000000006395, -4.000000000000000000, 58.00000000000000711 ) ) ;
#201 = ADVANCED_FACE ( 'NONE', ( #1428 ), #1078, .T. ) ;
#202 = DIRECTION ( 'NONE',  ( 0.000000000000000000, 0.000000000000000000, -1.000000000000000000 ) ) ;
#203 = DIRECTION ( 'NONE',  ( 0.000000000000000000, 1.000000000000000000, 0.000000000000000000 ) ) ;
#204 = CARTESIAN_POINT ( 'NONE',  ( 64.99999999999994316, -4.000000000000000000, -70.00000000000000000 ) ) ;
#205 = DIRECTION ( 'NONE',  ( -0.000000000000000000, -1.000000000000000000, -0.000000000000000000 ) ) ;
#206 = ORIENTED_EDGE ( 'NONE', *, *, #1562, .F. ) ;
#207 = ORIENTED_EDGE ( 'NONE', *, *, #2026, .T. ) ;
#208 = EDGE_LOOP ( 'NONE', ( #2076, #1728, #1834, #926, #179, #2258 ) ) ;
#209 = CARTESIAN_POINT ( 'NONE',  ( -37.14999999999999858, 2.400000000000000355, 50.14999999999999147 ) ) ;
#210 = ORIENTED_EDGE ( 'NONE', *, *, #2238, .F. ) ;
#211 = ORIENTED_EDGE ( 'NONE', *, *, #389, .T. ) ;
#212 = FACE_OUTER_BOUND ( 'NONE', #625, .T. ) ;
#213 = CARTESIAN_POINT ( 'NONE',  ( 64.99999999999994316, 0.000000000000000000, 69.99999999999998579 ) ) ;
#214 = LINE ( 'NONE', #1493, #561 ) ;
#215 = CARTESIAN_POINT ( 'NONE',  ( -57.99999999999668177, -4.000000000000000000, -52.99999999999833022 ) ) ;
#216 = DIRECTION ( 'NONE',  ( 0.000000000000000000, 1.000000000000000000, 0.000000000000000000 ) ) ;
#217 = CARTESIAN_POINT ( 'NONE',  ( 47.45000000000000284, 4.000000000000000000, 47.45000000000000284 ) ) ;
#218 = EDGE_CURVE ( 'NONE', #2137, #124, #1651, .T. ) ;
#219 = ORIENTED_EDGE ( 'NONE', *, *, #1154, .T. ) ;
#220 = VECTOR ( 'NONE', #1976, 1000.000000000000000 ) ;
#221 = VECTOR ( 'NONE', #2028, 1000.000000000000000 ) ;
#222 = EDGE_LOOP ( 'NONE', ( #865, #1508, #116, #3 ) ) ;
#223 = VECTOR ( 'NONE', #1581, 1000.000000000000000 ) ;
#224 = DIRECTION ( 'NONE',  ( 0.000000000000000000, -1.000000000000000000, 0.000000000000000000 ) ) ;
#225 = DIRECTION ( 'NONE',  ( 0.000000000000000000, 0.000000000000000000, 1.000000000000000000 ) ) ;
#226 = CARTESIAN_POINT ( 'NONE',  ( 58.00000000000340350, -3.500000000000000000, -52.99999999999204192 ) ) ;
#227 = ADVANCED_FACE ( 'NONE', ( #372 ), #735, .T. ) ;
#228 = DIRECTION ( 'NONE',  ( 0.000000000000000000, 0.000000000000000000, 1.000000000000000000 ) ) ;
#229 = DIRECTION ( 'NONE',  ( -0.000000000000000000, 1.000000000000000000, -0.000000000000000000 ) ) ;
#230 = VERTEX_POINT ( 'NONE', #1440 ) ;
#231 = ORIENTED_EDGE ( 'NONE', *, *, #54, .T. ) ;
#232 = EDGE_CURVE ( 'NONE', #764, #985, #1103, .T. ) ;
#233 = SURFACE_STYLE_FILL_AREA ( #1649 ) ;
#234 = CIRCLE ( 'NONE', #1027, 3.750000000000003553 ) ;
#235 = PLANE ( 'NONE',  #740 ) ;
#236 = AXIS2_PLACEMENT_3D ( 'NONE', #1551, #650, #1883 ) ;
#237 = DIRECTION ( 'NONE',  ( 0.000000000000000000, 0.000000000000000000, 1.000000000000000000 ) ) ;
#238 = ADVANCED_FACE ( 'NONE', ( #360 ), #2183, .F. ) ;
#239 = DIRECTION ( 'NONE',  ( 0.000000000000000000, 0.000000000000000000, -1.000000000000000000 ) ) ;
#240 = AXIS2_PLACEMENT_3D ( 'NONE', #1349, #1694, #1869 ) ;
#241 = CARTESIAN_POINT ( 'NONE',  ( -58.00000000000006395, -3.500000000000000000, 63.00000000000000000 ) ) ;
#242 = VERTEX_POINT ( 'NONE', #754 ) ;
#243 = EDGE_LOOP ( 'NONE', ( #219, #2251, #1717, #2164 ) ) ;
#244 = CARTESIAN_POINT ( 'NONE',  ( 47.44999999999998863, 3.250000000000000444, -51.95000000000000995 ) ) ;
#245 = EDGE_CURVE ( 'NONE', #604, #2166, #596, .T. ) ;
#246 = EDGE_CURVE ( 'NONE', #319, #2151, #513, .T. ) ;
#247 = DIRECTION ( 'NONE',  ( -0.000000000000000000, 1.000000000000000000, -0.000000000000000000 ) ) ;
#248 = DIRECTION ( 'NONE',  ( 0.000000000000000000, -1.000000000000000000, 0.000000000000000000 ) ) ;
#249 = CARTESIAN_POINT ( 'NONE',  ( 15.70059583224237265, 3.449742151540199142, 50.17236628765509465 ) ) ;
#250 = LINE ( 'NONE', #1695, #1054 ) ;
#251 = VERTEX_POINT ( 'NONE', #162 ) ;
#252 = CYLINDRICAL_SURFACE ( 'NONE', #2302, 4.000000000000003553 ) ;
#253 = EDGE_CURVE ( 'NONE', #1527, #274, #1878, .T. ) ;
#254 = EDGE_LOOP ( 'NONE', ( #619, #1100, #2002, #1872 ) ) ;
#255 = EDGE_LOOP ( 'NONE', ( #1242, #885, #839, #2222, #1310, #859, #1591, #977, #231, #1026, #1274, #1519, #2004, #325, #1874, #927, #2149, #126, #301, #1489 ) ) ;
#256 = VECTOR ( 'NONE', #901, 1000.000000000000000 ) ;
#257 = EDGE_CURVE ( 'NONE', #1196, #940, #565, .T. ) ;
#258 = FACE_OUTER_BOUND ( 'NONE', #459, .T. ) ;
#259 = AXIS2_PLACEMENT_3D ( 'NONE', #938, #229, #1807 ) ;
#260 = FACE_OUTER_BOUND ( 'NONE', #1296, .T. ) ;
#261 = VECTOR ( 'NONE', #771, 1000.000000000000000 ) ;
#262 = CARTESIAN_POINT ( 'NONE',  ( 47.45000000000000284, 3.250000000000000444, 47.45000000000000284 ) ) ;
#263 = ORIENTED_EDGE ( 'NONE', *, *, #808, .T. ) ;
#264 = EDGE_CURVE ( 'NONE', #1679, #1166, #919, .T. ) ;
#265 = CARTESIAN_POINT ( 'NONE',  ( -64.99999999999640465, -3.000000000000000000, 67.65000000000195257 ) ) ;
#266 = LINE ( 'NONE', #610, #947 ) ;
#267 = TOROIDAL_SURFACE ( 'NONE', #196, 3.750000000000002665, 0.7500000000000000000 ) ;
#268 = DIRECTION ( 'NONE',  ( 0.000000000000000000, 0.000000000000000000, -1.000000000000000000 ) ) ;
#269 = VECTOR ( 'NONE', #1563, 1000.000000000000000 ) ;
#270 = DIRECTION ( 'NONE',  ( -0.000000000000000000, -1.000000000000000000, -0.000000000000000000 ) ) ;
#271 = AXIS2_PLACEMENT_3D ( 'NONE', #1920, #1378, #1200 ) ;
#272 = ORIENTED_EDGE ( 'NONE', *, *, #1174, .T. ) ;
#273 = CARTESIAN_POINT ( 'NONE',  ( -40.15000000000001279, 3.250000000000000444, -47.15000000000000568 ) ) ;
#274 = VERTEX_POINT ( 'NONE', #1089 ) ;
#275 = ORIENTED_EDGE ( 'NONE', *, *, #1571, .F. ) ;
#276 = CARTESIAN_POINT ( 'NONE',  ( 19.00000000000000000, 0.000000000000000000, 47.95000000000000995 ) ) ;
#277 = CARTESIAN_POINT ( 'NONE',  ( 65.00000000000002842, -3.000000000000000000, -67.65000000000742375 ) ) ;
#278 = EDGE_CURVE ( 'NONE', #251, #764, #2327, .T. ) ;
#279 = CARTESIAN_POINT ( 'NONE',  ( -70.00000000000005684, -4.000000000000000000, -65.00000000000001421 ) ) ;
#280 = ORIENTED_EDGE ( 'NONE', *, *, #1682, .F. ) ;
#281 = EDGE_CURVE ( 'NONE', #1891, #748, #540, .T. ) ;
#282 = DIRECTION ( 'NONE',  ( 0.000000000000000000, 0.000000000000000000, -1.000000000000000000 ) ) ;
#283 = ORIENTED_EDGE ( 'NONE', *, *, #1504, .T. ) ;
#284 = CARTESIAN_POINT ( 'NONE',  ( -58.00000000000006395, -3.500000000000000000, 58.00000000000000711 ) ) ;
#285 = CARTESIAN_POINT ( 'NONE',  ( 58.00000000000340350, -3.500000000000000000, -57.99999999999670308 ) ) ;
#286 = CARTESIAN_POINT ( 'NONE',  ( 69.99999999999995737, -4.000000000000000000, -64.99999999999998579 ) ) ;
#287 = AXIS2_PLACEMENT_3D ( 'NONE', #2119, #154, #2329 ) ;
#288 = CARTESIAN_POINT ( 'NONE',  ( -64.99999999999640465, -3.000000000000000000, 65.00000000000005684 ) ) ;
#289 = EDGE_CURVE ( 'NONE', #967, #1986, #1792, .T. ) ;
#290 = VECTOR ( 'NONE', #784, 1000.000000000000000 ) ;
#291 = ORIENTED_EDGE ( 'NONE', *, *, #725, .T. ) ;
#292 = DIRECTION ( 'NONE',  ( 1.000000000000000000, -0.000000000000000000, 0.000000000000000000 ) ) ;
#293 = ORIENTED_EDGE ( 'NONE', *, *, #465, .F. ) ;
#294 = PLANE ( 'NONE',  #662 ) ;
#295 = ORIENTED_EDGE ( 'NONE', *, *, #170, .F. ) ;
#296 = LINE ( 'NONE', #2122, #572 ) ;
#297 = CARTESIAN_POINT ( 'NONE',  ( 65.00000000000002842, 0.000000000000000000, -65.00000000000368061 ) ) ;
#298 = EDGE_CURVE ( 'NONE', #2104, #985, #2032, .T. ) ;
#299 = FACE_OUTER_BOUND ( 'NONE', #354, .T. ) ;
#300 = VECTOR ( 'NONE', #1385, 1000.000000000000000 ) ;
#301 = ORIENTED_EDGE ( 'NONE', *, *, #310, .T. ) ;
#302 = DIRECTION ( 'NONE',  ( 0.000000000000000000, 1.000000000000000000, 0.000000000000000000 ) ) ;
#303 = CIRCLE ( 'NONE', #343, 5.000000000000018652 ) ;
#304 = AXIS2_PLACEMENT_3D ( 'NONE', #2273, #852, #653 ) ;
#305 = ORIENTED_EDGE ( 'NONE', *, *, #321, .T. ) ;
#306 = CYLINDRICAL_SURFACE ( 'NONE', #1246, 3.000000000000002665 ) ;
#307 = ADVANCED_FACE ( 'NONE', ( #2169 ), #294, .F. ) ;
#308 =( GEOMETRIC_REPRESENTATION_CONTEXT ( 3 ) GLOBAL_UNCERTAINTY_ASSIGNED_CONTEXT ( ( #762 ) ) GLOBAL_UNIT_ASSIGNED_CONTEXT ( ( #1681, #768, #2243 ) ) REPRESENTATION_CONTEXT ( 'NONE', 'WORKASPACE' ) );
#309 = CARTESIAN_POINT ( 'NONE',  ( 40.89999999999998437, 4.000000000000000000, -47.15000000000000568 ) ) ;
#310 = EDGE_CURVE ( 'NONE', #1460, #845, #889, .T. ) ;
#311 = DIRECTION ( 'NONE',  ( 0.000000000000000000, 1.000000000000000000, 0.000000000000000000 ) ) ;
#312 = DIRECTION ( 'NONE',  ( -1.000000000000000000, -0.000000000000000000, -0.000000000000000000 ) ) ;
#313 = ORIENTED_EDGE ( 'NONE', *, *, #469, .T. ) ;
#314 = DIRECTION ( 'NONE',  ( 0.000000000000000000, 0.000000000000000000, 1.000000000000000000 ) ) ;
#315 = ORIENTED_EDGE ( 'NONE', *, *, #2006, .T. ) ;
#316 = DIRECTION ( 'NONE',  ( -0.000000000000000000, 1.000000000000000000, -0.000000000000000000 ) ) ;
#317 = VERTEX_POINT ( 'NONE', #944 ) ;
#318 = EDGE_CURVE ( 'NONE', #1947, #616, #59, .T. ) ;
#319 = VERTEX_POINT ( 'NONE', #1478 ) ;
#320 = LINE ( 'NONE', #2296, #1345 ) ;
#321 = EDGE_CURVE ( 'NONE', #1176, #494, #786, .T. ) ;
#322 = DIRECTION ( 'NONE',  ( -0.000000000000000000, 1.000000000000000000, 0.000000000000000000 ) ) ;
#323 = CIRCLE ( 'NONE', #138, 5.000000000003425704 ) ;
#324 = AXIS2_PLACEMENT_3D ( 'NONE', #1358, #2082, #813 ) ;
#325 = ORIENTED_EDGE ( 'NONE', *, *, #1126, .T. ) ;
#326 = DIRECTION ( 'NONE',  ( 0.000000000000000000, 0.000000000000000000, 1.000000000000000000 ) ) ;
#327 = CIRCLE ( 'NONE', #72, 0.7500000000000006661 ) ;
#328 = CARTESIAN_POINT ( 'NONE',  ( 47.45000000000000284, 4.000000000000000000, 51.20000000000000995 ) ) ;
#329 = ORIENTED_EDGE ( 'NONE', *, *, #1682, .T. ) ;
#330 = DIRECTION ( 'NONE',  ( 0.000000000000000000, -1.000000000000000000, 0.000000000000000000 ) ) ;
#331 = CARTESIAN_POINT ( 'NONE',  ( -51.20000000000000284, 4.000000000000000000, 47.45000000000000284 ) ) ;
#332 = DIRECTION ( 'NONE',  ( -1.000000000000000000, -0.000000000000000000, -0.000000000000000000 ) ) ;
#333 = EDGE_CURVE ( 'NONE', #124, #1739, #1210, .T. ) ;
#334 = DIRECTION ( 'NONE',  ( -1.000000000000000000, 0.000000000000000000, -0.000000000000000000 ) ) ;
#335 = DIRECTION ( 'NONE',  ( 0.000000000000000000, 0.000000000000000000, 1.000000000000000000 ) ) ;
#336 = EDGE_CURVE ( 'NONE', #2024, #319, #1575, .T. ) ;
#337 = ORIENTED_EDGE ( 'NONE', *, *, #1012, .T. ) ;
#338 = CARTESIAN_POINT ( 'NONE',  ( 64.99999999999994316, -4.000000000000000000, 69.99999999999998579 ) ) ;
#339 = CLOSED_SHELL ( 'NONE', ( #2270, #730, #1721, #2000, #434, #356, #2241, #2021, #2034, #1138, #1744, #1918, #1132, #227, #1544, #2306, #307, #1438, #2274, #1008, #482, #1201, #1930, #1531, #1028, #2178, #2064, #1338, #1557, #592, #1280, #1595, #2075, #1234, #1424, #238, #1270, #955, #982, #514, #831, #1924, #2163, #110, #814, #1191, #840, #95, #530, #1055, #1811, #1490, #431, #201, #2130, #419, #627, #1064, #79, #1866, #589, #1816, #2319, #1870, #1472, #1266, #66, #1513, #98, #1974, #1404, #1444, #571, #843, #1142, #147, #1245, #1001, #1692 ) ) ;
#340 = AXIS2_PLACEMENT_3D ( 'NONE', #1488, #1873, #797 ) ;
#341 = EDGE_CURVE ( 'NONE', #799, #2110, #1321, .T. ) ;
#342 = ORIENTED_EDGE ( 'NONE', *, *, #902, .T. ) ;
#343 = AXIS2_PLACEMENT_3D ( 'NONE', #1604, #1206, #2265 ) ;
#344 = DIRECTION ( 'NONE',  ( 0.000000000000000000, 0.000000000000000000, 1.000000000000000000 ) ) ;
#345 = VERTEX_POINT ( 'NONE', #1665 ) ;
#346 = CIRCLE ( 'NONE', #1822, 0.7500000000000006661 ) ;
#347 = CARTESIAN_POINT ( 'NONE',  ( -65.00000000000005684, -3.000000000000000000, -62.35000000000001563 ) ) ;
#348 = LINE ( 'NONE', #1464, #1110 ) ;
#349 = FACE_OUTER_BOUND ( 'NONE', #1418, .T. ) ;
#350 = FACE_OUTER_BOUND ( 'NONE', #633, .T. ) ;
#351 = EDGE_CURVE ( 'NONE', #1151, #2153, #323, .T. ) ;
#352 = DIRECTION ( 'NONE',  ( 0.000000000000000000, 0.000000000000000000, 1.000000000000000000 ) ) ;
#353 = LINE ( 'NONE', #1269, #1653 ) ;
#354 = EDGE_LOOP ( 'NONE', ( #2054, #2062, #2210, #293 ) ) ;
#355 = LINE ( 'NONE', #882, #936 ) ;
#356 = ADVANCED_FACE ( 'NONE', ( #1726 ), #2033, .F. ) ;
#357 = VERTEX_POINT ( 'NONE', #780 ) ;
#358 = ORIENTED_EDGE ( 'NONE', *, *, #1101, .T. ) ;
#359 = DIRECTION ( 'NONE',  ( 0.000000000000000000, 0.000000000000000000, 1.000000000000000000 ) ) ;
#360 = FACE_OUTER_BOUND ( 'NONE', #847, .T. ) ;
#361 = CARTESIAN_POINT ( 'NONE',  ( 58.00000000000001421, -4.000000000000000000, 58.00000000000338929 ) ) ;
#362 = CARTESIAN_POINT ( 'NONE',  ( -37.14999999999999858, 2.400000000000000355, 50.14999999999999147 ) ) ;
#363 = DIRECTION ( 'NONE',  ( 0.000000000000000000, 0.000000000000000000, -1.000000000000000000 ) ) ;
#364 = CYLINDRICAL_SURFACE ( 'NONE', #1052, 0.7500000000000006661 ) ;
#365 = AXIS2_PLACEMENT_3D ( 'NONE', #1738, #224, #121 ) ;
#366 = ORIENTED_EDGE ( 'NONE', *, *, #739, .F. ) ;
#367 = ORIENTED_EDGE ( 'NONE', *, *, #1021, .T. ) ;
#368 = AXIS2_PLACEMENT_3D ( 'NONE', #848, #536, #1220 ) ;
#369 = EDGE_LOOP ( 'NONE', ( #487, #1364 ) ) ;
#370 = EDGE_LOOP ( 'NONE', ( #1098, #77, #673, #1111 ) ) ;
#371 = CYLINDRICAL_SURFACE ( 'NONE', #1677, 0.7500000000000006661 ) ;
#372 = FACE_OUTER_BOUND ( 'NONE', #2089, .T. ) ;
#373 = CARTESIAN_POINT ( 'NONE',  ( 47.45000000000000284, 3.250000000000000444, 51.20000000000000995 ) ) ;
#374 = LINE ( 'NONE', #2338, #766 ) ;
#375 = DIRECTION ( 'NONE',  ( 0.000000000000000000, 0.000000000000000000, 1.000000000000000000 ) ) ;
#376 = CARTESIAN_POINT ( 'NONE',  ( -15.65934138230197803, 4.000000000000000000, 50.14999999999999147 ) ) ;
#377 = EDGE_CURVE ( 'NONE', #2153, #1151, #2180, .T. ) ;
#378 = VERTEX_POINT ( 'NONE', #1501 ) ;
#379 = EDGE_LOOP ( 'NONE', ( #476, #280, #1074, #558 ) ) ;
#380 = STYLED_ITEM ( 'NONE', ( #1676 ), #1555 ) ;
#381 = ORIENTED_EDGE ( 'NONE', *, *, #1885, .T. ) ;
#382 = DIRECTION ( 'NONE',  ( -1.000000000000000000, 0.000000000000000000, 0.000000000000000000 ) ) ;
#383 = CIRCLE ( 'NONE', #492, 2.650000000005106493 ) ;
#384 = AXIS2_PLACEMENT_3D ( 'NONE', #946, #1092, #1291 ) ;
#385 = EDGE_CURVE ( 'NONE', #2239, #169, #178, .T. ) ;
#386 = VECTOR ( 'NONE', #932, 1000.000000000000000 ) ;
#387 = DIRECTION ( 'NONE',  ( -1.462359094606370465E-16, 0.000000000000000000, -1.000000000000000000 ) ) ;
#388 = DIRECTION ( 'NONE',  ( 0.000000000000000000, -1.000000000000000000, 0.000000000000000000 ) ) ;
#389 = EDGE_CURVE ( 'NONE', #548, #2098, #2103, .T. ) ;
#390 = CARTESIAN_POINT ( 'NONE',  ( -37.15000000000001279, 3.250000000000000444, -50.15000000000000568 ) ) ;
#391 = CARTESIAN_POINT ( 'NONE',  ( -47.45000000000000284, 4.000000000000000000, 47.45000000000000284 ) ) ;
#392 = DIRECTION ( 'NONE',  ( 0.000000000000000000, 1.000000000000000000, 0.000000000000000000 ) ) ;
#393 = DIRECTION ( 'NONE',  ( 0.000000000000000000, 1.000000000000000000, 0.000000000000000000 ) ) ;
#394 = EDGE_LOOP ( 'NONE', ( #1209, #1123, #2313, #508 ) ) ;
#395 = FACE_BOUND ( 'NONE', #1105, .T. ) ;
#396 = ORIENTED_EDGE ( 'NONE', *, *, #1324, .F. ) ;
#397 = EDGE_CURVE ( 'NONE', #1458, #1964, #2195, .T. ) ;
#398 = CARTESIAN_POINT ( 'NONE',  ( 51.19999999999998863, 3.250000000000000444, -47.45000000000000284 ) ) ;
#399 = DIRECTION ( 'NONE',  ( 0.000000000000000000, -1.000000000000000000, 0.000000000000000000 ) ) ;
#400 = CARTESIAN_POINT ( 'NONE',  ( 47.44999999999998863, 0.000000000000000000, -51.95000000000000995 ) ) ;
#401 = ORIENTED_EDGE ( 'NONE', *, *, #1988, .F. ) ;
#402 = DIRECTION ( 'NONE',  ( 0.000000000000000000, 1.000000000000000000, 0.000000000000000000 ) ) ;
#403 = EDGE_CURVE ( 'NONE', #719, #2137, #701, .T. ) ;
#404 = CARTESIAN_POINT ( 'NONE',  ( -37.15000000000001279, 2.400000000000000355, -50.15000000000000568 ) ) ;
#405 = CYLINDRICAL_SURFACE ( 'NONE', #2217, 5.000000000001766587 ) ;
#406 = ORIENTED_EDGE ( 'NONE', *, *, #501, .F. ) ;
#407 = AXIS2_PLACEMENT_3D ( 'NONE', #1962, #498, #2127 ) ;
#408 = DIRECTION ( 'NONE',  ( -0.000000000000000000, -1.000000000000000000, -0.000000000000000000 ) ) ;
#409 = AXIS2_PLACEMENT_3D ( 'NONE', #1241, #1758, #1945 ) ;
#410 = CIRCLE ( 'NONE', #1017, 5.000000000003425704 ) ;
#411 =( NAMED_UNIT ( * ) PLANE_ANGLE_UNIT ( ) SI_UNIT ( $, .RADIAN. ) );
#412 = DIRECTION ( 'NONE',  ( 0.000000000000000000, 0.000000000000000000, 1.000000000000000000 ) ) ;
#413 = LINE ( 'NONE', #1502, #2045 ) ;
#414 = FACE_OUTER_BOUND ( 'NONE', #2115, .T. ) ;
#415 = CARTESIAN_POINT ( 'NONE',  ( 65.00000000000002842, 0.000000000000000000, -65.00000000000368061 ) ) ;
#416 = DIRECTION ( 'NONE',  ( -0.000000000000000000, -1.000000000000000000, -0.000000000000000000 ) ) ;
#417 = PRODUCT_RELATED_PRODUCT_CATEGORY ( 'part', '', ( #1767 ) ) ;
#418 = VERTEX_POINT ( 'NONE', #1139 ) ;
#419 = ADVANCED_FACE ( 'NONE', ( #1492 ), #235, .T. ) ;
#420 = DIRECTION ( 'NONE',  ( 0.000000000000000000, 1.000000000000000000, 0.000000000000000000 ) ) ;
#421 = VECTOR ( 'NONE', #679, 1000.000000000000000 ) ;
#422 = ORIENTED_EDGE ( 'NONE', *, *, #151, .F. ) ;
#423 = VECTOR ( 'NONE', #382, 1000.000000000000000 ) ;
#424 = CARTESIAN_POINT ( 'NONE',  ( -19.00000000000000000, 4.000000000000000000, 47.95000000000000995 ) ) ;
#425 = VECTOR ( 'NONE', #1735, 1000.000000000000000 ) ;
#426 = FACE_OUTER_BOUND ( 'NONE', #483, .T. ) ;
#427 = FACE_OUTER_BOUND ( 'NONE', #254, .T. ) ;
#428 = AXIS2_PLACEMENT_3D ( 'NONE', #2236, #1685, #1711 ) ;
#429 = DIRECTION ( 'NONE',  ( 0.000000000000000000, 0.000000000000000000, -1.000000000000000000 ) ) ;
#430 = COLOUR_RGB ( '',1.000000000000000000, 1.000000000000000000, 1.000000000000000000 ) ;
#431 = ADVANCED_FACE ( 'NONE', ( #598 ), #1152, .F. ) ;
#432 = ORIENTED_EDGE ( 'NONE', *, *, #587, .F. ) ;
#433 = SURFACE_STYLE_USAGE ( .BOTH. , #2232 ) ;
#434 = ADVANCED_FACE ( 'NONE', ( #1691 ), #1905, .F. ) ;
#435 = ORIENTED_EDGE ( 'NONE', *, *, #106, .F. ) ;
#436 = CARTESIAN_POINT ( 'NONE',  ( 51.95000000000000284, 3.250000000000000444, 47.45000000000000284 ) ) ;
#437 = LINE ( 'NONE', #2207, #957 ) ;
#438 = CARTESIAN_POINT ( 'NONE',  ( 37.14999999999999858, 2.400000000000000355, 47.14999999999999147 ) ) ;
#439 = ORIENTED_EDGE ( 'NONE', *, *, #1889, .F. ) ;
#440 = LINE ( 'NONE', #2240, #833 ) ;
#441 = ORIENTED_EDGE ( 'NONE', *, *, #2286, .T. ) ;
#442 = EDGE_LOOP ( 'NONE', ( #1637, #963, #1240, #823 ) ) ;
#443 = AXIS2_PLACEMENT_3D ( 'NONE', #2088, #1312, #1384 ) ;
#444 = CARTESIAN_POINT ( 'NONE',  ( -57.99999999999668177, -3.500000000000000000, -58.00000000000009237 ) ) ;
#445 = AXIS2_PLACEMENT_3D ( 'NONE', #191, #2162, #2174 ) ;
#446 = DIRECTION ( 'NONE',  ( 0.000000000000000000, 0.000000000000000000, 1.000000000000000000 ) ) ;
#447 = AXIS2_PLACEMENT_3D ( 'NONE', #279, #995, #468 ) ;
#448 = CARTESIAN_POINT ( 'NONE',  ( -47.45000000000001705, 4.000000000000000000, -47.45000000000000284 ) ) ;
#449 = ORIENTED_EDGE ( 'NONE', *, *, #397, .F. ) ;
#450 = DIRECTION ( 'NONE',  ( -1.000000000000000000, 0.000000000000000000, 0.000000000000000000 ) ) ;
#451 = CARTESIAN_POINT ( 'NONE',  ( 47.45000000000000284, 0.000000000000000000, 47.45000000000000284 ) ) ;
#452 = TOROIDAL_SURFACE ( 'NONE', #1812, 3.750000000000000888, 0.7500000000000000000 ) ;
#453 = FACE_OUTER_BOUND ( 'NONE', #1654, .T. ) ;
#454 = CIRCLE ( 'NONE', #2053, 2.650000000001901057 ) ;
#455 = EDGE_CURVE ( 'NONE', #985, #2104, #31, .T. ) ;
#456 = DIRECTION ( 'NONE',  ( 0.000000000000000000, -0.000000000000000000, 1.000000000000000000 ) ) ;
#457 = AXIS2_PLACEMENT_3D ( 'NONE', #2311, #1934, #687 ) ;
#458 = VERTEX_POINT ( 'NONE', #1586 ) ;
#459 = EDGE_LOOP ( 'NONE', ( #1985, #497, #156, #1317 ) ) ;
#460 = VERTEX_POINT ( 'NONE', #684 ) ;
#461 = CARTESIAN_POINT ( 'NONE',  ( 58.00000000000340350, -3.500000000000000000, -57.99999999999670308 ) ) ;
#462 = DIRECTION ( 'NONE',  ( -0.000000000000000000, 1.000000000000000000, -0.000000000000000000 ) ) ;
#463 = ORIENTED_EDGE ( 'NONE', *, *, #351, .F. ) ;
#464 = ORIENTED_EDGE ( 'NONE', *, *, #1422, .T. ) ;
#465 = EDGE_CURVE ( 'NONE', #1433, #2308, #509, .T. ) ;
#466 = CARTESIAN_POINT ( 'NONE',  ( -57.99999999999668177, -3.500000000000000000, -63.00000000000186162 ) ) ;
#467 = CARTESIAN_POINT ( 'NONE',  ( 58.00000000000340350, -3.500000000000000000, -57.99999999999670308 ) ) ;
#468 = DIRECTION ( 'NONE',  ( -0.000000000000000000, 0.000000000000000000, -1.000000000000000000 ) ) ;
#469 = EDGE_CURVE ( 'NONE', #845, #1160, #624, .T. ) ;
#470 = ORIENTED_EDGE ( 'NONE', *, *, #455, .T. ) ;
#471 = CARTESIAN_POINT ( 'NONE',  ( 69.99999999999995737, -4.000000000000000000, 64.99999999999998579 ) ) ;
#472 = VERTEX_POINT ( 'NONE', #1413 ) ;
#473 = DIRECTION ( 'NONE',  ( 0.000000000000000000, 0.000000000000000000, 1.000000000000000000 ) ) ;
#474 = ORIENTED_EDGE ( 'NONE', *, *, #1504, .F. ) ;
#475 = EDGE_CURVE ( 'NONE', #2098, #75, #355, .T. ) ;
#476 = ORIENTED_EDGE ( 'NONE', *, *, #1851, .T. ) ;
#477 = FACE_OUTER_BOUND ( 'NONE', #1435, .T. ) ;
#478 = CARTESIAN_POINT ( 'NONE',  ( 19.00000000000000355, 3.250000000000000444, 51.95000000000000995 ) ) ;
#479 = AXIS2_PLACEMENT_3D ( 'NONE', #742, #1859, #1306 ) ;
#480 = FACE_OUTER_BOUND ( 'NONE', #159, .T. ) ;
#481 = AXIS2_PLACEMENT_3D ( 'NONE', #2285, #2114, #1465 ) ;
#482 = ADVANCED_FACE ( 'NONE', ( #1608 ), #306, .F. ) ;
#483 = EDGE_LOOP ( 'NONE', ( #2221, #1773, #683, #1533, #1412, #2269 ) ) ;
#484 = CARTESIAN_POINT ( 'NONE',  ( 19.00000000000000355, 0.000000000000000000, 51.95000000000000995 ) ) ;
#485 = DIRECTION ( 'NONE',  ( 0.000000000000000000, 1.000000000000000000, 0.000000000000000000 ) ) ;
#486 = EDGE_CURVE ( 'NONE', #1383, #230, #1788, .T. ) ;
#487 = ORIENTED_EDGE ( 'NONE', *, *, #167, .F. ) ;
#488 = CARTESIAN_POINT ( 'NONE',  ( 65.00000000000002842, 0.000000000000000000, -67.65000000000742375 ) ) ;
#489 = DIRECTION ( 'NONE',  ( 0.000000000000000000, 0.000000000000000000, 1.000000000000000000 ) ) ;
#490 = AXIS2_PLACEMENT_3D ( 'NONE', #524, #1260, #2320 ) ;
#491 = DIRECTION ( 'NONE',  ( 0.000000000000000000, -0.000000000000000000, 1.000000000000000000 ) ) ;
#492 = AXIS2_PLACEMENT_3D ( 'NONE', #582, #216, #375 ) ;
#493 = CIRCLE ( 'NONE', #800, 5.000000000003425704 ) ;
#494 = VERTEX_POINT ( 'NONE', #659 ) ;
#495 = DIRECTION ( 'NONE',  ( 0.000000000000000000, 0.000000000000000000, 1.000000000000000000 ) ) ;
#496 = EDGE_CURVE ( 'NONE', #790, #75, #1013, .T. ) ;
#497 = ORIENTED_EDGE ( 'NONE', *, *, #562, .F. ) ;
#498 = DIRECTION ( 'NONE',  ( 0.000000000000000000, 0.000000000000000000, -1.000000000000000000 ) ) ;
#499 = ORIENTED_EDGE ( 'NONE', *, *, #710, .T. ) ;
#500 = VERTEX_POINT ( 'NONE', #1948 ) ;
#501 = EDGE_CURVE ( 'NONE', #1115, #2134, #101, .T. ) ;
#502 = CARTESIAN_POINT ( 'NONE',  ( -57.99999999999668177, -3.500000000000000000, -52.99999999999833022 ) ) ;
#503 = DIRECTION ( 'NONE',  ( 0.000000000000000000, 0.000000000000000000, 1.000000000000000000 ) ) ;
#504 = LINE ( 'NONE', #1956, #223 ) ;
#505 = CARTESIAN_POINT ( 'NONE',  ( 37.14999999999999147, 3.250000000000000444, 50.89999999999999147 ) ) ;
#506 = LINE ( 'NONE', #532, #1913 ) ;
#507 = VERTEX_POINT ( 'NONE', #672 ) ;
#508 = ORIENTED_EDGE ( 'NONE', *, *, #1071, .F. ) ;
#509 = LINE ( 'NONE', #2294, #1423 ) ;
#510 = EDGE_CURVE ( 'NONE', #940, #1959, #891, .T. ) ;
#511 = DIRECTION ( 'NONE',  ( 0.000000000000000000, -0.000000000000000000, -1.000000000000000000 ) ) ;
#512 = CARTESIAN_POINT ( 'NONE',  ( -65.00000000000005684, -3.000000000000000000, -65.00000000000001421 ) ) ;
#513 = LINE ( 'NONE', #1955, #2245 ) ;
#514 = ADVANCED_FACE ( 'NONE', ( #132 ), #1244, .F. ) ;
#515 = DIRECTION ( 'NONE',  ( 0.000000000000000000, -1.000000000000000000, 0.000000000000000000 ) ) ;
#516 = AXIS2_PLACEMENT_3D ( 'NONE', #424, #636, #412 ) ;
#517 = CIRCLE ( 'NONE', #1613, 3.000000000000002665 ) ;
#518 = ORIENTED_EDGE ( 'NONE', *, *, #1689, .F. ) ;
#519 = CIRCLE ( 'NONE', #35, 4.500000000000003553 ) ;
#520 = ORIENTED_EDGE ( 'NONE', *, *, #1846, .F. ) ;
#521 = DIRECTION ( 'NONE',  ( -0.000000000000000000, -1.000000000000000000, -0.000000000000000000 ) ) ;
#522 = ORIENTED_EDGE ( 'NONE', *, *, #603, .F. ) ;
#523 = EDGE_LOOP ( 'NONE', ( #1007, #1775, #1283, #1760 ) ) ;
#524 = CARTESIAN_POINT ( 'NONE',  ( -37.15000000000001279, 2.400000000000000355, -50.15000000000000568 ) ) ;
#525 = EDGE_CURVE ( 'NONE', #242, #472, #1232, .T. ) ;
#526 = LINE ( 'NONE', #347, #2017 ) ;
#527 = DIRECTION ( 'NONE',  ( -0.000000000000000000, -1.000000000000000000, -0.000000000000000000 ) ) ;
#528 = DIRECTION ( 'NONE',  ( 0.000000000000000000, 1.000000000000000000, 0.000000000000000000 ) ) ;
#529 = DIRECTION ( 'NONE',  ( -0.000000000000000000, -0.000000000000000000, -1.000000000000000000 ) ) ;
#530 = ADVANCED_FACE ( 'NONE', ( #1257 ), #1273, .F. ) ;
#531 = CARTESIAN_POINT ( 'NONE',  ( -40.15000000000001279, 2.400000000000000355, -47.15000000000000568 ) ) ;
#532 = CARTESIAN_POINT ( 'NONE',  ( -47.45000000000001705, 4.000000000000000000, -51.95000000000000995 ) ) ;
#533 = VECTOR ( 'NONE', #1619, 1000.000000000000000 ) ;
#534 = AXIS2_PLACEMENT_3D ( 'NONE', #1777, #1600, #641 ) ;
#535 = AXIS2_PLACEMENT_3D ( 'NONE', #986, #292, #1707 ) ;
#536 = DIRECTION ( 'NONE',  ( 0.000000000000000000, 0.000000000000000000, 1.000000000000000000 ) ) ;
#537 = ORIENTED_EDGE ( 'NONE', *, *, #1354, .F. ) ;
#538 = CARTESIAN_POINT ( 'NONE',  ( 15.65934138230198158, 4.000000000000000000, 50.89999999999999147 ) ) ;
#539 = EDGE_CURVE ( 'NONE', #763, #345, #1696, .T. ) ;
#540 = LINE ( 'NONE', #699, #67 ) ;
#541 = LINE ( 'NONE', #188, #1363 ) ;
#542 = DIRECTION ( 'NONE',  ( 0.000000000000000000, 0.000000000000000000, -1.000000000000000000 ) ) ;
#543 = CARTESIAN_POINT ( 'NONE',  ( 65.00000000000368061, 0.000000000000000000, 62.34999999999129017 ) ) ;
#544 = FACE_OUTER_BOUND ( 'NONE', #2, .T. ) ;
#545 = ORIENTED_EDGE ( 'NONE', *, *, #1594, .F. ) ;
#546 = ORIENTED_EDGE ( 'NONE', *, *, #486, .F. ) ;
#547 = ORIENTED_EDGE ( 'NONE', *, *, #525, .F. ) ;
#548 = VERTEX_POINT ( 'NONE', #1045 ) ;
#549 = CYLINDRICAL_SURFACE ( 'NONE', #576, 10.00000000000000000 ) ;
#550 = EDGE_CURVE ( 'NONE', #1798, #124, #869, .T. ) ;
#551 = CARTESIAN_POINT ( 'NONE',  ( 19.00000000000000000, 0.000000000000000000, 47.95000000000000995 ) ) ;
#552 = CARTESIAN_POINT ( 'NONE',  ( -37.14999999999999858, 3.250000000000000444, 50.14999999999999147 ) ) ;
#553 = DIRECTION ( 'NONE',  ( 0.000000000000000000, -1.000000000000000000, 0.000000000000000000 ) ) ;
#554 = DIRECTION ( 'NONE',  ( -1.000000000000000000, 0.000000000000000000, 0.000000000000000000 ) ) ;
#555 = FACE_OUTER_BOUND ( 'NONE', #1961, .T. ) ;
#556 = AXIS2_PLACEMENT_3D ( 'NONE', #200, #875, #1288 ) ;
#557 = EDGE_LOOP ( 'NONE', ( #776, #1667, #2177, #1298, #1233, #499, #2005, #1221, #1944, #192, #1530, #1623 ) ) ;
#558 = ORIENTED_EDGE ( 'NONE', *, *, #562, .T. ) ;
#559 = VECTOR ( 'NONE', #52, 1000.000000000000000 ) ;
#560 = ORIENTED_EDGE ( 'NONE', *, *, #397, .T. ) ;
#561 = VECTOR ( 'NONE', #1278, 1000.000000000000000 ) ;
#562 = EDGE_CURVE ( 'NONE', #1808, #1739, #1565, .T. ) ;
#563 = ORIENTED_EDGE ( 'NONE', *, *, #1341, .F. ) ;
#564 = LINE ( 'NONE', #1477, #2121 ) ;
#565 = LINE ( 'NONE', #1980, #1129 ) ;
#566 = DIRECTION ( 'NONE',  ( 0.000000000000000000, 0.000000000000000000, 1.000000000000000000 ) ) ;
#567 = DIRECTION ( 'NONE',  ( -0.000000000000000000, -1.000000000000000000, -0.000000000000000000 ) ) ;
#568 = PLANE ( 'NONE',  #828 ) ;
#569 = CARTESIAN_POINT ( 'NONE',  ( -64.99999999999640465, -3.000000000000000000, 62.34999999999815401 ) ) ;
#570 = EDGE_LOOP ( 'NONE', ( #1785, #210, #1634, #1549 ) ) ;
#571 = ADVANCED_FACE ( 'NONE', ( #2317 ), #2330, .T. ) ;
#572 = VECTOR ( 'NONE', #1577, 1000.000000000000000 ) ;
#573 = ORIENTED_EDGE ( 'NONE', *, *, #1320, .T. ) ;
#574 = DIRECTION ( 'NONE',  ( 0.000000000000000000, 0.000000000000000000, 1.000000000000000000 ) ) ;
#575 = ORIENTED_EDGE ( 'NONE', *, *, #2315, .F. ) ;
#576 = AXIS2_PLACEMENT_3D ( 'NONE', #753, #1427, #2156 ) ;
#577 = EDGE_CURVE ( 'NONE', #1964, #1196, #517, .T. ) ;
#578 = CARTESIAN_POINT ( 'NONE',  ( -19.00000000000000000, 4.000000000000000000, 51.20000000000000995 ) ) ;
#579 = DIRECTION ( 'NONE',  ( 0.000000000000000000, -1.000000000000000000, 0.000000000000000000 ) ) ;
#580 = FACE_OUTER_BOUND ( 'NONE', #2223, .T. ) ;
#581 = LINE ( 'NONE', #175, #1523 ) ;
#582 = CARTESIAN_POINT ( 'NONE',  ( 65.00000000000368061, 0.000000000000000000, 64.99999999999639044 ) ) ;
#583 = CARTESIAN_POINT ( 'NONE',  ( 47.45000000000000284, 3.250000000000000444, 51.95000000000000995 ) ) ;
#584 = VERTEX_POINT ( 'NONE', #705 ) ;
#585 = FILL_AREA_STYLE_COLOUR ( '', #1627 ) ;
#586 = LINE ( 'NONE', #801, #1190 ) ;
#587 = EDGE_CURVE ( 'NONE', #1850, #2281, #1843, .T. ) ;
#588 = CARTESIAN_POINT ( 'NONE',  ( -65.00000000000005684, 0.000000000000000000, 64.99999999999998579 ) ) ;
#589 = ADVANCED_FACE ( 'NONE', ( #1419 ), #788, .T. ) ;
#590 = CARTESIAN_POINT ( 'NONE',  ( 69.99999999999995737, -4.000000000000000000, -64.99999999999998579 ) ) ;
#591 = DIRECTION ( 'NONE',  ( -1.000000000000000000, 0.000000000000000000, 0.000000000000000000 ) ) ;
#592 = ADVANCED_FACE ( 'NONE', ( #1410 ), #1069, .F. ) ;
#593 = CARTESIAN_POINT ( 'NONE',  ( 37.14999999999998437, 3.250000000000000444, -47.15000000000000568 ) ) ;
#594 = PLANE ( 'NONE',  #1394 ) ;
#595 = ORIENTED_EDGE ( 'NONE', *, *, #1836, .T. ) ;
#596 = CIRCLE ( 'NONE', #1290, 4.000000000000003553 ) ;
#597 = VECTOR ( 'NONE', #1516, 1000.000000000000000 ) ;
#598 = FACE_OUTER_BOUND ( 'NONE', #1409, .T. ) ;
#599 = EDGE_CURVE ( 'NONE', #1259, #1115, #1328, .T. ) ;
#600 = CARTESIAN_POINT ( 'NONE',  ( -40.15000000000001279, 2.400000000000000355, -47.15000000000000568 ) ) ;
#601 = CARTESIAN_POINT ( 'NONE',  ( 16.86062209246746590, 3.970818591975261214, 50.68386046497716535 ) ) ;
#602 = DIRECTION ( 'NONE',  ( -1.462359094606370465E-16, 0.000000000000000000, -1.000000000000000000 ) ) ;
#603 = EDGE_CURVE ( 'NONE', #2263, #1646, #855, .T. ) ;
#604 = VERTEX_POINT ( 'NONE', #484 ) ;
#605 = EDGE_LOOP ( 'NONE', ( #668, #435 ) ) ;
#606 = LINE ( 'NONE', #749, #1704 ) ;
#607 = CIRCLE ( 'NONE', #83, 3.000000000000002665 ) ;
#608 = VERTEX_POINT ( 'NONE', #177 ) ;
#609 = TOROIDAL_SURFACE ( 'NONE', #1929, 3.750000000000000888, 0.7500000000000000000 ) ;
#610 = CARTESIAN_POINT ( 'NONE',  ( -40.15000000000001279, 2.400000000000000355, -47.15000000000000568 ) ) ;
#611 = CARTESIAN_POINT ( 'NONE',  ( -19.00000000000000000, 3.250000000000000444, 51.95000000000000995 ) ) ;
#612 = AXIS2_PLACEMENT_3D ( 'NONE', #2008, #36, #2168 ) ;
#613 = DIRECTION ( 'NONE',  ( -1.000000000000000000, 0.000000000000000000, -0.000000000000000000 ) ) ;
#614 = EDGE_LOOP ( 'NONE', ( #1254, #1034, #1887, #1896 ) ) ;
#615 = EDGE_CURVE ( 'NONE', #1068, #1947, #2036, .T. ) ;
#616 = VERTEX_POINT ( 'NONE', #1434 ) ;
#617 = FILL_AREA_STYLE ('',( #1491 ) ) ;
#618 = DIRECTION ( 'NONE',  ( 1.471663606342996571E-16, 0.000000000000000000, 1.000000000000000000 ) ) ;
#619 = ORIENTED_EDGE ( 'NONE', *, *, #336, .F. ) ;
#620 = DIRECTION ( 'NONE',  ( -0.000000000000000000, 1.000000000000000000, -0.000000000000000000 ) ) ;
#621 = CARTESIAN_POINT ( 'NONE',  ( 65.00000000000002842, -3.000000000000000000, -65.00000000000368061 ) ) ;
#622 = ORIENTED_EDGE ( 'NONE', *, *, #1789, .F. ) ;
#623 = CYLINDRICAL_SURFACE ( 'NONE', #1483, 0.7500000000000006661 ) ;
#624 = CIRCLE ( 'NONE', #1946, 0.7500000000000006661 ) ;
#625 = EDGE_LOOP ( 'NONE', ( #1899, #965, #1621, #997 ) ) ;
#626 = ORIENTED_EDGE ( 'NONE', *, *, #45, .F. ) ;
#627 = ADVANCED_FACE ( 'NONE', ( #1043 ), #866, .F. ) ;
#628 = AXIS2_PLACEMENT_3D ( 'NONE', #1939, #316, #344 ) ;
#629 = CARTESIAN_POINT ( 'NONE',  ( -16.67214686099070065, 3.949050994133060488, 50.61566027619753783 ) ) ;
#630 = AXIS2_PLACEMENT_3D ( 'NONE', #1165, #456, #1202 ) ;
#631 = DIRECTION ( 'NONE',  ( 1.462359094606370465E-16, -0.000000000000000000, 1.000000000000000000 ) ) ;
#632 = DIRECTION ( 'NONE',  ( 0.000000000000000000, 0.000000000000000000, 1.000000000000000000 ) ) ;
#633 = EDGE_LOOP ( 'NONE', ( #358, #520, #406, #694 ) ) ;
#634 = CARTESIAN_POINT ( 'NONE',  ( -70.00000000000005684, -4.000000000000000000, 64.99999999999995737 ) ) ;
#635 = EDGE_CURVE ( 'NONE', #2077, #242, #976, .T. ) ;
#636 = DIRECTION ( 'NONE',  ( 0.000000000000000000, 1.000000000000000000, 0.000000000000000000 ) ) ;
#637 = ORIENTED_EDGE ( 'NONE', *, *, #1580, .F. ) ;
#638 = ORIENTED_EDGE ( 'NONE', *, *, #864, .F. ) ;
#639 = VECTOR ( 'NONE', #1400, 1000.000000000000000 ) ;
#640 = EDGE_CURVE ( 'NONE', #950, #1460, #353, .T. ) ;
#641 = DIRECTION ( 'NONE',  ( 0.000000000000000000, 0.000000000000000000, 1.000000000000000000 ) ) ;
#642 = VECTOR ( 'NONE', #1148, 1000.000000000000000 ) ;
#643 = DIRECTION ( 'NONE',  ( 0.000000000000000000, -0.000000000000000000, 1.000000000000000000 ) ) ;
#644 = AXIS2_PLACEMENT_3D ( 'NONE', #1181, #1540, #1957 ) ;
#645 = DIRECTION ( 'NONE',  ( 0.000000000000000000, 0.000000000000000000, 1.000000000000000000 ) ) ;
#646 = CIRCLE ( 'NONE', #2229, 0.7500000000000006661 ) ;
#647 = VERTEX_POINT ( 'NONE', #846 ) ;
#648 = VECTOR ( 'NONE', #1779, 1000.000000000000000 ) ;
#649 = ORIENTED_EDGE ( 'NONE', *, *, #1162, .T. ) ;
#650 = DIRECTION ( 'NONE',  ( -0.000000000000000000, 0.000000000000000000, 1.000000000000000000 ) ) ;
#651 = DIRECTION ( 'NONE',  ( -1.000000000000000000, -0.000000000000000000, -0.000000000000000000 ) ) ;
#652 = CARTESIAN_POINT ( 'NONE',  ( -58.00000000000006395, -4.000000000000000000, 63.00000000000000000 ) ) ;
#653 = DIRECTION ( 'NONE',  ( 0.000000000000000000, 0.000000000000000000, 1.000000000000000000 ) ) ;
#654 = CARTESIAN_POINT ( 'NONE',  ( -47.45000000000000284, 3.250000000000000444, 51.95000000000000995 ) ) ;
#655 = EDGE_CURVE ( 'NONE', #88, #2137, #680, .T. ) ;
#656 = VERTEX_POINT ( 'NONE', #2314 ) ;
#657 = CARTESIAN_POINT ( 'NONE',  ( 65.00000000000002842, -3.000000000000000000, -67.65000000000742375 ) ) ;
#658 = CYLINDRICAL_SURFACE ( 'NONE', #2011, 5.000000000004660272 ) ;
#659 = CARTESIAN_POINT ( 'NONE',  ( -65.00000000000005684, -4.000000000000000000, -70.00000000000000000 ) ) ;
#660 = ORIENTED_EDGE ( 'NONE', *, *, #664, .F. ) ;
#661 = DIRECTION ( 'NONE',  ( 0.000000000000000000, -1.000000000000000000, 0.000000000000000000 ) ) ;
#662 = AXIS2_PLACEMENT_3D ( 'NONE', #1125, #2097, #1683 ) ;
#663 = CARTESIAN_POINT ( 'NONE',  ( -37.15000000000001279, 3.250000000000000444, -47.15000000000000568 ) ) ;
#664 = EDGE_CURVE ( 'NONE', #1115, #1056, #2150, .T. ) ;
#665 = AXIS2_PLACEMENT_3D ( 'NONE', #1391, #2152, #1060 ) ;
#666 = FACE_OUTER_BOUND ( 'NONE', #883, .T. ) ;
#667 = AXIS2_PLACEMENT_3D ( 'NONE', #2147, #515, #2312 ) ;
#668 = ORIENTED_EDGE ( 'NONE', *, *, #496, .F. ) ;
#669 = DIRECTION ( 'NONE',  ( -0.000000000000000000, -1.000000000000000000, -0.000000000000000000 ) ) ;
#670 = EDGE_CURVE ( 'NONE', #2263, #123, #506, .T. ) ;
#671 = ORIENTED_EDGE ( 'NONE', *, *, #289, .F. ) ;
#672 = CARTESIAN_POINT ( 'NONE',  ( -58.00000000000006395, -3.500000000000000000, 63.00000000000000000 ) ) ;
#673 = ORIENTED_EDGE ( 'NONE', *, *, #73, .F. ) ;
#674 = LINE ( 'NONE', #829, #1518 ) ;
#675 = DIRECTION ( 'NONE',  ( -0.000000000000000000, -1.000000000000000000, -0.000000000000000000 ) ) ;
#676 = AXIS2_PLACEMENT_3D ( 'NONE', #1212, #873, #145 ) ;
#677 = LINE ( 'NONE', #1041, #184 ) ;
#678 = AXIS2_PLACEMENT_3D ( 'NONE', #1370, #485, #335 ) ;
#679 = DIRECTION ( 'NONE',  ( -0.000000000000000000, -1.000000000000000000, -0.000000000000000000 ) ) ;
#680 = LINE ( 'NONE', #338, #2107 ) ;
#681 = VECTOR ( 'NONE', #1088, 1000.000000000000000 ) ;
#682 = VECTOR ( 'NONE', #2144, 1000.000000000000000 ) ;
#683 = ORIENTED_EDGE ( 'NONE', *, *, #1021, .F. ) ;
#684 = CARTESIAN_POINT ( 'NONE',  ( 51.94999999999999574, 3.250000000000000444, -47.45000000000000284 ) ) ;
#685 = ORIENTED_EDGE ( 'NONE', *, *, #87, .T. ) ;
#686 = CARTESIAN_POINT ( 'NONE',  ( 69.99999999999995737, -4.000000000000000000, 64.99999999999998579 ) ) ;
#687 = DIRECTION ( 'NONE',  ( 0.000000000000000000, 0.000000000000000000, 1.000000000000000000 ) ) ;
#688 = DIRECTION ( 'NONE',  ( -0.000000000000000000, -1.000000000000000000, -0.000000000000000000 ) ) ;
#689 = ORIENTED_EDGE ( 'NONE', *, *, #2299, .T. ) ;
#690 = DIRECTION ( 'NONE',  ( -1.000000000000000000, 0.000000000000000000, -0.000000000000000000 ) ) ;
#691 = ORIENTED_EDGE ( 'NONE', *, *, #1086, .T. ) ;
#692 = CARTESIAN_POINT ( 'NONE',  ( 51.94999999999998863, 4.000000000000000000, -47.45000000000000284 ) ) ;
#693 = EDGE_CURVE ( 'NONE', #2024, #1510, #2277, .T. ) ;
#694 = ORIENTED_EDGE ( 'NONE', *, *, #599, .F. ) ;
#695 = ORIENTED_EDGE ( 'NONE', *, *, #2192, .T. ) ;
#696 = PLANE ( 'NONE',  #5 ) ;
#697 = EDGE_CURVE ( 'NONE', #897, #2331, #1949, .T. ) ;
#698 = CYLINDRICAL_SURFACE ( 'NONE', #2157, 2.650000000005106493 ) ;
#699 = CARTESIAN_POINT ( 'NONE',  ( 58.00000000000340350, -3.500000000000000000, -52.99999999999204192 ) ) ;
#700 = LINE ( 'NONE', #654, #1295 ) ;
#701 = CIRCLE ( 'NONE', #1759, 5.000000000000004441 ) ;
#702 = FACE_OUTER_BOUND ( 'NONE', #243, .T. ) ;
#703 = AXIS2_PLACEMENT_3D ( 'NONE', #1229, #150, #140 ) ;
#704 = ORIENTED_EDGE ( 'NONE', *, *, #1012, .F. ) ;
#705 = CARTESIAN_POINT ( 'NONE',  ( 40.14999999999998437, 3.250000000000000444, -47.15000000000000568 ) ) ;
#706 = CIRCLE ( 'NONE', #1429, 0.7500000000000006661 ) ;
#707 = ORIENTED_EDGE ( 'NONE', *, *, #2146, .F. ) ;
#708 = DIRECTION ( 'NONE',  ( 1.000000000000000000, -0.000000000000000000, 0.000000000000000000 ) ) ;
#709 = ORIENTED_EDGE ( 'NONE', *, *, #1836, .F. ) ;
#710 = EDGE_CURVE ( 'NONE', #1207, #1679, #1468, .T. ) ;
#711 = CARTESIAN_POINT ( 'NONE',  ( 0.000000000000000000, -4.000000000000000000, 10.00000000000000000 ) ) ;
#712 = DIRECTION ( 'NONE',  ( 0.000000000000000000, 0.000000000000000000, -1.000000000000000000 ) ) ;
#713 = DIRECTION ( 'NONE',  ( 0.000000000000000000, 0.000000000000000000, -1.000000000000000000 ) ) ;
#714 = DIRECTION ( 'NONE',  ( -0.000000000000000000, -1.000000000000000000, -0.000000000000000000 ) ) ;
#715 = CYLINDRICAL_SURFACE ( 'NONE', #445, 2.650000000005106493 ) ;
#716 = ORIENTED_EDGE ( 'NONE', *, *, #1609, .F. ) ;
#717 = AXIS2_PLACEMENT_3D ( 'NONE', #2063, #1532, #2278 ) ;
#718 = ORIENTED_EDGE ( 'NONE', *, *, #14, .T. ) ;
#719 = VERTEX_POINT ( 'NONE', #2289 ) ;
#720 = AXIS2_PLACEMENT_3D ( 'NONE', #1177, #2246, #1495 ) ;
#721 = ORIENTED_EDGE ( 'NONE', *, *, #1320, .F. ) ;
#722 = MECHANICAL_DESIGN_GEOMETRIC_PRESENTATION_REPRESENTATION (  '', ( #1633 ), #868 ) ;
#723 = CARTESIAN_POINT ( 'NONE',  ( 58.00000000000001421, -4.000000000000000000, 63.00000000000681410 ) ) ;
#724 = CARTESIAN_POINT ( 'NONE',  ( -64.99999999999640465, 0.000000000000000000, 65.00000000000005684 ) ) ;
#725 = EDGE_CURVE ( 'NONE', #507, #1527, #1401, .T. ) ;
#726 = LINE ( 'NONE', #755, #820 ) ;
#727 = CYLINDRICAL_SURFACE ( 'NONE', #1968, 3.000000000000002665 ) ;
#728 = LINE ( 'NONE', #2199, #4 ) ;
#729 = CARTESIAN_POINT ( 'NONE',  ( -47.45000000000001705, 4.000000000000000000, -51.20000000000000995 ) ) ;
#730 = ADVANCED_FACE ( 'NONE', ( #555 ), #405, .F. ) ;
#731 = ORIENTED_EDGE ( 'NONE', *, *, #321, .F. ) ;
#732 = ORIENTED_EDGE ( 'NONE', *, *, #1517, .T. ) ;
#733 = EDGE_LOOP ( 'NONE', ( #1610, #53, #1171, #772 ) ) ;
#734 = CARTESIAN_POINT ( 'NONE',  ( 19.00000000000000000, 2.400000000000000355, 47.95000000000000995 ) ) ;
#735 = CYLINDRICAL_SURFACE ( 'NONE', #1722, 4.500000000000003553 ) ;
#736 = FACE_OUTER_BOUND ( 'NONE', #1113, .T. ) ;
#737 = ORIENTED_EDGE ( 'NONE', *, *, #289, .T. ) ;
#738 = FACE_BOUND ( 'NONE', #1402, .T. ) ;
#739 = EDGE_CURVE ( 'NONE', #460, #105, #760, .T. ) ;
#740 = AXIS2_PLACEMENT_3D ( 'NONE', #1372, #958, #2215 ) ;
#741 = CARTESIAN_POINT ( 'NONE',  ( -65.00000000000005684, -3.000000000000000000, -65.00000000000001421 ) ) ;
#742 = CARTESIAN_POINT ( 'NONE',  ( 58.00000000000340350, -3.500000000000000000, -57.99999999999670308 ) ) ;
#743 = VECTOR ( 'NONE', #462, 1000.000000000000000 ) ;
#744 = ORIENTED_EDGE ( 'NONE', *, *, #1237, .F. ) ;
#745 = EDGE_CURVE ( 'NONE', #1158, #458, #25, .T. ) ;
#746 = VECTOR ( 'NONE', #1389, 1000.000000000000000 ) ;
#747 = ORIENTED_EDGE ( 'NONE', *, *, #1755, .T. ) ;
#748 = VERTEX_POINT ( 'NONE', #1131 ) ;
#749 = CARTESIAN_POINT ( 'NONE',  ( -58.00000000000006395, -3.500000000000000000, 53.00000000000001421 ) ) ;
#750 = AXIS2_PLACEMENT_3D ( 'NONE', #11, #1970, #1652 ) ;
#751 = ORIENTED_EDGE ( 'NONE', *, *, #1258, .F. ) ;
#752 = AXIS2_PLACEMENT_3D ( 'NONE', #174, #888, #713 ) ;
#753 = CARTESIAN_POINT ( 'NONE',  ( 0.000000000000000000, -4.000000000000000000, 0.000000000000000000 ) ) ;
#754 = CARTESIAN_POINT ( 'NONE',  ( 19.00000000000000355, 4.000000000000000000, 51.20000000000000995 ) ) ;
#755 = CARTESIAN_POINT ( 'NONE',  ( -19.00000000000000000, 4.000000000000000000, 51.95000000000000995 ) ) ;
#756 = EDGE_CURVE ( 'NONE', #940, #1826, #1316, .T. ) ;
#757 = ORIENTED_EDGE ( 'NONE', *, *, #403, .T. ) ;
#758 = FACE_BOUND ( 'NONE', #369, .T. ) ;
#759 = DIRECTION ( 'NONE',  ( -1.000000000000000000, 0.000000000000000000, 0.000000000000000000 ) ) ;
#760 = LINE ( 'NONE', #925, #1763 ) ;
#761 = ORIENTED_EDGE ( 'NONE', *, *, #161, .F. ) ;
#762 = UNCERTAINTY_MEASURE_WITH_UNIT (LENGTH_MEASURE( 1.000000000000000082E-05 ), #1681, 'distance_accuracy_value', 'NONE');
#763 = VERTEX_POINT ( 'NONE', #1996 ) ;
#764 = VERTEX_POINT ( 'NONE', #569 ) ;
#765 = DIRECTION ( 'NONE',  ( 0.000000000000000000, 1.000000000000000000, 0.000000000000000000 ) ) ;
#766 = VECTOR ( 'NONE', #1819, 1000.000000000000000 ) ;
#767 = VECTOR ( 'NONE', #489, 1000.000000000000000 ) ;
#768 =( NAMED_UNIT ( * ) PLANE_ANGLE_UNIT ( ) SI_UNIT ( $, .RADIAN. ) );
#769 = EDGE_CURVE ( 'NONE', #472, #1752, #1880, .T. ) ;
#770 = DIRECTION ( 'NONE',  ( 0.000000000000000000, 0.000000000000000000, -1.000000000000000000 ) ) ;
#771 = DIRECTION ( 'NONE',  ( -0.000000000000000000, -0.000000000000000000, -1.000000000000000000 ) ) ;
#772 = ORIENTED_EDGE ( 'NONE', *, *, #817, .F. ) ;
#773 = FACE_OUTER_BOUND ( 'NONE', #28, .T. ) ;
#774 = CARTESIAN_POINT ( 'NONE',  ( -40.90000000000001279, 3.250000000000000444, -47.15000000000000568 ) ) ;
#775 = FACE_BOUND ( 'NONE', #197, .T. ) ;
#776 = ORIENTED_EDGE ( 'NONE', *, *, #1285, .F. ) ;
#777 = LINE ( 'NONE', #209, #2262 ) ;
#778 = EDGE_CURVE ( 'NONE', #1826, #2072, #1211, .T. ) ;
#779 =( NAMED_UNIT ( * ) SI_UNIT ( $, .STERADIAN. ) SOLID_ANGLE_UNIT ( ) );
#780 = CARTESIAN_POINT ( 'NONE',  ( -65.00000000000005684, 0.000000000000000000, -62.35000000000001563 ) ) ;
#781 = EDGE_CURVE ( 'NONE', #494, #656, #2188, .T. ) ;
#782 = DIRECTION ( 'NONE',  ( -1.000000000000000000, 0.000000000000000000, 0.000000000000000000 ) ) ;
#783 = CARTESIAN_POINT ( 'NONE',  ( 16.67213303044460915, 3.949048819747090544, 50.61565501883488594 ) ) ;
#784 = DIRECTION ( 'NONE',  ( -0.000000000000000000, -1.000000000000000000, -0.000000000000000000 ) ) ;
#785 = VERTEX_POINT ( 'NONE', #1482 ) ;
#786 = CIRCLE ( 'NONE', #2214, 4.999999999999997335 ) ;
#787 = CARTESIAN_POINT ( 'NONE',  ( -37.14999999999999858, 2.400000000000000355, 47.14999999999999147 ) ) ;
#788 = TOROIDAL_SURFACE ( 'NONE', #703, 3.250000000000000444, 0.7500000000000000000 ) ;
#789 = ORIENTED_EDGE ( 'NONE', *, *, #26, .F. ) ;
#790 = VERTEX_POINT ( 'NONE', #1821 ) ;
#791 = CIRCLE ( 'NONE', #1698, 0.7500000000000006661 ) ;
#792 = DIRECTION ( 'NONE',  ( 0.000000000000000000, -1.000000000000000000, 0.000000000000000000 ) ) ;
#793 = DIRECTION ( 'NONE',  ( -0.000000000000000000, -1.000000000000000000, -0.000000000000000000 ) ) ;
#794 = CARTESIAN_POINT ( 'NONE',  ( -40.14999999999999858, 3.250000000000000444, 47.14999999999999147 ) ) ;
#795 = CARTESIAN_POINT ( 'NONE',  ( -47.45000000000000284, 0.000000000000000000, 51.95000000000000995 ) ) ;
#796 = ORIENTED_EDGE ( 'NONE', *, *, #1656, .T. ) ;
#797 = DIRECTION ( 'NONE',  ( 0.000000000000000000, 0.000000000000000000, 1.000000000000000000 ) ) ;
#798 = AXIS2_PLACEMENT_3D ( 'NONE', #24, #1469, #1671 ) ;
#799 = VERTEX_POINT ( 'NONE', #583 ) ;
#800 = AXIS2_PLACEMENT_3D ( 'NONE', #1120, #553, #13 ) ;
#801 = CARTESIAN_POINT ( 'NONE',  ( 15.00000000000000000, 0.000000000000000000, 47.95000000000000995 ) ) ;
#802 = PLANE ( 'NONE',  #2003 ) ;
#803 = VERTEX_POINT ( 'NONE', #1984 ) ;
#804 = CARTESIAN_POINT ( 'NONE',  ( 51.19999999999999574, 3.250000000000000444, 47.44999999999998863 ) ) ;
#805 = AXIS2_PLACEMENT_3D ( 'NONE', #1141, #620, #446 ) ;
#806 = DIRECTION ( 'NONE',  ( 0.000000000000000000, 0.000000000000000000, 1.000000000000000000 ) ) ;
#807 = EDGE_LOOP ( 'NONE', ( #1543, #1977, #1344, #1864 ) ) ;
#808 = EDGE_CURVE ( 'NONE', #1036, #1891, #182, .T. ) ;
#809 = FACE_OUTER_BOUND ( 'NONE', #1275, .T. ) ;
#810 = EDGE_LOOP ( 'NONE', ( #263, #97 ) ) ;
#811 = DIRECTION ( 'NONE',  ( -1.471663606342996571E-16, 0.000000000000000000, -1.000000000000000000 ) ) ;
#812 = DIRECTION ( 'NONE',  ( 0.000000000000000000, 0.000000000000000000, -1.000000000000000000 ) ) ;
#813 = DIRECTION ( 'NONE',  ( 0.000000000000000000, 0.000000000000000000, -1.000000000000000000 ) ) ;
#814 = ADVANCED_FACE ( 'NONE', ( #2016 ), #1446, .F. ) ;
#815 = ORIENTED_EDGE ( 'NONE', *, *, #278, .F. ) ;
#816 = LINE ( 'NONE', #1067, #425 ) ;
#817 = EDGE_CURVE ( 'NONE', #1036, #1997, #949, .T. ) ;
#818 = AXIS2_PLACEMENT_3D ( 'NONE', #1928, #1218, #495 ) ;
#819 = DIRECTION ( 'NONE',  ( -0.000000000000000000, 0.000000000000000000, 1.000000000000000000 ) ) ;
#820 = VECTOR ( 'NONE', #1479, 1000.000000000000000 ) ;
#821 = DIRECTION ( 'NONE',  ( 0.000000000000000000, 0.000000000000000000, 1.000000000000000000 ) ) ;
#822 = CARTESIAN_POINT ( 'NONE',  ( 51.19999999999998153, 4.000000000000000000, -47.45000000000000284 ) ) ;
#823 = ORIENTED_EDGE ( 'NONE', *, *, #898, .T. ) ;
#824 = DIRECTION ( 'NONE',  ( -0.000000000000000000, -1.000000000000000000, -0.000000000000000000 ) ) ;
#825 = CARTESIAN_POINT ( 'NONE',  ( -65.00000000000005684, -3.000000000000000000, -67.65000000000001990 ) ) ;
#826 = ORIENTED_EDGE ( 'NONE', *, *, #1357, .T. ) ;
#827 = PRODUCT_DEFINITION ( 'Œ¥÷™', '', #916, #27 ) ;
#828 = AXIS2_PLACEMENT_3D ( 'NONE', #741, #1121, #1794 ) ;
#829 = CARTESIAN_POINT ( 'NONE',  ( 37.14999999999997726, 2.400000000000000355, -50.15000000000000568 ) ) ;
#830 = AXIS2_PLACEMENT_3D ( 'NONE', #1568, #860, #1029 ) ;
#831 = ADVANCED_FACE ( 'NONE', ( #1282, #906, #775, #1457, #1497, #2209 ), #594, .T. ) ;
#832 = CARTESIAN_POINT ( 'NONE',  ( 15.00000000000000000, 0.000000000000000000, 47.95000000000000995 ) ) ;
#833 = VECTOR ( 'NONE', #1783, 1000.000000000000000 ) ;
#834 = CARTESIAN_POINT ( 'NONE',  ( -47.45000000000000284, 4.000000000000000000, 51.95000000000000995 ) ) ;
#835 = VERTEX_POINT ( 'NONE', #1144 ) ;
#836 = FACE_OUTER_BOUND ( 'NONE', #1114, .T. ) ;
#837 = VERTEX_POINT ( 'NONE', #1620 ) ;
#838 = DIRECTION ( 'NONE',  ( -0.000000000000000000, 1.000000000000000000, -0.000000000000000000 ) ) ;
#839 = ORIENTED_EDGE ( 'NONE', *, *, #2257, .T. ) ;
#840 = ADVANCED_FACE ( 'NONE', ( #2340 ), #715, .F. ) ;
#841 = DIRECTION ( 'NONE',  ( -0.000000000000000000, 1.000000000000000000, -0.000000000000000000 ) ) ;
#842 = CARTESIAN_POINT ( 'NONE',  ( 65.00000000000002842, 0.000000000000000000, -62.34999999999993747 ) ) ;
#843 = ADVANCED_FACE ( 'NONE', ( #544 ), #364, .T. ) ;
#844 = DIRECTION ( 'NONE',  ( 0.000000000000000000, 0.000000000000000000, -1.000000000000000000 ) ) ;
#845 = VERTEX_POINT ( 'NONE', #103 ) ;
#846 = CARTESIAN_POINT ( 'NONE',  ( 37.14999999999999147, 4.000000000000000000, 50.89999999999999147 ) ) ;
#847 = EDGE_LOOP ( 'NONE', ( #931, #1447, #721, #1912 ) ) ;
#848 = CARTESIAN_POINT ( 'NONE',  ( 64.99999999999994316, -4.000000000000000000, -70.00000000000000000 ) ) ;
#849 = EDGE_LOOP ( 'NONE', ( #1648, #1539, #1950, #2001 ) ) ;
#850 = LINE ( 'NONE', #502, #1371 ) ;
#851 = AXIS2_PLACEMENT_3D ( 'NONE', #1552, #68, #969 ) ;
#852 = DIRECTION ( 'NONE',  ( 0.000000000000000000, 1.000000000000000000, 0.000000000000000000 ) ) ;
#853 = CARTESIAN_POINT ( 'NONE',  ( -51.95000000000001705, 3.250000000000000444, -47.45000000000000284 ) ) ;
#854 = LINE ( 'NONE', #2300, #421 ) ;
#855 = LINE ( 'NONE', #1583, #1426 ) ;
#856 = PRODUCT_DEFINITION_SHAPE ( 'NONE', 'NONE',  #827 ) ;
#857 = ORIENTED_EDGE ( 'NONE', *, *, #2106, .T. ) ;
#858 = DIRECTION ( 'NONE',  ( 0.000000000000000000, 0.000000000000000000, 1.000000000000000000 ) ) ;
#859 = ORIENTED_EDGE ( 'NONE', *, *, #525, .T. ) ;
#860 = DIRECTION ( 'NONE',  ( 1.000000000000000000, -0.000000000000000000, 0.000000000000000000 ) ) ;
#861 = LINE ( 'NONE', #1040, #2266 ) ;
#862 = CARTESIAN_POINT ( 'NONE',  ( 37.14999999999998437, 2.400000000000000355, -47.15000000000000568 ) ) ;
#863 = CIRCLE ( 'NONE', #717, 3.750000000000003553 ) ;
#864 = EDGE_CURVE ( 'NONE', #319, #2024, #2070, .T. ) ;
#865 = ORIENTED_EDGE ( 'NONE', *, *, #1285, .T. ) ;
#866 = CYLINDRICAL_SURFACE ( 'NONE', #1507, 5.000000000001766587 ) ;
#867 = CIRCLE ( 'NONE', #1746, 0.7500000000000006661 ) ;
#868 =( GEOMETRIC_REPRESENTATION_CONTEXT ( 3 ) GLOBAL_UNCERTAINTY_ASSIGNED_CONTEXT ( ( #1823 ) ) GLOBAL_UNIT_ASSIGNED_CONTEXT ( ( #2031, #411, #779 ) ) REPRESENTATION_CONTEXT ( 'NONE', 'WORKASPACE' ) );
#869 = LINE ( 'NONE', #1574, #1361 ) ;
#870 = EDGE_CURVE ( 'NONE', #1752, #1635, #1890, .T. ) ;
#871 = ORIENTED_EDGE ( 'NONE', *, *, #137, .F. ) ;
#872 = EDGE_LOOP ( 'NONE', ( #757, #1450, #422, #732 ) ) ;
#873 = DIRECTION ( 'NONE',  ( 0.000000000000000000, 0.000000000000000000, -1.000000000000000000 ) ) ;
#874 = DIRECTION ( 'NONE',  ( -0.000000000000000000, -1.000000000000000000, -0.000000000000000000 ) ) ;
#875 = DIRECTION ( 'NONE',  ( 0.000000000000000000, -1.000000000000000000, 0.000000000000000000 ) ) ;
#876 = DIRECTION ( 'NONE',  ( 0.000000000000000000, 1.000000000000000000, 0.000000000000000000 ) ) ;
#877 = FACE_OUTER_BOUND ( 'NONE', #733, .T. ) ;
#878 = ORIENTED_EDGE ( 'NONE', *, *, #2042, .F. ) ;
#879 = DIRECTION ( 'NONE',  ( 0.000000000000000000, 1.000000000000000000, 0.000000000000000000 ) ) ;
#880 = EDGE_CURVE ( 'NONE', #2239, #1959, #34, .T. ) ;
#881 = ORIENTED_EDGE ( 'NONE', *, *, #232, .F. ) ;
#882 = CARTESIAN_POINT ( 'NONE',  ( 65.00000000000368061, -3.000000000000000000, 62.34999999999129017 ) ) ;
#883 = EDGE_LOOP ( 'NONE', ( #1025, #595 ) ) ;
#884 = EDGE_CURVE ( 'NONE', #799, #193, #1005, .T. ) ;
#885 = ORIENTED_EDGE ( 'NONE', *, *, #465, .T. ) ;
#886 = CYLINDRICAL_SURFACE ( 'NONE', #1347, 4.500000000000003553 ) ;
#887 = CARTESIAN_POINT ( 'NONE',  ( -17.63618183030132514, 4.000000000000000000, 50.89999999999996305 ) ) ;
#888 = DIRECTION ( 'NONE',  ( 1.000000000000000000, 0.000000000000000000, 0.000000000000000000 ) ) ;
#889 = CIRCLE ( 'NONE', #851, 3.750000000000003553 ) ;
#890 = DIRECTION ( 'NONE',  ( 0.000000000000000000, 1.000000000000000000, 0.000000000000000000 ) ) ;
#891 = CIRCLE ( 'NONE', #287, 4.000000000000003553 ) ;
#892 = DIRECTION ( 'NONE',  ( 0.000000000000000000, 0.000000000000000000, 1.000000000000000000 ) ) ;
#893 = DIRECTION ( 'NONE',  ( 0.000000000000000000, 1.000000000000000000, 0.000000000000000000 ) ) ;
#894 = CIRCLE ( 'NONE', #2073, 3.750000000000003553 ) ;
#895 = ORIENTED_EDGE ( 'NONE', *, *, #942, .F. ) ;
#896 = EDGE_LOOP ( 'NONE', ( #2179, #1895, #1421, #1228 ) ) ;
#897 = VERTEX_POINT ( 'NONE', #1192 ) ;
#898 = EDGE_CURVE ( 'NONE', #357, #616, #1135, .T. ) ;
#899 = EDGE_CURVE ( 'NONE', #835, #1461, #1541, .T. ) ;
#900 = DIRECTION ( 'NONE',  ( 0.000000000000000000, 1.000000000000000000, 0.000000000000000000 ) ) ;
#901 = DIRECTION ( 'NONE',  ( 1.462359094606370465E-16, 0.000000000000000000, 1.000000000000000000 ) ) ;
#902 = EDGE_CURVE ( 'NONE', #1798, #1808, #2333, .T. ) ;
#903 = DIRECTION ( 'NONE',  ( -1.462359094606370465E-16, -0.000000000000000000, -1.000000000000000000 ) ) ;
#904 = CARTESIAN_POINT ( 'NONE',  ( -47.45000000000001705, 3.250000000000000444, -47.45000000000000284 ) ) ;
#905 = CARTESIAN_POINT ( 'NONE',  ( 64.99999999999994316, -4.000000000000000000, 69.99999999999998579 ) ) ;
#906 = FACE_BOUND ( 'NONE', #1593, .T. ) ;
#907 = AXIS2_PLACEMENT_3D ( 'NONE', #415, #1143, #2208 ) ;
#908 = MECHANICAL_DESIGN_GEOMETRIC_PRESENTATION_REPRESENTATION (  '', ( #380 ), #1107 ) ;
#909 = EDGE_LOOP ( 'NONE', ( #1014, #1975, #1809, #155, #1582, #1757, #1926, #17 ) ) ;
#910 = CIRCLE ( 'NONE', #2228, 2.650000000005106493 ) ;
#911 = EDGE_LOOP ( 'NONE', ( #685, #695, #1448, #1893 ) ) ;
#912 = ORIENTED_EDGE ( 'NONE', *, *, #1313, .T. ) ;
#913 = APPLICATION_CONTEXT ( 'automotive_design' ) ;
#914 = AXIS2_PLACEMENT_3D ( 'NONE', #804, #631, #2081 ) ;
#915 = EDGE_LOOP ( 'NONE', ( #1705, #1978 ) ) ;
#916 = PRODUCT_DEFINITION_FORMATION_WITH_SPECIFIED_SOURCE ( '»Œ∫Œ', '', #1767, .NOT_KNOWN. ) ;
#917 = EDGE_CURVE ( 'NONE', #274, #1527, #104, .T. ) ;
#918 = CARTESIAN_POINT ( 'NONE',  ( 65.00000000000368061, -3.000000000000000000, 64.99999999999639044 ) ) ;
#919 = LINE ( 'NONE', #2145, #1167 ) ;
#920 = CARTESIAN_POINT ( 'NONE',  ( -37.14999999999999858, 4.000000000000000000, 50.89999999999999147 ) ) ;
#921 = ORIENTED_EDGE ( 'NONE', *, *, #1599, .T. ) ;
#922 = FACE_OUTER_BOUND ( 'NONE', #1061, .T. ) ;
#923 = EDGE_CURVE ( 'NONE', #458, #29, #894, .T. ) ;
#924 = DIRECTION ( 'NONE',  ( 0.000000000000000000, 0.000000000000000000, 1.000000000000000000 ) ) ;
#925 = CARTESIAN_POINT ( 'NONE',  ( 51.94999999999999574, 4.000000000000000000, -47.45000000000000284 ) ) ;
#926 = ORIENTED_EDGE ( 'NONE', *, *, #539, .F. ) ;
#927 = ORIENTED_EDGE ( 'NONE', *, *, #1379, .T. ) ;
#928 = EDGE_LOOP ( 'NONE', ( #367, #1940, #32, #1360 ) ) ;
#929 = EDGE_LOOP ( 'NONE', ( #129, #1011, #2291, #1047 ) ) ;
#930 = DIRECTION ( 'NONE',  ( -0.000000000000000000, -1.000000000000000000, -0.000000000000000000 ) ) ;
#931 = ORIENTED_EDGE ( 'NONE', *, *, #218, .T. ) ;
#932 = DIRECTION ( 'NONE',  ( -0.000000000000000000, 1.000000000000000000, -0.000000000000000000 ) ) ;
#933 = CARTESIAN_POINT ( 'NONE',  ( 64.99999999999994316, -4.000000000000000000, 69.99999999999998579 ) ) ;
#934 = CARTESIAN_POINT ( 'NONE',  ( 65.00000000000002842, -3.000000000000000000, -65.00000000000368061 ) ) ;
#935 = LINE ( 'NONE', #1279, #1740 ) ;
#936 = VECTOR ( 'NONE', #143, 1000.000000000000000 ) ;
#937 = CARTESIAN_POINT ( 'NONE',  ( 0.000000000000000000, 2.400000000000000355, 0.000000000000000000 ) ) ;
#938 = CARTESIAN_POINT ( 'NONE',  ( 65.00000000000002842, -3.000000000000000000, -65.00000000000368061 ) ) ;
#939 = AXIS2_PLACEMENT_3D ( 'NONE', #2116, #130, #1573 ) ;
#940 = VERTEX_POINT ( 'NONE', #1368 ) ;
#941 = TOROIDAL_SURFACE ( 'NONE', #750, 3.750000000000002665, 0.7500000000000000000 ) ;
#942 = EDGE_CURVE ( 'NONE', #1383, #1752, #1471, .T. ) ;
#943 = ORIENTED_EDGE ( 'NONE', *, *, #599, .T. ) ;
#944 = CARTESIAN_POINT ( 'NONE',  ( -47.45000000000000284, 4.000000000000000000, 51.20000000000000995 ) ) ;
#945 = CARTESIAN_POINT ( 'NONE',  ( -47.45000000000000284, 3.250000000000000444, 51.95000000000000995 ) ) ;
#946 = CARTESIAN_POINT ( 'NONE',  ( 64.99999999999994316, 0.000000000000000000, -64.99999999999998579 ) ) ;
#947 = VECTOR ( 'NONE', #618, 1000.000000000000000 ) ;
#948 = CARTESIAN_POINT ( 'NONE',  ( -65.00000000000002842, 0.000000000000000000, 69.99999999999998579 ) ) ;
#949 = LINE ( 'NONE', #1672, #1170 ) ;
#950 = VERTEX_POINT ( 'NONE', #2093 ) ;
#951 = CIRCLE ( 'NONE', #798, 3.750000000000003553 ) ;
#952 = AXIS2_PLACEMENT_3D ( 'NONE', #1395, #841, #1743 ) ;
#953 = CARTESIAN_POINT ( 'NONE',  ( 64.99999999999994316, -4.000000000000000000, -70.00000000000000000 ) ) ;
#954 = CIRCLE ( 'NONE', #198, 0.7500000000000006661 ) ;
#955 = ADVANCED_FACE ( 'NONE', ( #1901 ), #1879, .F. ) ;
#956 = ORIENTED_EDGE ( 'NONE', *, *, #2257, .F. ) ;
#957 = VECTOR ( 'NONE', #1888, 1000.000000000000000 ) ;
#958 = DIRECTION ( 'NONE',  ( 0.000000000000000000, -1.000000000000000000, 0.000000000000000000 ) ) ;
#959 = LINE ( 'NONE', #2224, #1022 ) ;
#960 = CARTESIAN_POINT ( 'NONE',  ( -51.95000000000000284, 0.000000000000000000, 47.45000000000000284 ) ) ;
#961 = DIRECTION ( 'NONE',  ( 0.000000000000000000, 0.000000000000000000, -1.000000000000000000 ) ) ;
#962 = ORIENTED_EDGE ( 'NONE', *, *, #2018, .T. ) ;
#963 = ORIENTED_EDGE ( 'NONE', *, *, #615, .F. ) ;
#964 = DIRECTION ( 'NONE',  ( -1.000000000000000000, -0.000000000000000000, -0.000000000000000000 ) ) ;
#965 = ORIENTED_EDGE ( 'NONE', *, *, #2141, .T. ) ;
#966 = ORIENTED_EDGE ( 'NONE', *, *, #351, .T. ) ;
#967 = VERTEX_POINT ( 'NONE', #1156 ) ;
#968 = EDGE_CURVE ( 'NONE', #1646, #1158, #706, .T. ) ;
#969 = DIRECTION ( 'NONE',  ( 0.000000000000000000, 0.000000000000000000, 1.000000000000000000 ) ) ;
#970 = LINE ( 'NONE', #980, #1729 ) ;
#971 = DIRECTION ( 'NONE',  ( 0.000000000000000000, 1.000000000000000000, -0.000000000000000000 ) ) ;
#972 = DIRECTION ( 'NONE',  ( 0.000000000000000000, 1.000000000000000000, 0.000000000000000000 ) ) ;
#973 = ORIENTED_EDGE ( 'NONE', *, *, #1830, .T. ) ;
#974 = AXIS2_PLACEMENT_3D ( 'NONE', #37, #1639, #2158 ) ;
#975 = CARTESIAN_POINT ( 'NONE',  ( 69.99999999999995737, -4.000000000000000000, -64.99999999999998579 ) ) ;
#976 = CIRCLE ( 'NONE', #2290, 3.250000000000002665 ) ;
#977 = ORIENTED_EDGE ( 'NONE', *, *, #870, .T. ) ;
#978 = ORIENTED_EDGE ( 'NONE', *, *, #181, .F. ) ;
#979 = CIRCLE ( 'NONE', #1882, 4.500000000000003553 ) ;
#980 = CARTESIAN_POINT ( 'NONE',  ( -37.14999999999999858, 2.400000000000000355, 47.95000000000000995 ) ) ;
#981 = CARTESIAN_POINT ( 'NONE',  ( 58.00000000000340350, -4.000000000000000000, -63.00000000000135714 ) ) ;
#982 = ADVANCED_FACE ( 'NONE', ( #62 ), #2220, .T. ) ;
#983 = B_SPLINE_CURVE_WITH_KNOTS ( 'NONE', 3,
 ( #1528, #1323, #249, #2060, #1856, #1503, #61, #783, #601, #2218, #71, #1877 ),
 .UNSPECIFIED., .F., .F.,
 ( 4, 2, 2, 2, 2, 4 ),
 ( 0.000000000000000000, 0.0003034096535813628941, 0.0006068193071627257882, 0.001213638614325452227, 0.001820457921488178449, 0.002427277228650904888 ),
 .UNSPECIFIED. ) ;
#984 = LINE ( 'NONE', #795, #597 ) ;
#985 = VERTEX_POINT ( 'NONE', #2052 ) ;
#986 = CARTESIAN_POINT ( 'NONE',  ( -47.45000000000001705, 3.250000000000000444, -51.20000000000000995 ) ) ;
#987 = AXIS2_PLACEMENT_3D ( 'NONE', #2030, #408, #574 ) ;
#988 = AXIS2_PLACEMENT_3D ( 'NONE', #774, #42, #554 ) ;
#989 = ORIENTED_EDGE ( 'NONE', *, *, #1335, .F. ) ;
#990 = CIRCLE ( 'NONE', #117, 3.750000000000003553 ) ;
#991 = SHAPE_DEFINITION_REPRESENTATION ( #856, #1828 ) ;
#992 = EDGE_CURVE ( 'NONE', #763, #2072, #250, .T. ) ;
#993 = CARTESIAN_POINT ( 'NONE',  ( -15.81738614897147244, 3.603575777943420100, 50.23341766266957364 ) ) ;
#994 = DIRECTION ( 'NONE',  ( -0.000000000000000000, -1.000000000000000000, -0.000000000000000000 ) ) ;
#995 = DIRECTION ( 'NONE',  ( 1.000000000000000000, 0.000000000000000000, -0.000000000000000000 ) ) ;
#996 = EDGE_CURVE ( 'NONE', #604, #193, #984, .T. ) ;
#997 = ORIENTED_EDGE ( 'NONE', *, *, #2231, .F. ) ;
#998 = DIRECTION ( 'NONE',  ( -0.000000000000000000, 1.000000000000000000, -0.000000000000000000 ) ) ;
#999 = ORIENTED_EDGE ( 'NONE', *, *, #2141, .F. ) ;
#1000 = ORIENTED_EDGE ( 'NONE', *, *, #1324, .T. ) ;
#1001 = ADVANCED_FACE ( 'NONE', ( #2069 ), #1712, .T. ) ;
#1002 = DIRECTION ( 'NONE',  ( 0.000000000000000000, 1.000000000000000000, 0.000000000000000000 ) ) ;
#1003 = ORIENTED_EDGE ( 'NONE', *, *, #281, .F. ) ;
#1004 = DIRECTION ( 'NONE',  ( -0.000000000000000000, 1.000000000000000000, -0.000000000000000000 ) ) ;
#1005 = LINE ( 'NONE', #2237, #290 ) ;
#1006 = EDGE_CURVE ( 'NONE', #1383, #799, #979, .T. ) ;
#1007 = ORIENTED_EDGE ( 'NONE', *, *, #880, .T. ) ;
#1008 = ADVANCED_FACE ( 'NONE', ( #1603 ), #1431, .T. ) ;
#1009 = CYLINDRICAL_SURFACE ( 'NONE', #1860, 4.999999999999997335 ) ;
#1010 = DIRECTION ( 'NONE',  ( 0.000000000000000000, 0.000000000000000000, 1.000000000000000000 ) ) ;
#1011 = ORIENTED_EDGE ( 'NONE', *, *, #769, .F. ) ;
#1012 = EDGE_CURVE ( 'NONE', #460, #1383, #136, .T. ) ;
#1013 = CIRCLE ( 'NONE', #1538, 2.650000000005106493 ) ;
#1014 = ORIENTED_EDGE ( 'NONE', *, *, #1830, .F. ) ;
#1015 = VECTOR ( 'NONE', #2135, 1000.000000000000000 ) ;
#1016 = DIRECTION ( 'NONE',  ( -0.000000000000000000, 1.000000000000000000, -0.000000000000000000 ) ) ;
#1017 = AXIS2_PLACEMENT_3D ( 'NONE', #361, #2196, #202 ) ;
#1018 = CYLINDRICAL_SURFACE ( 'NONE', #1187, 5.000000000000011546 ) ;
#1019 = DIRECTION ( 'NONE',  ( 0.000000000000000000, 0.000000000000000000, 1.000000000000000000 ) ) ;
#1020 = EDGE_LOOP ( 'NONE', ( #1217, #2029, #474, #1999 ) ) ;
#1021 = EDGE_CURVE ( 'NONE', #785, #837, #1226, .T. ) ;
#1022 = VECTOR ( 'NONE', #2244, 1000.000000000000000 ) ;
#1023 = DIRECTION ( 'NONE',  ( 1.000000000000000000, 0.000000000000000000, 0.000000000000000000 ) ) ;
#1024 = CARTESIAN_POINT ( 'NONE',  ( 65.00000000000002842, -3.000000000000000000, -65.00000000000368061 ) ) ;
#1025 = ORIENTED_EDGE ( 'NONE', *, *, #278, .T. ) ;
#1026 = ORIENTED_EDGE ( 'NONE', *, *, #745, .T. ) ;
#1027 = AXIS2_PLACEMENT_3D ( 'NONE', #1348, #793, #1514 ) ;
#1028 = ADVANCED_FACE ( 'NONE', ( #1943 ), #2124, .F. ) ;
#1029 = DIRECTION ( 'NONE',  ( 0.000000000000000000, 0.000000000000000000, -1.000000000000000000 ) ) ;
#1030 = TOROIDAL_SURFACE ( 'NONE', #534, 3.750000000000000888, 0.7500000000000000000 ) ;
#1031 = PLANE ( 'NONE',  #1150 ) ;
#1032 = CARTESIAN_POINT ( 'NONE',  ( 51.95000000000000284, 3.250000000000000444, 47.45000000000000284 ) ) ;
#1033 = AXIS2_PLACEMENT_3D ( 'NONE', #1367, #971, #268 ) ;
#1034 = ORIENTED_EDGE ( 'NONE', *, *, #257, .F. ) ;
#1035 = CARTESIAN_POINT ( 'NONE',  ( -51.95000000000001705, 3.250000000000000444, -47.45000000000000284 ) ) ;
#1036 = VERTEX_POINT ( 'NONE', #1053 ) ;
#1037 = CARTESIAN_POINT ( 'NONE',  ( 65.00000000000368061, 0.000000000000000000, 64.99999999999639044 ) ) ;
#1038 = EDGE_LOOP ( 'NONE', ( #30, #142, #1284, #1963 ) ) ;
#1039 = FACE_OUTER_BOUND ( 'NONE', #872, .T. ) ;
#1040 = CARTESIAN_POINT ( 'NONE',  ( 19.00000000000000355, 4.000000000000000000, 51.95000000000000995 ) ) ;
#1041 = CARTESIAN_POINT ( 'NONE',  ( 37.14999999999998437, 3.250000000000000444, 50.14999999999999147 ) ) ;
#1042 = ORIENTED_EDGE ( 'NONE', *, *, #1204, .T. ) ;
#1043 = FACE_OUTER_BOUND ( 'NONE', #896, .T. ) ;
#1044 = ORIENTED_EDGE ( 'NONE', *, *, #253, .T. ) ;
#1045 = CARTESIAN_POINT ( 'NONE',  ( 65.00000000000368061, -3.000000000000000000, 67.65000000000149782 ) ) ;
#1046 = ORIENTED_EDGE ( 'NONE', *, *, #917, .T. ) ;
#1047 = ORIENTED_EDGE ( 'NONE', *, *, #1006, .F. ) ;
#1048 = FACE_OUTER_BOUND ( 'NONE', #929, .T. ) ;
#1049 = VECTOR ( 'NONE', #602, 1000.000000000000000 ) ;
#1050 = ORIENTED_EDGE ( 'NONE', *, *, #1562, .T. ) ;
#1051 = DIRECTION ( 'NONE',  ( 0.000000000000000000, 0.000000000000000000, -1.000000000000000000 ) ) ;
#1052 = AXIS2_PLACEMENT_3D ( 'NONE', #1095, #16, #632 ) ;
#1053 = CARTESIAN_POINT ( 'NONE',  ( 58.00000000000340350, -3.500000000000000000, -63.00000000000135714 ) ) ;
#1054 = VECTOR ( 'NONE', #1178, 1000.000000000000000 ) ;
#1055 = ADVANCED_FACE ( 'NONE', ( #666 ), #1408, .T. ) ;
#1056 = VERTEX_POINT ( 'NONE', #853 ) ;
#1057 = AXIS2_PLACEMENT_3D ( 'NONE', #276, #1868, #1545 ) ;
#1058 = DIRECTION ( 'NONE',  ( 0.000000000000000000, 1.000000000000000000, 0.000000000000000000 ) ) ;
#1059 = ORIENTED_EDGE ( 'NONE', *, *, #2051, .F. ) ;
#1060 = DIRECTION ( 'NONE',  ( 0.000000000000000000, 0.000000000000000000, 1.000000000000000000 ) ) ;
#1061 = EDGE_LOOP ( 'NONE', ( #1075, #943, #1145, #1097 ) ) ;
#1062 = DIRECTION ( 'NONE',  ( 0.000000000000000000, 0.000000000000000000, 1.000000000000000000 ) ) ;
#1063 = DIRECTION ( 'NONE',  ( 1.000000000000000000, 0.000000000000000000, 0.000000000000000000 ) ) ;
#1064 = ADVANCED_FACE ( 'NONE', ( #1747 ), #1935, .T. ) ;
#1065 = DIRECTION ( 'NONE',  ( -1.000000000000000000, 0.000000000000000000, 0.000000000000000000 ) ) ;
#1066 = DIRECTION ( 'NONE',  ( 1.462359094606370465E-16, -0.000000000000000000, 1.000000000000000000 ) ) ;
#1067 = CARTESIAN_POINT ( 'NONE',  ( -70.00000000000005684, -4.000000000000000000, -65.00000000000001421 ) ) ;
#1068 = VERTEX_POINT ( 'NONE', #1239 ) ;
#1069 = PLANE ( 'NONE',  #2139 ) ;
#1070 = CIRCLE ( 'NONE', #1524, 4.000000000000003553 ) ;
#1071 = EDGE_CURVE ( 'NONE', #1959, #1259, #700, .T. ) ;
#1072 = ORIENTED_EDGE ( 'NONE', *, *, #1430, .T. ) ;
#1073 = CARTESIAN_POINT ( 'NONE',  ( -37.14999999999999858, 2.400000000000000355, 47.14999999999999147 ) ) ;
#1074 = ORIENTED_EDGE ( 'NONE', *, *, #1174, .F. ) ;
#1075 = ORIENTED_EDGE ( 'NONE', *, *, #1897, .F. ) ;
#1076 = FACE_OUTER_BOUND ( 'NONE', #849, .T. ) ;
#1077 = EDGE_CURVE ( 'NONE', #2110, #837, #1803, .T. ) ;
#1078 = PLANE ( 'NONE',  #974 ) ;
#1079 = CYLINDRICAL_SURFACE ( 'NONE', #752, 0.7500000000000006661 ) ;
#1080 = DIRECTION ( 'NONE',  ( 0.000000000000000000, 0.000000000000000000, 1.000000000000000000 ) ) ;
#1081 = CARTESIAN_POINT ( 'NONE',  ( 51.94999999999999574, 0.000000000000000000, -47.45000000000000284 ) ) ;
#1082 = CARTESIAN_POINT ( 'NONE',  ( -47.45000000000000284, 3.250000000000000444, 47.45000000000000284 ) ) ;
#1083 = EDGE_LOOP ( 'NONE', ( #1607, #1454 ) ) ;
#1084 = CARTESIAN_POINT ( 'NONE',  ( 51.95000000000000284, 4.000000000000000000, 47.45000000000000284 ) ) ;
#1085 = ORIENTED_EDGE ( 'NONE', *, *, #1902, .T. ) ;
#1086 = EDGE_CURVE ( 'NONE', #1369, #1137, #1992, .T. ) ;
#1087 = ORIENTED_EDGE ( 'NONE', *, *, #2146, .T. ) ;
#1088 = DIRECTION ( 'NONE',  ( -1.000000000000000000, 0.000000000000000000, -0.000000000000000000 ) ) ;
#1089 = CARTESIAN_POINT ( 'NONE',  ( -58.00000000000006395, -4.000000000000000000, 53.00000000000001421 ) ) ;
#1090 = DIRECTION ( 'NONE',  ( -1.000000000000000000, 0.000000000000000000, 1.471663606342996571E-16 ) ) ;
#1091 = AXIS2_PLACEMENT_3D ( 'NONE', #1024, #1841, #473 ) ;
#1092 = DIRECTION ( 'NONE',  ( 0.000000000000000000, -1.000000000000000000, 0.000000000000000000 ) ) ;
#1093 = VECTOR ( 'NONE', #1644, 1000.000000000000000 ) ;
#1094 = CYLINDRICAL_SURFACE ( 'NONE', #988, 0.7500000000000006661 ) ;
#1095 = CARTESIAN_POINT ( 'NONE',  ( -47.45000000000000284, 3.250000000000000444, 51.20000000000000995 ) ) ;
#1096 = AXIS2_PLACEMENT_3D ( 'NONE', #862, #1560, #1768 ) ;
#1097 = ORIENTED_EDGE ( 'NONE', *, *, #1193, .T. ) ;
#1098 = ORIENTED_EDGE ( 'NONE', *, *, #57, .T. ) ;
#1099 = EDGE_CURVE ( 'NONE', #837, #803, #677, .T. ) ;
#1100 = ORIENTED_EDGE ( 'NONE', *, *, #693, .T. ) ;
#1101 = EDGE_CURVE ( 'NONE', #1259, #317, #327, .T. ) ;
#1102 = DIRECTION ( 'NONE',  ( -1.000000000000000000, 0.000000000000000000, -0.000000000000000000 ) ) ;
#1103 = LINE ( 'NONE', #1117, #1611 ) ;
#1104 = FACE_OUTER_BOUND ( 'NONE', #153, .T. ) ;
#1105 = EDGE_LOOP ( 'NONE', ( #44, #871 ) ) ;
#1106 = DIRECTION ( 'NONE',  ( 0.000000000000000000, -1.000000000000000000, 0.000000000000000000 ) ) ;
#1107 =( GEOMETRIC_REPRESENTATION_CONTEXT ( 3 ) GLOBAL_UNCERTAINTY_ASSIGNED_CONTEXT ( ( #2175 ) ) GLOBAL_UNIT_ASSIGNED_CONTEXT ( ( #1840, #33, #1124 ) ) REPRESENTATION_CONTEXT ( 'NONE', 'WORKASPACE' ) );
#1108 = DIRECTION ( 'NONE',  ( 0.000000000000000000, 1.000000000000000000, 0.000000000000000000 ) ) ;
#1109 = CARTESIAN_POINT ( 'NONE',  ( -65.00000000000005684, -4.000000000000000000, -70.00000000000000000 ) ) ;
#1110 = VECTOR ( 'NONE', #2335, 1000.000000000000000 ) ;
#1111 = ORIENTED_EDGE ( 'NONE', *, *, #781, .T. ) ;
#1112 = AXIS2_PLACEMENT_3D ( 'NONE', #467, #675, #1051 ) ;
#1113 = EDGE_LOOP ( 'NONE', ( #962, #439, #789, #956 ) ) ;
#1114 = EDGE_LOOP ( 'NONE', ( #999, #2046, #2325, #691 ) ) ;
#1115 = VERTEX_POINT ( 'NONE', #1733 ) ;
#1116 = DIRECTION ( 'NONE',  ( 0.000000000000000000, 0.000000000000000000, -1.000000000000000000 ) ) ;
#1117 = CARTESIAN_POINT ( 'NONE',  ( -64.99999999999640465, -3.000000000000000000, 62.34999999999815401 ) ) ;
#1118 = LINE ( 'NONE', #1314, #261 ) ;
#1119 = ORIENTED_EDGE ( 'NONE', *, *, #2094, .T. ) ;
#1120 = CARTESIAN_POINT ( 'NONE',  ( 58.00000000000001421, -4.000000000000000000, 58.00000000000338929 ) ) ;
#1121 = DIRECTION ( 'NONE',  ( 0.000000000000000000, 1.000000000000000000, 0.000000000000000000 ) ) ;
#1122 = DIRECTION ( 'NONE',  ( 0.000000000000000000, 1.000000000000000000, 0.000000000000000000 ) ) ;
#1123 = ORIENTED_EDGE ( 'NONE', *, *, #1126, .F. ) ;
#1124 =( NAMED_UNIT ( * ) SI_UNIT ( $, .STERADIAN. ) SOLID_ANGLE_UNIT ( ) );
#1125 = CARTESIAN_POINT ( 'NONE',  ( -47.45000000000001705, 4.000000000000000000, -51.95000000000000995 ) ) ;
#1126 = EDGE_CURVE ( 'NONE', #317, #2239, #504, .T. ) ;
#1127 = CARTESIAN_POINT ( 'NONE',  ( 47.44999999999998863, 3.250000000000000444, -47.45000000000000284 ) ) ;
#1128 = CARTESIAN_POINT ( 'NONE',  ( -57.99999999999668177, -3.500000000000000000, -63.00000000000186162 ) ) ;
#1129 = VECTOR ( 'NONE', #173, 1000.000000000000000 ) ;
#1130 = PLANE ( 'NONE',  #2009 ) ;
#1131 = CARTESIAN_POINT ( 'NONE',  ( 58.00000000000340350, -4.000000000000000000, -52.99999999999204192 ) ) ;
#1132 = ADVANCED_FACE ( 'NONE', ( #163 ), #113, .F. ) ;
#1133 = AXIS2_PLACEMENT_3D ( 'NONE', #1786, #893, #326 ) ;
#1134 = VERTEX_POINT ( 'NONE', #1782 ) ;
#1135 = CIRCLE ( 'NONE', #2219, 2.649999999999999467 ) ;
#1136 = DIRECTION ( 'NONE',  ( -0.000000000000000000, 1.000000000000000000, -0.000000000000000000 ) ) ;
#1137 = VERTEX_POINT ( 'NONE', #2102 ) ;
#1138 = ADVANCED_FACE ( 'NONE', ( #480 ), #1399, .F. ) ;
#1139 = CARTESIAN_POINT ( 'NONE',  ( 15.00000000000000000, 2.400000000000000355, 47.95000000000000995 ) ) ;
#1140 = CARTESIAN_POINT ( 'NONE',  ( 19.00000000000000355, 3.250000000000000444, 51.20000000000000995 ) ) ;
#1141 = CARTESIAN_POINT ( 'NONE',  ( -65.00000000000005684, -3.000000000000000000, -65.00000000000001421 ) ) ;
#1142 = ADVANCED_FACE ( 'NONE', ( #299 ), #1570, .T. ) ;
#1143 = DIRECTION ( 'NONE',  ( 0.000000000000000000, 1.000000000000000000, 0.000000000000000000 ) ) ;
#1144 = CARTESIAN_POINT ( 'NONE',  ( 37.14999999999999147, 2.400000000000000355, 50.14999999999999147 ) ) ;
#1145 = ORIENTED_EDGE ( 'NONE', *, *, #7, .T. ) ;
#1146 = AXIS2_PLACEMENT_3D ( 'NONE', #1837, #1972, #363 ) ;
#1147 = VECTOR ( 'NONE', #1016, 1000.000000000000000 ) ;
#1148 = DIRECTION ( 'NONE',  ( -0.000000000000000000, 1.000000000000000000, -0.000000000000000000 ) ) ;
#1149 = EDGE_LOOP ( 'NONE', ( #1486, #638, #1494, #94 ) ) ;
#1150 = AXIS2_PLACEMENT_3D ( 'NONE', #1909, #1238, #127 ) ;
#1151 = VERTEX_POINT ( 'NONE', #1817 ) ;
#1152 = CYLINDRICAL_SURFACE ( 'NONE', #2066, 5.000000000003425704 ) ;
#1153 = DIRECTION ( 'NONE',  ( 0.000000000000000000, 0.000000000000000000, 1.000000000000000000 ) ) ;
#1154 = EDGE_CURVE ( 'NONE', #1906, #1196, #1441, .T. ) ;
#1155 = CARTESIAN_POINT ( 'NONE',  ( 65.00000000000002842, -3.000000000000000000, -65.00000000000368061 ) ) ;
#1156 = CARTESIAN_POINT ( 'NONE',  ( -51.95000000000001705, 0.000000000000000000, -47.45000000000000284 ) ) ;
#1157 = ORIENTED_EDGE ( 'NONE', *, *, #745, .F. ) ;
#1158 = VERTEX_POINT ( 'NONE', #1793 ) ;
#1159 = LINE ( 'NONE', #953, #642 ) ;
#1160 = VERTEX_POINT ( 'NONE', #390 ) ;
#1161 = ORIENTED_EDGE ( 'NONE', *, *, #1309, .T. ) ;
#1162 = EDGE_CURVE ( 'NONE', #2276, #500, #410, .T. ) ;
#1163 = CARTESIAN_POINT ( 'NONE',  ( -15.65934138230197803, 3.250000000000000444, 50.14999999999999147 ) ) ;
#1164 = DIRECTION ( 'NONE',  ( 0.000000000000000000, 0.000000000000000000, 1.000000000000000000 ) ) ;
#1165 = CARTESIAN_POINT ( 'NONE',  ( 51.20000000000000284, 3.250000000000000444, 47.45000000000000284 ) ) ;
#1166 = VERTEX_POINT ( 'NONE', #1289 ) ;
#1167 = VECTOR ( 'NONE', #332, 1000.000000000000000 ) ;
#1168 = PLANE ( 'NONE',  #236 ) ;
#1169 = EDGE_CURVE ( 'NONE', #799, #472, #791, .T. ) ;
#1170 = VECTOR ( 'NONE', #416, 1000.000000000000000 ) ;
#1171 = ORIENTED_EDGE ( 'NONE', *, *, #1988, .T. ) ;
#1172 = AXIS2_PLACEMENT_3D ( 'NONE', #438, #1506, #806 ) ;
#1173 = DIRECTION ( 'NONE',  ( 0.000000000000000000, 0.000000000000000000, 1.000000000000000000 ) ) ;
#1174 = EDGE_CURVE ( 'NONE', #1808, #1176, #1118, .T. ) ;
#1175 = CARTESIAN_POINT ( 'NONE',  ( -17.43925969748404370, 4.000000000000000888, 50.85655178405342269 ) ) ;
#1176 = VERTEX_POINT ( 'NONE', #1617 ) ;
#1177 = CARTESIAN_POINT ( 'NONE',  ( -65.00000000000005684, 0.000000000000000000, -65.00000000000001421 ) ) ;
#1178 = DIRECTION ( 'NONE',  ( -0.000000000000000000, 1.000000000000000000, -0.000000000000000000 ) ) ;
#1179 = ORIENTED_EDGE ( 'NONE', *, *, #1580, .T. ) ;
#1180 = ORIENTED_EDGE ( 'NONE', *, *, #2328, .F. ) ;
#1181 = CARTESIAN_POINT ( 'NONE',  ( -37.15000000000001279, 2.400000000000000355, -47.15000000000000568 ) ) ;
#1182 = ORIENTED_EDGE ( 'NONE', *, *, #501, .T. ) ;
#1183 = CIRCLE ( 'NONE', #2083, 5.000000000004660272 ) ;
#1184 = ORIENTED_EDGE ( 'NONE', *, *, #2092, .T. ) ;
#1185 = CIRCLE ( 'NONE', #535, 0.7500000000000006661 ) ;
#1186 = VERTEX_POINT ( 'NONE', #400 ) ;
#1187 = AXIS2_PLACEMENT_3D ( 'NONE', #1942, #1559, #821 ) ;
#1188 = CARTESIAN_POINT ( 'NONE',  ( -65.00000000000005684, -4.000000000000000000, 64.99999999999998579 ) ) ;
#1189 = CARTESIAN_POINT ( 'NONE',  ( -57.99999999999668177, -3.500000000000000000, -52.99999999999833022 ) ) ;
#1190 = VECTOR ( 'NONE', #1709, 1000.000000000000000 ) ;
#1191 = ADVANCED_FACE ( 'NONE', ( #580 ), #2170, .T. ) ;
#1192 = CARTESIAN_POINT ( 'NONE',  ( 1.224646799147353256E-15, -4.000000000000000000, -10.00000000000000000 ) ) ;
#1193 = EDGE_CURVE ( 'NONE', #1986, #1737, #519, .T. ) ;
#1194 = EDGE_LOOP ( 'NONE', ( #1381, #1525, #1184, #2332 ) ) ;
#1195 = DIRECTION ( 'NONE',  ( -0.000000000000000000, -1.000000000000000000, -0.000000000000000000 ) ) ;
#1196 = VERTEX_POINT ( 'NONE', #552 ) ;
#1197 = DIRECTION ( 'NONE',  ( 0.000000000000000000, 0.000000000000000000, -1.000000000000000000 ) ) ;
#1198 = VERTEX_POINT ( 'NONE', #920 ) ;
#1199 = CYLINDRICAL_SURFACE ( 'NONE', #952, 5.000000000000004441 ) ;
#1200 = DIRECTION ( 'NONE',  ( 0.000000000000000000, 0.000000000000000000, -1.000000000000000000 ) ) ;
#1201 = ADVANCED_FACE ( 'NONE', ( #1104 ), #2023, .F. ) ;
#1202 = DIRECTION ( 'NONE',  ( 1.000000000000000000, 0.000000000000000000, 0.000000000000000000 ) ) ;
#1203 = ORIENTED_EDGE ( 'NONE', *, *, #1375, .F. ) ;
#1204 = EDGE_CURVE ( 'NONE', #1818, #1964, #214, .T. ) ;
#1205 = EDGE_LOOP ( 'NONE', ( #1243, #1585, #857, #737 ) ) ;
#1206 = DIRECTION ( 'NONE',  ( 0.000000000000000000, -1.000000000000000000, 0.000000000000000000 ) ) ;
#1207 = VERTEX_POINT ( 'NONE', #22 ) ;
#1208 = CARTESIAN_POINT ( 'NONE',  ( 58.00000000000001421, -3.500000000000000000, 58.00000000000338929 ) ) ;
#1209 = ORIENTED_EDGE ( 'NONE', *, *, #880, .F. ) ;
#1210 = CIRCLE ( 'NONE', #1325, 5.000000000000004441 ) ;
#1211 = CIRCLE ( 'NONE', #1576, 4.000000000000003553 ) ;
#1212 = CARTESIAN_POINT ( 'NONE',  ( -40.89999999999999858, 3.250000000000000444, 47.14999999999999147 ) ) ;
#1213 = AXIS2_PLACEMENT_3D ( 'NONE', #2227, #613, #1350 ) ;
#1214 = LINE ( 'NONE', #1398, #1780 ) ;
#1215 = CIRCLE ( 'NONE', #1699, 4.500000000000003553 ) ;
#1216 = CARTESIAN_POINT ( 'NONE',  ( -47.45000000000000284, 4.000000000000000000, 51.95000000000000995 ) ) ;
#1217 = ORIENTED_EDGE ( 'NONE', *, *, #45, .T. ) ;
#1218 = DIRECTION ( 'NONE',  ( 0.000000000000000000, 1.000000000000000000, 0.000000000000000000 ) ) ;
#1219 = ORIENTED_EDGE ( 'NONE', *, *, #577, .F. ) ;
#1220 = DIRECTION ( 'NONE',  ( 1.000000000000000000, 0.000000000000000000, -0.000000000000000000 ) ) ;
#1221 = ORIENTED_EDGE ( 'NONE', *, *, #1714, .T. ) ;
#1222 = CIRCLE ( 'NONE', #195, 5.000000000004660272 ) ;
#1223 = DIRECTION ( 'NONE',  ( -0.000000000000000000, -1.000000000000000000, -0.000000000000000000 ) ) ;
#1224 = DIRECTION ( 'NONE',  ( 0.000000000000000000, 0.000000000000000000, 1.000000000000000000 ) ) ;
#1225 = CIRCLE ( 'NONE', #84, 3.000000000000002665 ) ;
#1226 = LINE ( 'NONE', #2323, #141 ) ;
#1227 = CIRCLE ( 'NONE', #271, 4.999999999999997335 ) ;
#1228 = ORIENTED_EDGE ( 'NONE', *, *, #1849, .T. ) ;
#1229 = CARTESIAN_POINT ( 'NONE',  ( -19.00000000000000000, 3.250000000000000444, 47.95000000000000995 ) ) ;
#1230 = EDGE_LOOP ( 'NONE', ( #689, #2118, #707, #2095 ) ) ;
#1231 = ORIENTED_EDGE ( 'NONE', *, *, #377, .T. ) ;
#1232 = LINE ( 'NONE', #328, #1800 ) ;
#1233 = ORIENTED_EDGE ( 'NONE', *, *, #1689, .T. ) ;
#1234 = ADVANCED_FACE ( 'NONE', ( #48 ), #1981, .F. ) ;
#1235 = VERTEX_POINT ( 'NONE', #1804 ) ;
#1236 = DIRECTION ( 'NONE',  ( 0.000000000000000000, 0.000000000000000000, -1.000000000000000000 ) ) ;
#1237 = EDGE_CURVE ( 'NONE', #230, #105, #541, .T. ) ;
#1238 = DIRECTION ( 'NONE',  ( 1.000000000000000000, 0.000000000000000000, -1.471663606342996571E-16 ) ) ;
#1239 = CARTESIAN_POINT ( 'NONE',  ( -65.00000000000005684, -3.000000000000000000, -62.35000000000001563 ) ) ;
#1240 = ORIENTED_EDGE ( 'NONE', *, *, #2328, .T. ) ;
#1241 = CARTESIAN_POINT ( 'NONE',  ( -57.99999999999668177, -4.000000000000000000, -58.00000000000009237 ) ) ;
#1242 = ORIENTED_EDGE ( 'NONE', *, *, #1678, .T. ) ;
#1243 = ORIENTED_EDGE ( 'NONE', *, *, #7, .F. ) ;
#1244 = PLANE ( 'NONE',  #368 ) ;
#1245 = ADVANCED_FACE ( 'NONE', ( #736 ), #941, .T. ) ;
#1246 = AXIS2_PLACEMENT_3D ( 'NONE', #1073, #1436, #858 ) ;
#1247 = DIRECTION ( 'NONE',  ( -0.000000000000000000, -1.000000000000000000, -0.000000000000000000 ) ) ;
#1248 = VECTOR ( 'NONE', #205, 1000.000000000000000 ) ;
#1249 = CARTESIAN_POINT ( 'NONE',  ( -64.99999999999640465, 0.000000000000000000, 67.65000000000195257 ) ) ;
#1250 = DIRECTION ( 'NONE',  ( 0.000000000000000000, 0.000000000000000000, 1.000000000000000000 ) ) ;
#1251 = EDGE_CURVE ( 'NONE', #345, #1959, #726, .T. ) ;
#1252 = CARTESIAN_POINT ( 'NONE',  ( 19.00000000000000000, 3.250000000000000444, 47.95000000000000995 ) ) ;
#1253 = DIRECTION ( 'NONE',  ( 0.000000000000000000, 0.000000000000000000, 1.000000000000000000 ) ) ;
#1254 = ORIENTED_EDGE ( 'NONE', *, *, #1351, .T. ) ;
#1255 = DIRECTION ( 'NONE',  ( -0.000000000000000000, -1.000000000000000000, -0.000000000000000000 ) ) ;
#1256 = ORIENTED_EDGE ( 'NONE', *, *, #603, .T. ) ;
#1257 = FACE_OUTER_BOUND ( 'NONE', #2120, .T. ) ;
#1258 = EDGE_CURVE ( 'NONE', #1646, #460, #2142, .T. ) ;
#1259 = VERTEX_POINT ( 'NONE', #945 ) ;
#1260 = DIRECTION ( 'NONE',  ( 0.000000000000000000, 0.000000000000000000, -1.000000000000000000 ) ) ;
#1261 = DIRECTION ( 'NONE',  ( -0.000000000000000000, -1.000000000000000000, -0.000000000000000000 ) ) ;
#1262 = CARTESIAN_POINT ( 'NONE',  ( -64.99999999999640465, -3.000000000000000000, 65.00000000000005684 ) ) ;
#1263 = CIRCLE ( 'NONE', #1858, 10.00000000000000000 ) ;
#1264 = DIRECTION ( 'NONE',  ( 1.000000000000000000, -0.000000000000000000, 0.000000000000000000 ) ) ;
#1265 = DIRECTION ( 'NONE',  ( 0.000000000000000000, 0.000000000000000000, 1.000000000000000000 ) ) ;
#1266 = ADVANCED_FACE ( 'NONE', ( #349 ), #1079, .T. ) ;
#1267 = CIRCLE ( 'NONE', #2155, 5.000000000000018652 ) ;
#1268 = FACE_OUTER_BOUND ( 'NONE', #1038, .T. ) ;
#1269 = CARTESIAN_POINT ( 'NONE',  ( -40.90000000000001279, 4.000000000000000000, -47.15000000000000568 ) ) ;
#1270 = ADVANCED_FACE ( 'NONE', ( #258 ), #1534, .T. ) ;
#1271 = PRESENTATION_LAYER_ASSIGNMENT (  '', '', ( #1633 ) ) ;
#1272 = ORIENTED_EDGE ( 'NONE', *, *, #1006, .T. ) ;
#1273 = CYLINDRICAL_SURFACE ( 'NONE', #628, 2.650000000001901057 ) ;
#1274 = ORIENTED_EDGE ( 'NONE', *, *, #923, .T. ) ;
#1275 = EDGE_LOOP ( 'NONE', ( #1182, #1680, #2271, #660 ) ) ;
#1276 = LINE ( 'NONE', #2321, #682 ) ;
#1277 = DIRECTION ( 'NONE',  ( -0.000000000000000000, -1.000000000000000000, -0.000000000000000000 ) ) ;
#1278 = DIRECTION ( 'NONE',  ( 1.471663606342996571E-16, -0.000000000000000000, 1.000000000000000000 ) ) ;
#1279 = CARTESIAN_POINT ( 'NONE',  ( -70.00000000000005684, 0.000000000000000000, -65.00000000000001421 ) ) ;
#1280 = ADVANCED_FACE ( 'NONE', ( #426 ), #1886, .T. ) ;
#1281 = FACE_OUTER_BOUND ( 'NONE', #99, .T. ) ;
#1282 = FACE_BOUND ( 'NONE', #1824, .T. ) ;
#1283 = ORIENTED_EDGE ( 'NONE', *, *, #1351, .F. ) ;
#1284 = ORIENTED_EDGE ( 'NONE', *, *, #2059, .F. ) ;
#1285 = EDGE_CURVE ( 'NONE', #418, #2072, #970, .T. ) ;
#1286 = ORIENTED_EDGE ( 'NONE', *, *, #1594, .T. ) ;
#1287 = CARTESIAN_POINT ( 'NONE',  ( -51.95000000000001705, 4.000000000000000000, -47.45000000000000284 ) ) ;
#1288 = DIRECTION ( 'NONE',  ( 0.000000000000000000, 0.000000000000000000, -1.000000000000000000 ) ) ;
#1289 = CARTESIAN_POINT ( 'NONE',  ( -37.15000000000001279, 2.400000000000000355, -50.15000000000000568 ) ) ;
#1290 = AXIS2_PLACEMENT_3D ( 'NONE', #551, #527, #1250 ) ;
#1291 = DIRECTION ( 'NONE',  ( 0.000000000000000000, -0.000000000000000000, -1.000000000000000000 ) ) ;
#1292 = AXIS2_PLACEMENT_3D ( 'NONE', #2105, #1058, #1749 ) ;
#1293 = DIRECTION ( 'NONE',  ( 0.000000000000000000, 0.000000000000000000, 1.000000000000000000 ) ) ;
#1294 = CARTESIAN_POINT ( 'NONE',  ( -57.99999999999668177, -3.500000000000000000, -58.00000000000009237 ) ) ;
#1295 = VECTOR ( 'NONE', #312, 1000.000000000000000 ) ;
#1296 = EDGE_LOOP ( 'NONE', ( #2128, #1636, #65, #78 ) ) ;
#1297 = ORIENTED_EDGE ( 'NONE', *, *, #577, .T. ) ;
#1298 = ORIENTED_EDGE ( 'NONE', *, *, #899, .T. ) ;
#1299 = ORIENTED_EDGE ( 'NONE', *, *, #1661, .F. ) ;
#1300 = DIRECTION ( 'NONE',  ( 5.551115123125777180E-15, 0.000000000000000000, 1.000000000000000000 ) ) ;
#1301 = DIRECTION ( 'NONE',  ( 0.000000000000000000, 1.000000000000000000, 0.000000000000000000 ) ) ;
#1302 = CARTESIAN_POINT ( 'NONE',  ( -47.45000000000000284, 0.000000000000000000, 47.45000000000000284 ) ) ;
#1303 = ORIENTED_EDGE ( 'NONE', *, *, #245, .T. ) ;
#1304 = CARTESIAN_POINT ( 'NONE',  ( 65.00000000000368061, -3.000000000000000000, 64.99999999999639044 ) ) ;
#1305 = DIRECTION ( 'NONE',  ( -0.000000000000000000, 1.000000000000000000, -0.000000000000000000 ) ) ;
#1306 = DIRECTION ( 'NONE',  ( 0.000000000000000000, 0.000000000000000000, -1.000000000000000000 ) ) ;
#1307 = ORIENTED_EDGE ( 'NONE', *, *, #1958, .F. ) ;
#1308 = FACE_OUTER_BOUND ( 'NONE', #208, .T. ) ;
#1309 = EDGE_CURVE ( 'NONE', #608, #584, #1898, .T. ) ;
#1310 = ORIENTED_EDGE ( 'NONE', *, *, #635, .T. ) ;
#1311 = PLANE ( 'NONE',  #1589 ) ;
#1312 = DIRECTION ( 'NONE',  ( 0.000000000000000000, 1.000000000000000000, 0.000000000000000000 ) ) ;
#1313 = EDGE_CURVE ( 'NONE', #193, #230, #1215, .T. ) ;
#1314 = CARTESIAN_POINT ( 'NONE',  ( -70.00000000000005684, -4.000000000000000000, -65.00000000000001421 ) ) ;
#1315 = CARTESIAN_POINT ( 'NONE',  ( 64.99999999999994316, 0.000000000000000000, -70.00000000000000000 ) ) ;
#1316 = LINE ( 'NONE', #376, #1248 ) ;
#1317 = ORIENTED_EDGE ( 'NONE', *, *, #550, .T. ) ;
#1318 = DIRECTION ( 'NONE',  ( 0.000000000000000000, 1.000000000000000000, 0.000000000000000000 ) ) ;
#1319 = ORIENTED_EDGE ( 'NONE', *, *, #996, .F. ) ;
#1320 = EDGE_CURVE ( 'NONE', #88, #1798, #413, .T. ) ;
#1321 = LINE ( 'NONE', #2048, #1505 ) ;
#1322 = CARTESIAN_POINT ( 'NONE',  ( -17.63618183030132514, 4.000000000000000000, 50.89999999999996305 ) ) ;
#1323 = CARTESIAN_POINT ( 'NONE',  ( 15.65934138230197803, 3.352730817888147641, 50.14999999999999147 ) ) ;
#1324 = EDGE_CURVE ( 'NONE', #1952, #1917, #2297, .T. ) ;
#1325 = AXIS2_PLACEMENT_3D ( 'NONE', #588, #792, #108 ) ;
#1326 = DIRECTION ( 'NONE',  ( 0.000000000000000000, 0.000000000000000000, 1.000000000000000000 ) ) ;
#1327 = CARTESIAN_POINT ( 'NONE',  ( 64.99999999999994316, -4.000000000000000000, -64.99999999999998579 ) ) ;
#1328 = CIRCLE ( 'NONE', #1989, 4.500000000000003553 ) ;
#1329 = ORIENTED_EDGE ( 'NONE', *, *, #2042, .T. ) ;
#1330 = LINE ( 'NONE', #975, #152 ) ;
#1331 = SURFACE_STYLE_USAGE ( .BOTH. , #1664 ) ;
#1332 = CARTESIAN_POINT ( 'NONE',  ( 58.00000000000001421, -3.500000000000000000, 58.00000000000338929 ) ) ;
#1333 = DIRECTION ( 'NONE',  ( -0.000000000000000000, 1.000000000000000000, -0.000000000000000000 ) ) ;
#1334 = CYLINDRICAL_SURFACE ( 'NONE', #9, 5.000000000003425704 ) ;
#1335 = EDGE_CURVE ( 'NONE', #1186, #123, #959, .T. ) ;
#1336 = DIRECTION ( 'NONE',  ( -0.000000000000000000, 1.000000000000000000, -0.000000000000000000 ) ) ;
#1337 = B_SPLINE_CURVE_WITH_KNOTS ( 'NONE', 3,
 ( #1322, #1175, #1526, #1693, #629, #1684, #2035, #60, #993, #91, #69, #1163 ),
 .UNSPECIFIED., .F., .F.,
 ( 4, 2, 2, 2, 2, 4 ),
 ( -8.455205633088417065E-06, 0.0005965197026906794058, 0.001201494611014447371, 0.001806469519338215228, 0.002108956973500103384, 0.002411444427661991758 ),
 .UNSPECIFIED. ) ;
#1338 = ADVANCED_FACE ( 'NONE', ( #100 ), #802, .F. ) ;
#1339 = ORIENTED_EDGE ( 'NONE', *, *, #670, .F. ) ;
#1340 = AXIS2_PLACEMENT_3D ( 'NONE', #15, #1806, #228 ) ;
#1341 = EDGE_CURVE ( 'NONE', #120, #1458, #266, .T. ) ;
#1342 = LINE ( 'NONE', #1353, #423 ) ;
#1343 = CIRCLE ( 'NONE', #1443, 5.000000000001766587 ) ;
#1344 = ORIENTED_EDGE ( 'NONE', *, *, #2079, .T. ) ;
#1345 = VECTOR ( 'NONE', #2091, 1000.000000000000000 ) ;
#1346 = EDGE_LOOP ( 'NONE', ( #207, #1790, #1750, #1459 ) ) ;
#1347 = AXIS2_PLACEMENT_3D ( 'NONE', #160, #1261, #1116 ) ;
#1348 = CARTESIAN_POINT ( 'NONE',  ( -37.14999999999999858, 4.000000000000000000, 47.14999999999999147 ) ) ;
#1349 = CARTESIAN_POINT ( 'NONE',  ( -40.90000000000001279, 3.250000000000000444, -47.15000000000000568 ) ) ;
#1350 = DIRECTION ( 'NONE',  ( 0.000000000000000000, 0.000000000000000000, 1.000000000000000000 ) ) ;
#1351 = EDGE_CURVE ( 'NONE', #169, #940, #1337, .T. ) ;
#1352 = EDGE_LOOP ( 'NONE', ( #1319, #1303, #921, #1566, #2249, #1449, #671, #1299, #989, #1307, #744, #2043 ) ) ;
#1353 = CARTESIAN_POINT ( 'NONE',  ( -37.15000000000001279, 3.250000000000000444, -50.15000000000000568 ) ) ;
#1354 = EDGE_CURVE ( 'NONE', #2110, #242, #2256, .T. ) ;
#1355 = DIRECTION ( 'NONE',  ( -1.000000000000000000, 0.000000000000000000, -0.000000000000000000 ) ) ;
#1356 = CYLINDRICAL_SURFACE ( 'NONE', #805, 2.649999999999999467 ) ;
#1357 = EDGE_CURVE ( 'NONE', #120, #1818, #1710, .T. ) ;
#1358 = CARTESIAN_POINT ( 'NONE',  ( -19.00000000000000000, 3.250000000000000444, 51.20000000000000995 ) ) ;
#1359 = AXIS2_PLACEMENT_3D ( 'NONE', #2111, #1403, #168 ) ;
#1360 = ORIENTED_EDGE ( 'NONE', *, *, #2212, .F. ) ;
#1361 = VECTOR ( 'NONE', #1797, 1000.000000000000000 ) ;
#1362 = CARTESIAN_POINT ( 'NONE',  ( -51.20000000000000284, 3.250000000000000444, 47.45000000000000284 ) ) ;
#1363 = VECTOR ( 'NONE', #903, 1000.000000000000000 ) ;
#1364 = ORIENTED_EDGE ( 'NONE', *, *, #2071, .F. ) ;
#1365 = AXIS2_PLACEMENT_3D ( 'NONE', #1387, #1590, #1417 ) ;
#1366 = LINE ( 'NONE', #2058, #1966 ) ;
#1367 = CARTESIAN_POINT ( 'NONE',  ( 47.44999999999998863, 0.000000000000000000, -47.45000000000000284 ) ) ;
#1368 = CARTESIAN_POINT ( 'NONE',  ( -15.65934138230197803, 3.250000000000000444, 50.14999999999999147 ) ) ;
#1369 = VERTEX_POINT ( 'NONE', #2049 ) ;
#1370 = CARTESIAN_POINT ( 'NONE',  ( -47.45000000000001705, 0.000000000000000000, -47.45000000000000284 ) ) ;
#1371 = VECTOR ( 'NONE', #1223, 1000.000000000000000 ) ;
#1372 = CARTESIAN_POINT ( 'NONE',  ( 58.00000000000340350, -3.500000000000000000, -57.99999999999670308 ) ) ;
#1373 = ORIENTED_EDGE ( 'NONE', *, *, #1784, .T. ) ;
#1374 = AXIS2_PLACEMENT_3D ( 'NONE', #1688, #64, #2057 ) ;
#1375 = EDGE_CURVE ( 'NONE', #1198, #950, #234, .T. ) ;
#1376 = AXIS2_PLACEMENT_3D ( 'NONE', #297, #311, #1224 ) ;
#1377 = CARTESIAN_POINT ( 'NONE',  ( -40.90000000000001279, 4.000000000000000000, -47.15000000000000568 ) ) ;
#1378 = DIRECTION ( 'NONE',  ( 0.000000000000000000, -1.000000000000000000, 0.000000000000000000 ) ) ;
#1379 = EDGE_CURVE ( 'NONE', #169, #1198, #1366, .T. ) ;
#1380 = DIRECTION ( 'NONE',  ( 0.000000000000000000, 0.000000000000000000, 1.000000000000000000 ) ) ;
#1381 = ORIENTED_EDGE ( 'NONE', *, *, #475, .F. ) ;
#1382 = CARTESIAN_POINT ( 'NONE',  ( 37.14999999999997726, 2.400000000000000355, -50.15000000000000568 ) ) ;
#1383 = VERTEX_POINT ( 'NONE', #436 ) ;
#1384 = DIRECTION ( 'NONE',  ( 0.000000000000000000, 0.000000000000000000, 1.000000000000000000 ) ) ;
#1385 = DIRECTION ( 'NONE',  ( -0.000000000000000000, 1.000000000000000000, -0.000000000000000000 ) ) ;
#1386 = LINE ( 'NONE', #2100, #1674 ) ;
#1387 = CARTESIAN_POINT ( 'NONE',  ( 0.000000000000000000, 2.400000000000000355, 0.000000000000000000 ) ) ;
#1388 = EDGE_LOOP ( 'NONE', ( #1339, #1256, #718, #2189 ) ) ;
#1389 = DIRECTION ( 'NONE',  ( -0.000000000000000000, 1.000000000000000000, -0.000000000000000000 ) ) ;
#1390 = DIRECTION ( 'NONE',  ( -1.000000000000000000, 0.000000000000000000, 0.000000000000000000 ) ) ;
#1391 = CARTESIAN_POINT ( 'NONE',  ( -19.00000000000000000, 0.000000000000000000, 47.95000000000000995 ) ) ;
#1392 = AXIS2_PLACEMENT_3D ( 'NONE', #724, #1301, #1452 ) ;
#1393 = ORIENTED_EDGE ( 'NONE', *, *, #1162, .F. ) ;
#1394 = AXIS2_PLACEMENT_3D ( 'NONE', #1327, #2040, #1631 ) ;
#1395 = CARTESIAN_POINT ( 'NONE',  ( 64.99999999999994316, -4.000000000000000000, 64.99999999999998579 ) ) ;
#1396 = AXIS2_PLACEMENT_3D ( 'NONE', #288, #528, #148 ) ;
#1397 = ORIENTED_EDGE ( 'NONE', *, *, #2172, .F. ) ;
#1398 = CARTESIAN_POINT ( 'NONE',  ( 1.224646799147353256E-15, -4.000000000000000000, -10.00000000000000000 ) ) ;
#1399 = PLANE ( 'NONE',  #1509 ) ;
#1400 = DIRECTION ( 'NONE',  ( -0.000000000000000000, -1.000000000000000000, -0.000000000000000000 ) ) ;
#1401 = LINE ( 'NONE', #241, #1093 ) ;
#1402 = EDGE_LOOP ( 'NONE', ( #2268, #878 ) ) ;
#1403 = DIRECTION ( 'NONE',  ( 0.000000000000000000, 1.000000000000000000, 0.000000000000000000 ) ) ;
#1404 = ADVANCED_FACE ( 'NONE', ( #2080 ), #1876, .T. ) ;
#1405 = DIRECTION ( 'NONE',  ( 0.000000000000000000, 0.000000000000000000, 1.000000000000000000 ) ) ;
#1406 = CARTESIAN_POINT ( 'NONE',  ( 58.00000000000001421, -3.500000000000000000, 52.99999999999996447 ) ) ;
#1407 = CIRCLE ( 'NONE', #240, 0.7500000000000006661 ) ;
#1408 = PLANE ( 'NONE',  #1396 ) ;
#1409 = EDGE_LOOP ( 'NONE', ( #1059, #19, #18, #1085 ) ) ;
#1410 = FACE_OUTER_BOUND ( 'NONE', #222, .T. ) ;
#1411 = EDGE_CURVE ( 'NONE', #1917, #2281, #2283, .T. ) ;
#1412 = ORIENTED_EDGE ( 'NONE', *, *, #2336, .F. ) ;
#1413 = CARTESIAN_POINT ( 'NONE',  ( 47.45000000000000284, 4.000000000000000000, 51.20000000000000995 ) ) ;
#1414 = EDGE_CURVE ( 'NONE', #950, #1964, #1927, .T. ) ;
#1415 = CARTESIAN_POINT ( 'NONE',  ( 47.45000000000000284, 3.250000000000000444, 47.45000000000000284 ) ) ;
#1416 = DIRECTION ( 'NONE',  ( -0.000000000000000000, 1.000000000000000000, -0.000000000000000000 ) ) ;
#1417 = DIRECTION ( 'NONE',  ( 0.000000000000000000, 0.000000000000000000, 1.000000000000000000 ) ) ;
#1418 = EDGE_LOOP ( 'NONE', ( #1373, #1157, #1437, #522 ) ) ;
#1419 = FACE_OUTER_BOUND ( 'NONE', #523, .T. ) ;
#1420 = DIRECTION ( 'NONE',  ( 1.000000000000000000, 0.000000000000000000, 0.000000000000000000 ) ) ;
#1421 = ORIENTED_EDGE ( 'NONE', *, *, #1411, .T. ) ;
#1422 = EDGE_CURVE ( 'NONE', #1952, #1850, #850, .T. ) ;
#1423 = VECTOR ( 'NONE', #1771, 1000.000000000000000 ) ;
#1424 = ADVANCED_FACE ( 'NONE', ( #1039 ), #1199, .T. ) ;
#1425 = FACE_OUTER_BOUND ( 'NONE', #1697, .T. ) ;
#1426 = VECTOR ( 'NONE', #2326, 1000.000000000000000 ) ;
#1427 = DIRECTION ( 'NONE',  ( -0.000000000000000000, 1.000000000000000000, -0.000000000000000000 ) ) ;
#1428 = FACE_OUTER_BOUND ( 'NONE', #1938, .T. ) ;
#1429 = AXIS2_PLACEMENT_3D ( 'NONE', #1910, #1703, #961 ) ;
#1430 = EDGE_CURVE ( 'NONE', #1461, #608, #1933, .T. ) ;
#1431 = PLANE ( 'NONE',  #2292 ) ;
#1432 = CARTESIAN_POINT ( 'NONE',  ( 64.99999999999994316, 0.000000000000000000, -64.99999999999998579 ) ) ;
#1433 = VERTEX_POINT ( 'NONE', #309 ) ;
#1434 = CARTESIAN_POINT ( 'NONE',  ( -65.00000000000005684, 0.000000000000000000, -67.65000000000001990 ) ) ;
#1435 = EDGE_LOOP ( 'NONE', ( #747, #1219, #1931, #1203 ) ) ;
#1436 = DIRECTION ( 'NONE',  ( -0.000000000000000000, 1.000000000000000000, -0.000000000000000000 ) ) ;
#1437 = ORIENTED_EDGE ( 'NONE', *, *, #968, .F. ) ;
#1438 = ADVANCED_FACE ( 'NONE', ( #1753 ), #2129, .T. ) ;
#1439 = CARTESIAN_POINT ( 'NONE',  ( -47.45000000000001705, 3.250000000000000444, -51.95000000000000995 ) ) ;
#1440 = CARTESIAN_POINT ( 'NONE',  ( 51.95000000000000284, 0.000000000000000000, 47.45000000000000284 ) ) ;
#1441 = LINE ( 'NONE', #39, #1616 ) ;
#1442 = DIRECTION ( 'NONE',  ( 0.000000000000000000, 0.000000000000000000, -1.000000000000000000 ) ) ;
#1443 = AXIS2_PLACEMENT_3D ( 'NONE', #49, #1106, #1442 ) ;
#1444 = ADVANCED_FACE ( 'NONE', ( #1048 ), #452, .T. ) ;
#1445 = CARTESIAN_POINT ( 'NONE',  ( 19.00000000000000000, 3.250000000000000444, 47.95000000000000995 ) ) ;
#1446 = CYLINDRICAL_SURFACE ( 'NONE', #259, 2.650000000003739586 ) ;
#1447 = ORIENTED_EDGE ( 'NONE', *, *, #550, .F. ) ;
#1448 = ORIENTED_EDGE ( 'NONE', *, *, #1357, .F. ) ;
#1449 = ORIENTED_EDGE ( 'NONE', *, *, #1193, .F. ) ;
#1450 = ORIENTED_EDGE ( 'NONE', *, *, #655, .F. ) ;
#1451 = FACE_OUTER_BOUND ( 'NONE', #1205, .T. ) ;
#1452 = DIRECTION ( 'NONE',  ( 0.000000000000000000, 0.000000000000000000, 1.000000000000000000 ) ) ;
#1453 = DIRECTION ( 'NONE',  ( -0.000000000000000000, -1.000000000000000000, -0.000000000000000000 ) ) ;
#1454 = ORIENTED_EDGE ( 'NONE', *, *, #253, .F. ) ;
#1455 = CARTESIAN_POINT ( 'NONE',  ( -37.15000000000001279, 2.400000000000000355, -47.15000000000000568 ) ) ;
#1456 = CARTESIAN_POINT ( 'NONE',  ( -47.45000000000000284, 3.250000000000000444, 51.20000000000000995 ) ) ;
#1457 = FACE_BOUND ( 'NONE', #1734, .T. ) ;
#1458 = VERTEX_POINT ( 'NONE', #2099 ) ;
#1459 = ORIENTED_EDGE ( 'NONE', *, *, #310, .F. ) ;
#1460 = VERTEX_POINT ( 'NONE', #1377 ) ;
#1461 = VERTEX_POINT ( 'NONE', #1558 ) ;
#1462 = ORIENTED_EDGE ( 'NONE', *, *, #1414, .T. ) ;
#1463 = LINE ( 'NONE', #538, #681 ) ;
#1464 = CARTESIAN_POINT ( 'NONE',  ( -47.45000000000000284, 0.000000000000000000, 51.95000000000000995 ) ) ;
#1465 = DIRECTION ( 'NONE',  ( 1.000000000000000000, 0.000000000000000000, 0.000000000000000000 ) ) ;
#1466 = VECTOR ( 'NONE', #10, 1000.000000000000000 ) ;
#1467 = DIRECTION ( 'NONE',  ( 0.000000000000000000, 0.000000000000000000, -1.000000000000000000 ) ) ;
#1468 = CIRCLE ( 'NONE', #939, 3.000000000000002665 ) ;
#1469 = DIRECTION ( 'NONE',  ( 0.000000000000000000, 1.000000000000000000, 0.000000000000000000 ) ) ;
#1470 = DIRECTION ( 'NONE',  ( -0.000000000000000000, -1.000000000000000000, -0.000000000000000000 ) ) ;
#1471 = CIRCLE ( 'NONE', #630, 0.7500000000000006661 ) ;
#1472 = ADVANCED_FACE ( 'NONE', ( #477 ), #267, .T. ) ;
#1473 = EDGE_LOOP ( 'NONE', ( #313, #545, #622, #575 ) ) ;
#1474 = EDGE_LOOP ( 'NONE', ( #1003, #1881, #2201, #1 ) ) ;
#1475 = CARTESIAN_POINT ( 'NONE',  ( -58.00000000000006395, -3.500000000000000000, 53.00000000000001421 ) ) ;
#1476 = EDGE_CURVE ( 'NONE', #29, #2134, #296, .T. ) ;
#1477 = CARTESIAN_POINT ( 'NONE',  ( -37.14999999999999858, 2.400000000000000355, 50.14999999999999147 ) ) ;
#1478 = CARTESIAN_POINT ( 'NONE',  ( 65.00000000000002842, -3.000000000000000000, -62.34999999999993747 ) ) ;
#1479 = DIRECTION ( 'NONE',  ( 0.000000000000000000, 1.000000000000000000, 0.000000000000000000 ) ) ;
#1480 = PLANE ( 'NONE',  #384 ) ;
#1481 = DIRECTION ( 'NONE',  ( 0.000000000000000000, -0.000000000000000000, 1.000000000000000000 ) ) ;
#1482 = CARTESIAN_POINT ( 'NONE',  ( 15.65934138230197448, 2.400000000000000355, 50.14999999999999147 ) ) ;
#1483 = AXIS2_PLACEMENT_3D ( 'NONE', #1362, #2074, #450 ) ;
#1484 = EDGE_LOOP ( 'NONE', ( #2279, #291, #1044, #206 ) ) ;
#1485 = CIRCLE ( 'NONE', #457, 4.999999999999997335 ) ;
#1486 = ORIENTED_EDGE ( 'NONE', *, *, #693, .F. ) ;
#1487 = EDGE_CURVE ( 'NONE', #1891, #1036, #1183, .T. ) ;
#1488 = CARTESIAN_POINT ( 'NONE',  ( -65.00000000000005684, -3.000000000000000000, -65.00000000000001421 ) ) ;
#1489 = ORIENTED_EDGE ( 'NONE', *, *, #2315, .T. ) ;
#1490 = ADVANCED_FACE ( 'NONE', ( #2112 ), #2272, .T. ) ;
#1491 = FILL_AREA_STYLE_COLOUR ( '', #430 ) ;
#1492 = FACE_OUTER_BOUND ( 'NONE', #810, .T. ) ;
#1493 = CARTESIAN_POINT ( 'NONE',  ( -40.14999999999999858, 3.250000000000000444, 47.14999999999999147 ) ) ;
#1494 = ORIENTED_EDGE ( 'NONE', *, *, #246, .T. ) ;
#1495 = DIRECTION ( 'NONE',  ( 0.000000000000000000, 0.000000000000000000, 1.000000000000000000 ) ) ;
#1496 = DIRECTION ( 'NONE',  ( 1.000000000000000000, -0.000000000000000000, -0.000000000000000000 ) ) ;
#1497 = FACE_BOUND ( 'NONE', #1083, .T. ) ;
#1498 = ORIENTED_EDGE ( 'NONE', *, *, #2286, .F. ) ;
#1499 = DIRECTION ( 'NONE',  ( 1.000000000000000000, 0.000000000000000000, 0.000000000000000000 ) ) ;
#1500 = APPLICATION_PROTOCOL_DEFINITION ( 'draft international standard', 'automotive_design', 1998, #913 ) ;
#1501 = CARTESIAN_POINT ( 'NONE',  ( -70.00000000000005684, 0.000000000000000000, -65.00000000000001421 ) ) ;
#1502 = CARTESIAN_POINT ( 'NONE',  ( 64.99999999999994316, -4.000000000000000000, 69.99999999999998579 ) ) ;
#1503 = CARTESIAN_POINT ( 'NONE',  ( 16.12880033238115018, 3.811356781997662591, 50.38718786715009657 ) ) ;
#1504 = EDGE_CURVE ( 'NONE', #1679, #1235, #674, .T. ) ;
#1505 = VECTOR ( 'NONE', #651, 1000.000000000000000 ) ;
#1506 = DIRECTION ( 'NONE',  ( 0.000000000000000000, 1.000000000000000000, 0.000000000000000000 ) ) ;
#1507 = AXIS2_PLACEMENT_3D ( 'NONE', #1592, #1255, #1923 ) ;
#1508 = ORIENTED_EDGE ( 'NONE', *, *, #992, .F. ) ;
#1509 = AXIS2_PLACEMENT_3D ( 'NONE', #1216, #844, #1921 ) ;
#1510 = VERTEX_POINT ( 'NONE', #488 ) ;
#1511 = FACE_OUTER_BOUND ( 'NONE', #557, .T. ) ;
#1512 = ORIENTED_EDGE ( 'NONE', *, *, #185, .T. ) ;
#1513 = ADVANCED_FACE ( 'NONE', ( #111 ), #1030, .T. ) ;
#1514 = DIRECTION ( 'NONE',  ( 0.000000000000000000, 0.000000000000000000, 1.000000000000000000 ) ) ;
#1515 = DIRECTION ( 'NONE',  ( 0.000000000000000000, -1.000000000000000000, 0.000000000000000000 ) ) ;
#1516 = DIRECTION ( 'NONE',  ( 1.000000000000000000, 0.000000000000000000, 0.000000000000000000 ) ) ;
#1517 = EDGE_CURVE ( 'NONE', #1663, #719, #2090, .T. ) ;
#1518 = VECTOR ( 'NONE', #1941, 1000.000000000000000 ) ;
#1519 = ORIENTED_EDGE ( 'NONE', *, *, #1476, .T. ) ;
#1520 = AXIS2_PLACEMENT_3D ( 'NONE', #937, #1108, #924 ) ;
#1521 = AXIS2_PLACEMENT_3D ( 'NONE', #1908, #330, #511 ) ;
#1522 = DIRECTION ( 'NONE',  ( 0.000000000000000000, 0.000000000000000000, 1.000000000000000000 ) ) ;
#1523 = VECTOR ( 'NONE', #567, 1000.000000000000000 ) ;
#1524 = AXIS2_PLACEMENT_3D ( 'NONE', #734, #1813, #1650 ) ;
#1525 = ORIENTED_EDGE ( 'NONE', *, *, #389, .F. ) ;
#1526 = CARTESIAN_POINT ( 'NONE',  ( -17.24434884043529337, 3.996428442870597841, 50.80439495617320489 ) ) ;
#1527 = VERTEX_POINT ( 'NONE', #652 ) ;
#1528 = CARTESIAN_POINT ( 'NONE',  ( 15.65934138230197448, 3.250000000000000444, 50.14999999999999147 ) ) ;
#1529 = DIRECTION ( 'NONE',  ( 0.000000000000000000, 0.000000000000000000, 1.000000000000000000 ) ) ;
#1530 = ORIENTED_EDGE ( 'NONE', *, *, #1612, .T. ) ;
#1531 = ADVANCED_FACE ( 'NONE', ( #1731 ), #2143, .F. ) ;
#1532 = DIRECTION ( 'NONE',  ( -0.000000000000000000, -1.000000000000000000, -0.000000000000000000 ) ) ;
#1533 = ORIENTED_EDGE ( 'NONE', *, *, #2205, .F. ) ;
#1534 = CYLINDRICAL_SURFACE ( 'NONE', #41, 5.000000000000004441 ) ;
#1535 = CARTESIAN_POINT ( 'NONE',  ( -51.20000000000001705, 3.250000000000000444, -47.45000000000000284 ) ) ;
#1536 = DIRECTION ( 'NONE',  ( 0.000000000000000000, -1.000000000000000000, 0.000000000000000000 ) ) ;
#1537 = ORIENTED_EDGE ( 'NONE', *, *, #151, .T. ) ;
#1538 = AXIS2_PLACEMENT_3D ( 'NONE', #1037, #1751, #2138 ) ;
#1539 = ORIENTED_EDGE ( 'NONE', *, *, #1258, .T. ) ;
#1540 = DIRECTION ( 'NONE',  ( 0.000000000000000000, 1.000000000000000000, 0.000000000000000000 ) ) ;
#1541 = CIRCLE ( 'NONE', #1172, 3.000000000000002665 ) ;
#1542 = CARTESIAN_POINT ( 'NONE',  ( -64.99999999999640465, -3.000000000000000000, 65.00000000000005684 ) ) ;
#1543 = ORIENTED_EDGE ( 'NONE', *, *, #884, .F. ) ;
#1544 = ADVANCED_FACE ( 'NONE', ( #1425 ), #696, .F. ) ;
#1545 = DIRECTION ( 'NONE',  ( 0.000000000000000000, 0.000000000000000000, 1.000000000000000000 ) ) ;
#1546 = CARTESIAN_POINT ( 'NONE',  ( 37.14999999999999858, 2.400000000000000355, 47.14999999999999147 ) ) ;
#1547 = AXIS2_PLACEMENT_3D ( 'NONE', #444, #248, #1718 ) ;
#1548 = DIRECTION ( 'NONE',  ( 0.000000000000000000, 1.000000000000000000, 0.000000000000000000 ) ) ;
#1549 = ORIENTED_EDGE ( 'NONE', *, *, #1099, .F. ) ;
#1550 = ORIENTED_EDGE ( 'NONE', *, *, #54, .F. ) ;
#1551 = CARTESIAN_POINT ( 'NONE',  ( -37.14999999999999858, 2.400000000000000355, 50.14999999999999147 ) ) ;
#1552 = CARTESIAN_POINT ( 'NONE',  ( -37.15000000000001279, 4.000000000000000000, -47.15000000000000568 ) ) ;
#1553 = EDGE_LOOP ( 'NONE', ( #709, #2190, #470, #2242 ) ) ;
#1554 = CIRCLE ( 'NONE', #644, 3.000000000000002665 ) ;
#1555 = MANIFOLD_SOLID_BREP ( '«–≥˝-¿≠…Ï6', #339 ) ;
#1556 = CIRCLE ( 'NONE', #1376, 2.650000000003739586 ) ;
#1557 = ADVANCED_FACE ( 'NONE', ( #395, #1511 ), #76, .T. ) ;
#1558 = CARTESIAN_POINT ( 'NONE',  ( 40.14999999999999858, 2.400000000000000355, 47.14999999999999147 ) ) ;
#1559 = DIRECTION ( 'NONE',  ( -0.000000000000000000, 1.000000000000000000, -0.000000000000000000 ) ) ;
#1560 = DIRECTION ( 'NONE',  ( -0.000000000000000000, 1.000000000000000000, -0.000000000000000000 ) ) ;
#1561 = EDGE_LOOP ( 'NONE', ( #973, #716, #1730, #1641 ) ) ;
#1562 = EDGE_CURVE ( 'NONE', #1564, #274, #606, .T. ) ;
#1563 = DIRECTION ( 'NONE',  ( -0.000000000000000000, 1.000000000000000000, -0.000000000000000000 ) ) ;
#1564 = VERTEX_POINT ( 'NONE', #1475 ) ;
#1565 = LINE ( 'NONE', #1761, #70 ) ;
#1566 = ORIENTED_EDGE ( 'NONE', *, *, #539, .T. ) ;
#1567 = ORIENTED_EDGE ( 'NONE', *, *, #1678, .F. ) ;
#1568 = CARTESIAN_POINT ( 'NONE',  ( -37.15000000000001279, 3.250000000000000444, -50.90000000000000568 ) ) ;
#1569 = FACE_OUTER_BOUND ( 'NONE', #442, .T. ) ;
#1570 = CYLINDRICAL_SURFACE ( 'NONE', #481, 0.7500000000000006661 ) ;
#1571 = EDGE_CURVE ( 'NONE', #1947, #1068, #1892, .T. ) ;
#1572 = ORIENTED_EDGE ( 'NONE', *, *, #1725, .T. ) ;
#1573 = DIRECTION ( 'NONE',  ( 0.000000000000000000, 0.000000000000000000, -1.000000000000000000 ) ) ;
#1574 = CARTESIAN_POINT ( 'NONE',  ( -65.00000000000002842, -4.000000000000000000, 69.99999999999998579 ) ) ;
#1575 = CIRCLE ( 'NONE', #1091, 2.650000000003739586 ) ;
#1576 = AXIS2_PLACEMENT_3D ( 'NONE', #1838, #393, #1848 ) ;
#1577 = DIRECTION ( 'NONE',  ( 1.462359094606370465E-16, -0.000000000000000000, 1.000000000000000000 ) ) ;
#1578 = AXIS2_PLACEMENT_3D ( 'NONE', #1640, #1090, #1833 ) ;
#1579 = FACE_OUTER_BOUND ( 'NONE', #1474, .T. ) ;
#1580 = EDGE_CURVE ( 'NONE', #1056, #2263, #2007, .T. ) ;
#1581 = DIRECTION ( 'NONE',  ( 1.000000000000000000, -0.000000000000000000, 0.000000000000000000 ) ) ;
#1582 = ORIENTED_EDGE ( 'NONE', *, *, #333, .F. ) ;
#1583 = CARTESIAN_POINT ( 'NONE',  ( 47.44999999999998863, 3.250000000000000444, -51.95000000000000995 ) ) ;
#1584 = EDGE_CURVE ( 'NONE', #1134, #1829, #1159, .T. ) ;
#1585 = ORIENTED_EDGE ( 'NONE', *, *, #664, .T. ) ;
#1586 = CARTESIAN_POINT ( 'NONE',  ( -47.45000000000001705, 4.000000000000000000, -51.20000000000000995 ) ) ;
#1587 = DIRECTION ( 'NONE',  ( 0.000000000000000000, 1.000000000000000000, 0.000000000000000000 ) ) ;
#1588 = DIRECTION ( 'NONE',  ( -0.000000000000000000, 1.000000000000000000, -0.000000000000000000 ) ) ;
#1589 = AXIS2_PLACEMENT_3D ( 'NONE', #1287, #2020, #387 ) ;
#1590 = DIRECTION ( 'NONE',  ( 0.000000000000000000, 1.000000000000000000, 0.000000000000000000 ) ) ;
#1591 = ORIENTED_EDGE ( 'NONE', *, *, #769, .T. ) ;
#1592 = CARTESIAN_POINT ( 'NONE',  ( -57.99999999999668177, -3.500000000000000000, -58.00000000000009237 ) ) ;
#1593 = EDGE_LOOP ( 'NONE', ( #1647, #432 ) ) ;
#1594 = EDGE_CURVE ( 'NONE', #1235, #1160, #1342, .T. ) ;
#1595 = ADVANCED_FACE ( 'NONE', ( #1308 ), #252, .T. ) ;
#1596 = EDGE_LOOP ( 'NONE', ( #1741, #1397, #1050, #1046 ) ) ;
#1597 = CARTESIAN_POINT ( 'NONE',  ( -37.15000000000001279, 3.250000000000000444, -50.90000000000000568 ) ) ;
#1598 = EDGE_LOOP ( 'NONE', ( #211, #381 ) ) ;
#1599 = EDGE_CURVE ( 'NONE', #2166, #763, #55, .T. ) ;
#1600 = DIRECTION ( 'NONE',  ( 0.000000000000000000, 1.000000000000000000, 0.000000000000000000 ) ) ;
#1601 = CARTESIAN_POINT ( 'NONE',  ( 40.89999999999999858, 4.000000000000000000, 47.14999999999999147 ) ) ;
#1602 = DIRECTION ( 'NONE',  ( 0.000000000000000000, 1.000000000000000000, 0.000000000000000000 ) ) ;
#1603 = FACE_OUTER_BOUND ( 'NONE', #255, .T. ) ;
#1604 = CARTESIAN_POINT ( 'NONE',  ( 64.99999999999994316, -4.000000000000000000, -64.99999999999998579 ) ) ;
#1605 = ORIENTED_EDGE ( 'NONE', *, *, #106, .T. ) ;
#1606 = DIRECTION ( 'NONE',  ( -0.000000000000000000, 1.000000000000000000, -0.000000000000000000 ) ) ;
#1607 = ORIENTED_EDGE ( 'NONE', *, *, #917, .F. ) ;
#1608 = FACE_OUTER_BOUND ( 'NONE', #1987, .T. ) ;
#1609 = EDGE_CURVE ( 'NONE', #1825, #144, #1330, .T. ) ;
#1610 = ORIENTED_EDGE ( 'NONE', *, *, #1487, .F. ) ;
#1611 = VECTOR ( 'NONE', #1832, 1000.000000000000000 ) ;
#1612 = EDGE_CURVE ( 'NONE', #1906, #1826, #777, .T. ) ;
#1613 = AXIS2_PLACEMENT_3D ( 'NONE', #1973, #302, #1770 ) ;
#1614 = CARTESIAN_POINT ( 'NONE',  ( 37.14999999999997726, 4.000000000000000000, -50.90000000000000568 ) ) ;
#1615 = CARTESIAN_POINT ( 'NONE',  ( -51.95000000000001705, 0.000000000000000000, -47.45000000000000284 ) ) ;
#1616 = VECTOR ( 'NONE', #1666, 1000.000000000000000 ) ;
#1617 = CARTESIAN_POINT ( 'NONE',  ( -70.00000000000005684, -4.000000000000000000, -65.00000000000001421 ) ) ;
#1618 = DIRECTION ( 'NONE',  ( 0.000000000000000000, 1.000000000000000000, 0.000000000000000000 ) ) ;
#1619 = DIRECTION ( 'NONE',  ( -0.000000000000000000, 1.000000000000000000, -0.000000000000000000 ) ) ;
#1620 = CARTESIAN_POINT ( 'NONE',  ( 15.65934138230197448, 3.250000000000000444, 50.14999999999999147 ) ) ;
#1621 = ORIENTED_EDGE ( 'NONE', *, *, #137, .T. ) ;
#1622 = ORIENTED_EDGE ( 'NONE', *, *, #455, .F. ) ;
#1623 = ORIENTED_EDGE ( 'NONE', *, *, #778, .T. ) ;
#1624 = CARTESIAN_POINT ( 'NONE',  ( 0.000000000000000000, -4.000000000000000000, 10.00000000000000000 ) ) ;
#1625 = CIRCLE ( 'NONE', #1520, 10.00000000000000000 ) ;
#1626 = DIRECTION ( 'NONE',  ( 0.000000000000000000, 0.000000000000000000, -1.000000000000000000 ) ) ;
#1627 = COLOUR_RGB ( '',1.000000000000000000, 1.000000000000000000, 1.000000000000000000 ) ;
#1628 = FACE_OUTER_BOUND ( 'NONE', #909, .T. ) ;
#1629 = AXIS2_PLACEMENT_3D ( 'NONE', #2013, #2171, #1971 ) ;
#1630 = DIRECTION ( 'NONE',  ( -1.000000000000000000, 0.000000000000000000, 0.000000000000000000 ) ) ;
#1631 = DIRECTION ( 'NONE',  ( 0.000000000000000000, -0.000000000000000000, -1.000000000000000000 ) ) ;
#1632 = CIRCLE ( 'NONE', #2086, 3.000000000000002665 ) ;
#1633 = STYLED_ITEM ( 'NONE', ( #1853 ), #1828 ) ;
#1634 = ORIENTED_EDGE ( 'NONE', *, *, #26, .T. ) ;
#1635 = VERTEX_POINT ( 'NONE', #2213 ) ;
#1636 = ORIENTED_EDGE ( 'NONE', *, *, #1889, .T. ) ;
#1637 = ORIENTED_EDGE ( 'NONE', *, *, #318, .F. ) ;
#1638 = DIRECTION ( 'NONE',  ( 0.000000000000000000, 0.000000000000000000, 1.000000000000000000 ) ) ;
#1639 = DIRECTION ( 'NONE',  ( 0.000000000000000000, -1.000000000000000000, 0.000000000000000000 ) ) ;
#1640 = CARTESIAN_POINT ( 'NONE',  ( -40.15000000000001279, 2.400000000000000355, -47.15000000000000568 ) ) ;
#1641 = ORIENTED_EDGE ( 'NONE', *, *, #1584, .T. ) ;
#1642 = CARTESIAN_POINT ( 'NONE',  ( -15.65934138230197803, 2.400000000000000355, 50.14999999999999147 ) ) ;
#1643 = DIRECTION ( 'NONE',  ( 1.000000000000000000, -0.000000000000000000, -0.000000000000000000 ) ) ;
#1644 = DIRECTION ( 'NONE',  ( -0.000000000000000000, -1.000000000000000000, -0.000000000000000000 ) ) ;
#1645 = EDGE_CURVE ( 'NONE', #2331, #897, #1263, .T. ) ;
#1646 = VERTEX_POINT ( 'NONE', #244 ) ;
#1647 = ORIENTED_EDGE ( 'NONE', *, *, #1849, .F. ) ;
#1648 = ORIENTED_EDGE ( 'NONE', *, *, #14, .F. ) ;
#1649 = FILL_AREA_STYLE ('',( #585 ) ) ;
#1650 = DIRECTION ( 'NONE',  ( 0.000000000000000000, 0.000000000000000000, 1.000000000000000000 ) ) ;
#1651 = LINE ( 'NONE', #213, #1466 ) ;
#1652 = DIRECTION ( 'NONE',  ( 0.000000000000000000, 0.000000000000000000, 1.000000000000000000 ) ) ;
#1653 = VECTOR ( 'NONE', #1795, 1000.000000000000000 ) ;
#1654 = EDGE_LOOP ( 'NONE', ( #441, #1769, #895, #704 ) ) ;
#1655 = DIRECTION ( 'NONE',  ( 0.000000000000000000, 0.000000000000000000, 1.000000000000000000 ) ) ;
#1656 = EDGE_CURVE ( 'NONE', #1917, #1952, #115, .T. ) ;
#1657 = AXIS2_PLACEMENT_3D ( 'NONE', #1127, #1453, #225 ) ;
#1658 = CARTESIAN_POINT ( 'NONE',  ( 69.99999999999995737, 0.000000000000000000, -64.99999999999998579 ) ) ;
#1659 = DIRECTION ( 'NONE',  ( -0.000000000000000000, -1.000000000000000000, -0.000000000000000000 ) ) ;
#1660 = EDGE_LOOP ( 'NONE', ( #2288, #1179, #2316, #2056 ) ) ;
#1661 = EDGE_CURVE ( 'NONE', #123, #967, #1673, .T. ) ;
#1662 = DIRECTION ( 'NONE',  ( 0.000000000000000000, -0.000000000000000000, 1.000000000000000000 ) ) ;
#1663 = VERTEX_POINT ( 'NONE', #471 ) ;
#1664 = SURFACE_SIDE_STYLE ('',( #90 ) ) ;
#1665 = CARTESIAN_POINT ( 'NONE',  ( -19.00000000000000000, 0.000000000000000000, 51.95000000000000995 ) ) ;
#1666 = DIRECTION ( 'NONE',  ( -0.000000000000000000, 1.000000000000000000, -0.000000000000000000 ) ) ;
#1667 = ORIENTED_EDGE ( 'NONE', *, *, #2205, .T. ) ;
#1668 = DIRECTION ( 'NONE',  ( 0.000000000000000000, -1.000000000000000000, 0.000000000000000000 ) ) ;
#1669 = CIRCLE ( 'NONE', #1814, 0.7500000000000006661 ) ;
#1670 = VECTOR ( 'NONE', #964, 1000.000000000000000 ) ;
#1671 = DIRECTION ( 'NONE',  ( 0.000000000000000000, 0.000000000000000000, 1.000000000000000000 ) ) ;
#1672 = CARTESIAN_POINT ( 'NONE',  ( 58.00000000000340350, -3.500000000000000000, -63.00000000000135714 ) ) ;
#1673 = CIRCLE ( 'NONE', #678, 4.500000000000003553 ) ;
#1674 = VECTOR ( 'NONE', #112, 1000.000000000000000 ) ;
#1675 = EDGE_LOOP ( 'NONE', ( #1119, #183, #731, #329 ) ) ;
#1676 = PRESENTATION_STYLE_ASSIGNMENT (( #433 ) ) ;
#1677 = AXIS2_PLACEMENT_3D ( 'NONE', #1801, #1102, #1638 ) ;
#1678 = EDGE_CURVE ( 'NONE', #2203, #1433, #863, .T. ) ;
#1679 = VERTEX_POINT ( 'NONE', #1382 ) ;
#1680 = ORIENTED_EDGE ( 'NONE', *, *, #1476, .F. ) ;
#1681 =( LENGTH_UNIT ( ) NAMED_UNIT ( * ) SI_UNIT ( .MILLI., .METRE. ) );
#1682 = EDGE_CURVE ( 'NONE', #1176, #378, #816, .T. ) ;
#1683 = DIRECTION ( 'NONE',  ( 1.000000000000000000, 0.000000000000000000, -0.000000000000000000 ) ) ;
#1684 = CARTESIAN_POINT ( 'NONE',  ( -16.30834657707236701, 3.869062116477608892, 50.46839431552313471 ) ) ;
#1685 = DIRECTION ( 'NONE',  ( 0.000000000000000000, -0.000000000000000000, 1.000000000000000000 ) ) ;
#1686 = CARTESIAN_POINT ( 'NONE',  ( -58.00000000000006395, -4.000000000000000000, 58.00000000000000711 ) ) ;
#1687 = ORIENTED_EDGE ( 'NONE', *, *, #1251, .T. ) ;
#1688 = CARTESIAN_POINT ( 'NONE',  ( -57.99999999999668177, -3.500000000000000000, -58.00000000000009237 ) ) ;
#1689 = EDGE_CURVE ( 'NONE', #1461, #1207, #440, .T. ) ;
#1690 = ORIENTED_EDGE ( 'NONE', *, *, #2026, .F. ) ;
#1691 = FACE_OUTER_BOUND ( 'NONE', #1484, .T. ) ;
#1692 = ADVANCED_FACE ( 'NONE', ( #836 ), #118, .F. ) ;
#1693 = CARTESIAN_POINT ( 'NONE',  ( -16.86063826920999276, 3.970820288848556867, 50.68386611576239176 ) ) ;
#1694 = DIRECTION ( 'NONE',  ( 0.000000000000000000, 0.000000000000000000, -1.000000000000000000 ) ) ;
#1695 = CARTESIAN_POINT ( 'NONE',  ( -15.00000000000000000, 0.000000000000000000, 47.95000000000000995 ) ) ;
#1696 = CIRCLE ( 'NONE', #665, 4.000000000000003553 ) ;
#1697 = EDGE_LOOP ( 'NONE', ( #366, #337, #2140, #1713 ) ) ;
#1698 = AXIS2_PLACEMENT_3D ( 'NONE', #373, #2206, #566 ) ;
#1699 = AXIS2_PLACEMENT_3D ( 'NONE', #451, #1002, #1153 ) ;
#1700 = DIRECTION ( 'NONE',  ( -0.000000000000000000, 1.000000000000000000, -0.000000000000000000 ) ) ;
#1701 = DIRECTION ( 'NONE',  ( 0.000000000000000000, 0.000000000000000000, 1.000000000000000000 ) ) ;
#1702 = EDGE_CURVE ( 'NONE', #251, #2104, #164, .T. ) ;
#1703 = DIRECTION ( 'NONE',  ( 1.000000000000000000, -0.000000000000000000, 0.000000000000000000 ) ) ;
#1704 = VECTOR ( 'NONE', #930, 1000.000000000000000 ) ;
#1705 = ORIENTED_EDGE ( 'NONE', *, *, #2172, .T. ) ;
#1706 = AXIS2_PLACEMENT_3D ( 'NONE', #391, #714, #542 ) ;
#1707 = DIRECTION ( 'NONE',  ( 0.000000000000000000, 0.000000000000000000, -1.000000000000000000 ) ) ;
#1708 = CIRCLE ( 'NONE', #1033, 4.500000000000003553 ) ;
#1709 = DIRECTION ( 'NONE',  ( -0.000000000000000000, 1.000000000000000000, -0.000000000000000000 ) ) ;
#1710 = LINE ( 'NONE', #600, #1772 ) ;
#1711 = DIRECTION ( 'NONE',  ( 1.000000000000000000, 0.000000000000000000, 0.000000000000000000 ) ) ;
#1712 = CYLINDRICAL_SURFACE ( 'NONE', #1213, 0.7500000000000006661 ) ;
#1713 = ORIENTED_EDGE ( 'NONE', *, *, #1237, .T. ) ;
#1714 = EDGE_CURVE ( 'NONE', #1166, #120, #1554, .T. ) ;
#1715 = DIRECTION ( 'NONE',  ( 0.000000000000000000, 0.000000000000000000, 1.000000000000000000 ) ) ;
#1716 = ORIENTED_EDGE ( 'NONE', *, *, #2092, .F. ) ;
#1717 = ORIENTED_EDGE ( 'NONE', *, *, #756, .T. ) ;
#1718 = DIRECTION ( 'NONE',  ( 0.000000000000000000, 0.000000000000000000, -1.000000000000000000 ) ) ;
#1719 = CARTESIAN_POINT ( 'NONE',  ( 58.00000000000001421, -3.500000000000000000, 58.00000000000338929 ) ) ;
#1720 = DIRECTION ( 'NONE',  ( 0.000000000000000000, -1.000000000000000000, 0.000000000000000000 ) ) ;
#1721 = ADVANCED_FACE ( 'NONE', ( #877 ), #658, .F. ) ;
#1722 = AXIS2_PLACEMENT_3D ( 'NONE', #1815, #1277, #712 ) ;
#1723 = ORIENTED_EDGE ( 'NONE', *, *, #1885, .F. ) ;
#1724 = FACE_OUTER_BOUND ( 'NONE', #1596, .T. ) ;
#1725 = EDGE_CURVE ( 'NONE', #1134, #1825, #303, .T. ) ;
#1726 = FACE_OUTER_BOUND ( 'NONE', #1553, .T. ) ;
#1727 = ORIENTED_EDGE ( 'NONE', *, *, #884, .T. ) ;
#1728 = ORIENTED_EDGE ( 'NONE', *, *, #510, .T. ) ;
#1729 = VECTOR ( 'NONE', #2255, 1000.000000000000000 ) ;
#1730 = ORIENTED_EDGE ( 'NONE', *, *, #1725, .F. ) ;
#1731 = FACE_OUTER_BOUND ( 'NONE', #63, .T. ) ;
#1732 = CARTESIAN_POINT ( 'NONE',  ( 65.00000000000368061, -3.000000000000000000, 62.34999999999129017 ) ) ;
#1733 = CARTESIAN_POINT ( 'NONE',  ( -51.95000000000000284, 3.250000000000000444, 47.45000000000000284 ) ) ;
#1734 = EDGE_LOOP ( 'NONE', ( #165, #1393 ) ) ;
#1735 = DIRECTION ( 'NONE',  ( -0.000000000000000000, 1.000000000000000000, -0.000000000000000000 ) ) ;
#1736 = VECTOR ( 'NONE', #1496, 1000.000000000000000 ) ;
#1737 = VERTEX_POINT ( 'NONE', #2324 ) ;
#1738 = CARTESIAN_POINT ( 'NONE',  ( 58.00000000000001421, -3.500000000000000000, 58.00000000000338929 ) ) ;
#1739 = VERTEX_POINT ( 'NONE', #1894 ) ;
#1740 = VECTOR ( 'NONE', #529, 1000.000000000000000 ) ;
#1741 = ORIENTED_EDGE ( 'NONE', *, *, #725, .F. ) ;
#1742 = AXIS2_PLACEMENT_3D ( 'NONE', #1155, #1900, #1164 ) ;
#1743 = DIRECTION ( 'NONE',  ( 0.000000000000000000, 0.000000000000000000, 1.000000000000000000 ) ) ;
#1744 = ADVANCED_FACE ( 'NONE', ( #702 ), #1168, .F. ) ;
#1745 = CYLINDRICAL_SURFACE ( 'NONE', #86, 2.649999999999999467 ) ;
#1746 = AXIS2_PLACEMENT_3D ( 'NONE', #398, #199, #2182 ) ;
#1747 = FACE_OUTER_BOUND ( 'NONE', #1936, .T. ) ;
#1748 = ORIENTED_EDGE ( 'NONE', *, *, #864, .T. ) ;
#1749 = DIRECTION ( 'NONE',  ( 0.000000000000000000, 0.000000000000000000, 1.000000000000000000 ) ) ;
#1750 = ORIENTED_EDGE ( 'NONE', *, *, #469, .F. ) ;
#1751 = DIRECTION ( 'NONE',  ( 0.000000000000000000, 1.000000000000000000, 0.000000000000000000 ) ) ;
#1752 = VERTEX_POINT ( 'NONE', #2096 ) ;
#1753 = FACE_OUTER_BOUND ( 'NONE', #1660, .T. ) ;
#1754 = DIRECTION ( 'NONE',  ( -0.000000000000000000, -1.000000000000000000, -0.000000000000000000 ) ) ;
#1755 = EDGE_CURVE ( 'NONE', #1198, #1196, #6, .T. ) ;
#1756 = DIRECTION ( 'NONE',  ( 0.000000000000000000, 0.000000000000000000, 1.000000000000000000 ) ) ;
#1757 = ORIENTED_EDGE ( 'NONE', *, *, #218, .F. ) ;
#1758 = DIRECTION ( 'NONE',  ( 0.000000000000000000, -1.000000000000000000, 0.000000000000000000 ) ) ;
#1759 = AXIS2_PLACEMENT_3D ( 'NONE', #47, #1854, #770 ) ;
#1760 = ORIENTED_EDGE ( 'NONE', *, *, #385, .F. ) ;
#1761 = CARTESIAN_POINT ( 'NONE',  ( -70.00000000000005684, -4.000000000000000000, 64.99999999999995737 ) ) ;
#1762 = AXIS2_PLACEMENT_3D ( 'NONE', #1542, #2267, #1916 ) ;
#1763 = VECTOR ( 'NONE', #1659, 1000.000000000000000 ) ;
#1764 = DIRECTION ( 'NONE',  ( -0.000000000000000000, -1.000000000000000000, -0.000000000000000000 ) ) ;
#1765 = AXIS2_PLACEMENT_3D ( 'NONE', #934, #2012, #1842 ) ;
#1766 = CARTESIAN_POINT ( 'NONE',  ( 17.63618183030132514, 4.000000000000000000, 50.89999999999996305 ) ) ;
#1767 = PRODUCT ( '∏÷Õ¯º– PCBÕ–≈Ã ', '∏÷Õ¯º– PCBÕ–≈Ã ', '', ( #2234 ) ) ;
#1768 = DIRECTION ( 'NONE',  ( 0.000000000000000000, 0.000000000000000000, 1.000000000000000000 ) ) ;
#1769 = ORIENTED_EDGE ( 'NONE', *, *, #870, .F. ) ;
#1770 = DIRECTION ( 'NONE',  ( 0.000000000000000000, 0.000000000000000000, 1.000000000000000000 ) ) ;
#1771 = DIRECTION ( 'NONE',  ( 1.471663606342996571E-16, -0.000000000000000000, 1.000000000000000000 ) ) ;
#1772 = VECTOR ( 'NONE', #1333, 1000.000000000000000 ) ;
#1773 = ORIENTED_EDGE ( 'NONE', *, *, #1077, .T. ) ;
#1774 = PRESENTATION_LAYER_ASSIGNMENT (  '', '', ( #380 ) ) ;
#1775 = ORIENTED_EDGE ( 'NONE', *, *, #510, .F. ) ;
#1776 = ORIENTED_EDGE ( 'NONE', *, *, #1169, .T. ) ;
#1777 = CARTESIAN_POINT ( 'NONE',  ( 47.44999999999998863, 3.250000000000000444, -47.45000000000000284 ) ) ;
#1778 = AXIS2_PLACEMENT_3D ( 'NONE', #2085, #998, #1253 ) ;
#1779 = DIRECTION ( 'NONE',  ( 0.000000000000000000, 0.000000000000000000, 1.000000000000000000 ) ) ;
#1780 = VECTOR ( 'NONE', #1416, 1000.000000000000000 ) ;
#1781 = DIRECTION ( 'NONE',  ( -0.000000000000000000, -1.000000000000000000, -0.000000000000000000 ) ) ;
#1782 = CARTESIAN_POINT ( 'NONE',  ( 64.99999999999994316, -4.000000000000000000, -70.00000000000000000 ) ) ;
#1783 = DIRECTION ( 'NONE',  ( -1.471663606342996571E-16, -0.000000000000000000, -1.000000000000000000 ) ) ;
#1784 = EDGE_CURVE ( 'NONE', #2263, #458, #1185, .T. ) ;
#1785 = ORIENTED_EDGE ( 'NONE', *, *, #2059, .T. ) ;
#1786 = CARTESIAN_POINT ( 'NONE',  ( -65.00000000000005684, -3.000000000000000000, -65.00000000000001421 ) ) ;
#1787 = EDGE_LOOP ( 'NONE', ( #1462, #131, #1690, #2309 ) ) ;
#1788 = LINE ( 'NONE', #1084, #220 ) ;
#1789 = EDGE_CURVE ( 'NONE', #2203, #1235, #954, .T. ) ;
#1790 = ORIENTED_EDGE ( 'NONE', *, *, #2192, .F. ) ;
#1791 = DIRECTION ( 'NONE',  ( -0.000000000000000000, 1.000000000000000000, -0.000000000000000000 ) ) ;
#1792 = LINE ( 'NONE', #1615, #256 ) ;
#1793 = CARTESIAN_POINT ( 'NONE',  ( 47.44999999999998863, 4.000000000000000000, -51.20000000000000995 ) ) ;
#1794 = DIRECTION ( 'NONE',  ( 0.000000000000000000, -0.000000000000000000, 1.000000000000000000 ) ) ;
#1795 = DIRECTION ( 'NONE',  ( -1.471663606342996571E-16, 0.000000000000000000, -1.000000000000000000 ) ) ;
#1796 = ORIENTED_EDGE ( 'NONE', *, *, #298, .F. ) ;
#1797 = DIRECTION ( 'NONE',  ( -0.000000000000000000, 1.000000000000000000, -0.000000000000000000 ) ) ;
#1798 = VERTEX_POINT ( 'NONE', #2108 ) ;
#1799 = AXIS2_PLACEMENT_3D ( 'NONE', #284, #521, #2305 ) ;
#1800 = VECTOR ( 'NONE', #708, 1000.000000000000000 ) ;
#1801 = CARTESIAN_POINT ( 'NONE',  ( -37.14999999999999858, 3.250000000000000444, 50.89999999999999147 ) ) ;
#1802 = DIRECTION ( 'NONE',  ( -0.000000000000000000, -1.000000000000000000, -0.000000000000000000 ) ) ;
#1803 = CIRCLE ( 'NONE', #1915, 4.000000000000003553 ) ;
#1804 = CARTESIAN_POINT ( 'NONE',  ( 37.14999999999997726, 3.250000000000000444, -50.15000000000000568 ) ) ;
#1805 = FACE_OUTER_BOUND ( 'NONE', #911, .T. ) ;
#1806 = DIRECTION ( 'NONE',  ( 0.000000000000000000, 1.000000000000000000, 0.000000000000000000 ) ) ;
#1807 = DIRECTION ( 'NONE',  ( 0.000000000000000000, 0.000000000000000000, 1.000000000000000000 ) ) ;
#1808 = VERTEX_POINT ( 'NONE', #634 ) ;
#1809 = ORIENTED_EDGE ( 'NONE', *, *, #2094, .F. ) ;
#1810 = ORIENTED_EDGE ( 'NONE', *, *, #1645, .T. ) ;
#1811 = ADVANCED_FACE ( 'NONE', ( #1724 ), #1009, .F. ) ;
#1812 = AXIS2_PLACEMENT_3D ( 'NONE', #1415, #1953, #1405 ) ;
#1813 = DIRECTION ( 'NONE',  ( 0.000000000000000000, 1.000000000000000000, 0.000000000000000000 ) ) ;
#1814 = AXIS2_PLACEMENT_3D ( 'NONE', #505, #759, #1293 ) ;
#1815 = CARTESIAN_POINT ( 'NONE',  ( 47.45000000000000284, 4.000000000000000000, 47.45000000000000284 ) ) ;
#1816 = ADVANCED_FACE ( 'NONE', ( #809 ), #623, .T. ) ;
#1817 = CARTESIAN_POINT ( 'NONE',  ( 58.00000000000001421, -3.500000000000000000, 63.00000000000681410 ) ) ;
#1818 = VERTEX_POINT ( 'NONE', #273 ) ;
#1819 = DIRECTION ( 'NONE',  ( -0.000000000000000000, 1.000000000000000000, -0.000000000000000000 ) ) ;
#1820 = CARTESIAN_POINT ( 'NONE',  ( -51.20000000000001705, 4.000000000000000000, -47.45000000000000284 ) ) ;
#1821 = CARTESIAN_POINT ( 'NONE',  ( 65.00000000000368061, 0.000000000000000000, 67.65000000000149782 ) ) ;
#1822 = AXIS2_PLACEMENT_3D ( 'NONE', #1535, #239, #591 ) ;
#1823 = UNCERTAINTY_MEASURE_WITH_UNIT (LENGTH_MEASURE( 1.000000000000000082E-05 ), #2031, 'distance_accuracy_value', 'NONE');
#1824 = EDGE_LOOP ( 'NONE', ( #1810, #2019 ) ) ;
#1825 = VERTEX_POINT ( 'NONE', #96 ) ;
#1826 = VERTEX_POINT ( 'NONE', #1642 ) ;
#1827 = CARTESIAN_POINT ( 'NONE',  ( -15.00000000000000000, 0.000000000000000000, 47.95000000000000995 ) ) ;
#1828 = ADVANCED_BREP_SHAPE_REPRESENTATION ( '∏÷Õ¯º– PCBÕ–≈Ã ', ( #1555, #12 ), #308 ) ;
#1829 = VERTEX_POINT ( 'NONE', #1315 ) ;
#1830 = EDGE_CURVE ( 'NONE', #1829, #144, #1267, .T. ) ;
#1831 = FACE_OUTER_BOUND ( 'NONE', #614, .T. ) ;
#1832 = DIRECTION ( 'NONE',  ( -0.000000000000000000, 1.000000000000000000, -0.000000000000000000 ) ) ;
#1833 = DIRECTION ( 'NONE',  ( 1.471663606342996571E-16, 0.000000000000000000, 1.000000000000000000 ) ) ;
#1834 = ORIENTED_EDGE ( 'NONE', *, *, #1251, .F. ) ;
#1835 = FACE_BOUND ( 'NONE', #109, .T. ) ;
#1836 = EDGE_CURVE ( 'NONE', #764, #251, #454, .T. ) ;
#1837 = CARTESIAN_POINT ( 'NONE',  ( 64.99999999999994316, -4.000000000000000000, 64.99999999999998579 ) ) ;
#1838 = CARTESIAN_POINT ( 'NONE',  ( -19.00000000000000000, 2.400000000000000355, 47.95000000000000995 ) ) ;
#1839 = EDGE_LOOP ( 'NONE', ( #315, #1863, #2087, #637 ) ) ;
#1840 =( LENGTH_UNIT ( ) NAMED_UNIT ( * ) SI_UNIT ( .MILLI., .METRE. ) );
#1841 = DIRECTION ( 'NONE',  ( 0.000000000000000000, 1.000000000000000000, 0.000000000000000000 ) ) ;
#1842 = DIRECTION ( 'NONE',  ( 0.000000000000000000, -0.000000000000000000, 1.000000000000000000 ) ) ;
#1843 = CIRCLE ( 'NONE', #409, 5.000000000001766587 ) ;
#1844 = EDGE_LOOP ( 'NONE', ( #2233, #1550, #1498, #751 ) ) ;
#1845 = FACE_BOUND ( 'NONE', #1352, .T. ) ;
#1846 = EDGE_CURVE ( 'NONE', #2134, #317, #990, .T. ) ;
#1847 = LINE ( 'NONE', #2161, #1965 ) ;
#1848 = DIRECTION ( 'NONE',  ( 0.000000000000000000, 0.000000000000000000, 1.000000000000000000 ) ) ;
#1849 = EDGE_CURVE ( 'NONE', #2281, #1850, #1343, .T. ) ;
#1850 = VERTEX_POINT ( 'NONE', #215 ) ;
#1851 = EDGE_CURVE ( 'NONE', #1739, #378, #935, .T. ) ;
#1852 = DIRECTION ( 'NONE',  ( -1.000000000000000000, 0.000000000000000000, 1.462359094606370465E-16 ) ) ;
#1853 = PRESENTATION_STYLE_ASSIGNMENT (( #1331 ) ) ;
#1854 = DIRECTION ( 'NONE',  ( 0.000000000000000000, -1.000000000000000000, 0.000000000000000000 ) ) ;
#1855 = CARTESIAN_POINT ( 'NONE',  ( 40.14999999999998437, 3.250000000000000444, -47.15000000000000568 ) ) ;
#1856 = CARTESIAN_POINT ( 'NONE',  ( 15.89202313966526781, 3.664002705594701759, 50.27150879892119661 ) ) ;
#1857 = TOROIDAL_SURFACE ( 'NONE', #1340, 3.750000000000002665, 0.7500000000000000000 ) ;
#1858 = AXIS2_PLACEMENT_3D ( 'NONE', #2044, #420, #1865 ) ;
#1859 = DIRECTION ( 'NONE',  ( 0.000000000000000000, -1.000000000000000000, 0.000000000000000000 ) ) ;
#1860 = AXIS2_PLACEMENT_3D ( 'NONE', #107, #824, #89 ) ;
#1861 = EDGE_CURVE ( 'NONE', #835, #803, #374, .T. ) ;
#1862 = CIRCLE ( 'NONE', #304, 3.000000000000002665 ) ;
#1863 = ORIENTED_EDGE ( 'NONE', *, *, #923, .F. ) ;
#1864 = ORIENTED_EDGE ( 'NONE', *, *, #996, .T. ) ;
#1865 = DIRECTION ( 'NONE',  ( 0.000000000000000000, 0.000000000000000000, 1.000000000000000000 ) ) ;
#1866 = ADVANCED_FACE ( 'NONE', ( #350 ), #2304, .T. ) ;
#1867 = DIRECTION ( 'NONE',  ( -0.000000000000000000, -1.000000000000000000, -0.000000000000000000 ) ) ;
#1868 = DIRECTION ( 'NONE',  ( -0.000000000000000000, 1.000000000000000000, 0.000000000000000000 ) ) ;
#1869 = DIRECTION ( 'NONE',  ( -1.000000000000000000, 0.000000000000000000, 0.000000000000000000 ) ) ;
#1870 = ADVANCED_FACE ( 'NONE', ( #1982 ), #609, .T. ) ;
#1871 = DIRECTION ( 'NONE',  ( 0.000000000000000000, 0.000000000000000000, 1.000000000000000000 ) ) ;
#1872 = ORIENTED_EDGE ( 'NONE', *, *, #246, .F. ) ;
#1873 = DIRECTION ( 'NONE',  ( 0.000000000000000000, 1.000000000000000000, 0.000000000000000000 ) ) ;
#1874 = ORIENTED_EDGE ( 'NONE', *, *, #385, .T. ) ;
#1875 = APPLICATION_PROTOCOL_DEFINITION ( 'draft international standard', 'automotive_design', 1998, #58 ) ;
#1876 = CYLINDRICAL_SURFACE ( 'NONE', #830, 0.7500000000000006661 ) ;
#1877 = CARTESIAN_POINT ( 'NONE',  ( 17.63618183030132514, 4.000000000000000000, 50.89999999999996305 ) ) ;
#1878 = CIRCLE ( 'NONE', #556, 4.999999999999997335 ) ;
#1879 = PLANE ( 'NONE',  #447 ) ;
#1880 = CIRCLE ( 'NONE', #2181, 3.750000000000003553 ) ;
#1881 = ORIENTED_EDGE ( 'NONE', *, *, #808, .F. ) ;
#1882 = AXIS2_PLACEMENT_3D ( 'NONE', #262, #270, #93 ) ;
#1883 = DIRECTION ( 'NONE',  ( 1.000000000000000000, 0.000000000000000000, 0.000000000000000000 ) ) ;
#1884 = DIRECTION ( 'NONE',  ( 1.000000000000000000, 0.000000000000000000, 0.000000000000000000 ) ) ;
#1885 = EDGE_CURVE ( 'NONE', #2098, #548, #910, .T. ) ;
#1886 = CYLINDRICAL_SURFACE ( 'NONE', #1057, 4.000000000000003553 ) ;
#1887 = ORIENTED_EDGE ( 'NONE', *, *, #1755, .F. ) ;
#1888 = DIRECTION ( 'NONE',  ( -0.000000000000000000, -1.000000000000000000, -0.000000000000000000 ) ) ;
#1889 = EDGE_CURVE ( 'NONE', #803, #608, #1225, .T. ) ;
#1890 = LINE ( 'NONE', #822, #1049 ) ;
#1891 = VERTEX_POINT ( 'NONE', #226 ) ;
#1892 = CIRCLE ( 'NONE', #340, 2.649999999999999467 ) ;
#1893 = ORIENTED_EDGE ( 'NONE', *, *, #1714, .F. ) ;
#1894 = CARTESIAN_POINT ( 'NONE',  ( -70.00000000000005684, 0.000000000000000000, 64.99999999999995737 ) ) ;
#1895 = ORIENTED_EDGE ( 'NONE', *, *, #1656, .F. ) ;
#1896 = ORIENTED_EDGE ( 'NONE', *, *, #1379, .F. ) ;
#1897 = EDGE_CURVE ( 'NONE', #1259, #1737, #581, .T. ) ;
#1898 = LINE ( 'NONE', #1855, #2041 ) ;
#1899 = ORIENTED_EDGE ( 'NONE', *, *, #697, .F. ) ;
#1900 = DIRECTION ( 'NONE',  ( -0.000000000000000000, 1.000000000000000000, -0.000000000000000000 ) ) ;
#1901 = FACE_OUTER_BOUND ( 'NONE', #379, .T. ) ;
#1902 = EDGE_CURVE ( 'NONE', #500, #2276, #493, .T. ) ;
#1903 = ORIENTED_EDGE ( 'NONE', *, *, #336, .T. ) ;
#1904 = CARTESIAN_POINT ( 'NONE',  ( -37.14999999999999858, 3.250000000000000444, 50.89999999999999147 ) ) ;
#1905 = CYLINDRICAL_SURFACE ( 'NONE', #1799, 4.999999999999997335 ) ;
#1906 = VERTEX_POINT ( 'NONE', #362 ) ;
#1907 = ORIENTED_EDGE ( 'NONE', *, *, #615, .T. ) ;
#1908 = CARTESIAN_POINT ( 'NONE',  ( -58.00000000000006395, -3.500000000000000000, 58.00000000000000711 ) ) ;
#1909 = CARTESIAN_POINT ( 'NONE',  ( 40.14999999999998437, 2.400000000000000355, -47.15000000000000568 ) ) ;
#1910 = CARTESIAN_POINT ( 'NONE',  ( 47.44999999999998863, 3.250000000000000444, -51.20000000000000995 ) ) ;
#1911 = AXIS2_PLACEMENT_3D ( 'NONE', #1262, #1602, #2322 ) ;
#1912 = ORIENTED_EDGE ( 'NONE', *, *, #655, .T. ) ;
#1913 = VECTOR ( 'NONE', #669, 1000.000000000000000 ) ;
#1914 = CARTESIAN_POINT ( 'NONE',  ( 37.14999999999997726, 3.250000000000000444, -50.90000000000000568 ) ) ;
#1915 = AXIS2_PLACEMENT_3D ( 'NONE', #1252, #688, #1756 ) ;
#1916 = DIRECTION ( 'NONE',  ( 0.000000000000000000, 0.000000000000000000, 1.000000000000000000 ) ) ;
#1917 = VERTEX_POINT ( 'NONE', #1128 ) ;
#1918 = ADVANCED_FACE ( 'NONE', ( #922 ), #40, .T. ) ;
#1919 = ORIENTED_EDGE ( 'NONE', *, *, #475, .T. ) ;
#1920 = CARTESIAN_POINT ( 'NONE',  ( -58.00000000000006395, -3.500000000000000000, 58.00000000000000711 ) ) ;
#1921 = DIRECTION ( 'NONE',  ( -1.000000000000000000, 0.000000000000000000, -0.000000000000000000 ) ) ;
#1922 = LINE ( 'NONE', #139, #639 ) ;
#1923 = DIRECTION ( 'NONE',  ( 0.000000000000000000, 0.000000000000000000, -1.000000000000000000 ) ) ;
#1924 = ADVANCED_FACE ( 'NONE', ( #1835, #23, #758, #738, #1845, #1628 ), #1480, .F. ) ;
#1925 = CIRCLE ( 'NONE', #907, 2.650000000003739586 ) ;
#1926 = ORIENTED_EDGE ( 'NONE', *, *, #403, .F. ) ;
#1927 = CIRCLE ( 'NONE', #676, 0.7500000000000006661 ) ;
#1928 = CARTESIAN_POINT ( 'NONE',  ( 37.14999999999998437, 3.250000000000000444, -47.15000000000000568 ) ) ;
#1929 = AXIS2_PLACEMENT_3D ( 'NONE', #904, #203, #2025 ) ;
#1930 = ADVANCED_FACE ( 'NONE', ( #1805 ), #727, .F. ) ;
#1931 = ORIENTED_EDGE ( 'NONE', *, *, #1414, .F. ) ;
#1932 = CIRCLE ( 'NONE', #2014, 3.750000000000003553 ) ;
#1933 = LINE ( 'NONE', #125, #300 ) ;
#1934 = DIRECTION ( 'NONE',  ( 0.000000000000000000, -1.000000000000000000, 0.000000000000000000 ) ) ;
#1935 = PLANE ( 'NONE',  #667 ) ;
#1936 = EDGE_LOOP ( 'NONE', ( #796, #1000 ) ) ;
#1937 = CARTESIAN_POINT ( 'NONE',  ( -15.00000000000000000, 0.000000000000000000, 47.95000000000000995 ) ) ;
#1938 = EDGE_LOOP ( 'NONE', ( #1231, #966 ) ) ;
#1939 = CARTESIAN_POINT ( 'NONE',  ( -64.99999999999640465, -3.000000000000000000, 65.00000000000005684 ) ) ;
#1940 = ORIENTED_EDGE ( 'NONE', *, *, #1099, .T. ) ;
#1941 = DIRECTION ( 'NONE',  ( -0.000000000000000000, 1.000000000000000000, -0.000000000000000000 ) ) ;
#1942 = CARTESIAN_POINT ( 'NONE',  ( 64.99999999999994316, -4.000000000000000000, -64.99999999999998579 ) ) ;
#1943 = FACE_OUTER_BOUND ( 'NONE', #1020, .T. ) ;
#1944 = ORIENTED_EDGE ( 'NONE', *, *, #1341, .T. ) ;
#1945 = DIRECTION ( 'NONE',  ( 0.000000000000000000, 0.000000000000000000, -1.000000000000000000 ) ) ;
#1946 = AXIS2_PLACEMENT_3D ( 'NONE', #1597, #1420, #2280 ) ;
#1947 = VERTEX_POINT ( 'NONE', #2050 ) ;
#1948 = CARTESIAN_POINT ( 'NONE',  ( 58.00000000000001421, -4.000000000000000000, 52.99999999999996447 ) ) ;
#1949 = CIRCLE ( 'NONE', #1292, 10.00000000000000000 ) ;
#1950 = ORIENTED_EDGE ( 'NONE', *, *, #739, .T. ) ;
#1951 = AXIS2_PLACEMENT_3D ( 'NONE', #85, #1720, #429 ) ;
#1952 = VERTEX_POINT ( 'NONE', #1189 ) ;
#1953 = DIRECTION ( 'NONE',  ( 0.000000000000000000, 1.000000000000000000, 0.000000000000000000 ) ) ;
#1954 = DIRECTION ( 'NONE',  ( -0.000000000000000000, 1.000000000000000000, -0.000000000000000000 ) ) ;
#1955 = CARTESIAN_POINT ( 'NONE',  ( 65.00000000000002842, -3.000000000000000000, -62.34999999999993747 ) ) ;
#1956 = CARTESIAN_POINT ( 'NONE',  ( -19.00000000000000000, 4.000000000000000000, 51.20000000000000995 ) ) ;
#1957 = DIRECTION ( 'NONE',  ( 0.000000000000000000, 0.000000000000000000, 1.000000000000000000 ) ) ;
#1958 = EDGE_CURVE ( 'NONE', #105, #1186, #1708, .T. ) ;
#1959 = VERTEX_POINT ( 'NONE', #611 ) ;
#1960 = DIRECTION ( 'NONE',  ( 0.000000000000000000, 0.000000000000000000, 1.000000000000000000 ) ) ;
#1961 = EDGE_LOOP ( 'NONE', ( #396, #464, #2253, #2084 ) ) ;
#1962 = CARTESIAN_POINT ( 'NONE',  ( -51.20000000000000995, 3.250000000000000444, 47.45000000000000284 ) ) ;
#1963 = ORIENTED_EDGE ( 'NONE', *, *, #1077, .F. ) ;
#1964 = VERTEX_POINT ( 'NONE', #794 ) ;
#1965 = VECTOR ( 'NONE', #1305, 1000.000000000000000 ) ;
#1966 = VECTOR ( 'NONE', #1355, 1000.000000000000000 ) ;
#1967 = DIRECTION ( 'NONE',  ( 0.000000000000000000, 0.000000000000000000, 1.000000000000000000 ) ) ;
#1968 = AXIS2_PLACEMENT_3D ( 'NONE', #1455, #1004, #1701 ) ;
#1969 = DIRECTION ( 'NONE',  ( -0.000000000000000000, 1.000000000000000000, -0.000000000000000000 ) ) ;
#1970 = DIRECTION ( 'NONE',  ( 0.000000000000000000, 1.000000000000000000, 0.000000000000000000 ) ) ;
#1971 = DIRECTION ( 'NONE',  ( 0.000000000000000000, 0.000000000000000000, 1.000000000000000000 ) ) ;
#1972 = DIRECTION ( 'NONE',  ( 0.000000000000000000, -1.000000000000000000, 0.000000000000000000 ) ) ;
#1973 = CARTESIAN_POINT ( 'NONE',  ( -37.14999999999999858, 3.250000000000000444, 47.14999999999999147 ) ) ;
#1974 = ADVANCED_FACE ( 'NONE', ( #453 ), #2067, .T. ) ;
#1975 = ORIENTED_EDGE ( 'NONE', *, *, #57, .F. ) ;
#1976 = DIRECTION ( 'NONE',  ( -0.000000000000000000, -1.000000000000000000, -0.000000000000000000 ) ) ;
#1977 = ORIENTED_EDGE ( 'NONE', *, *, #341, .T. ) ;
#1978 = ORIENTED_EDGE ( 'NONE', *, *, #2254, .T. ) ;
#1979 = CARTESIAN_POINT ( 'NONE',  ( 69.99999999999995737, 0.000000000000000000, -64.99999999999998579 ) ) ;
#1980 = CARTESIAN_POINT ( 'NONE',  ( -15.65934138230197803, 3.250000000000000444, 50.14999999999999147 ) ) ;
#1981 = PLANE ( 'NONE',  #2184 ) ;
#1982 = FACE_OUTER_BOUND ( 'NONE', #1839, .T. ) ;
#1983 = FACE_OUTER_BOUND ( 'NONE', #1346, .T. ) ;
#1984 = CARTESIAN_POINT ( 'NONE',  ( 37.14999999999999147, 3.250000000000000444, 50.14999999999999147 ) ) ;
#1985 = ORIENTED_EDGE ( 'NONE', *, *, #333, .T. ) ;
#1986 = VERTEX_POINT ( 'NONE', #960 ) ;
#1987 = EDGE_LOOP ( 'NONE', ( #560, #1297, #2293, #2176 ) ) ;
#1988 = EDGE_CURVE ( 'NONE', #748, #1997, #119, .T. ) ;
#1989 = AXIS2_PLACEMENT_3D ( 'NONE', #1082, #166, #1960 ) ;
#1990 = LINE ( 'NONE', #1979, #648 ) ;
#1991 = CARTESIAN_POINT ( 'NONE',  ( 58.00000000000001421, -3.500000000000000000, 52.99999999999996447 ) ) ;
#1992 = CIRCLE ( 'NONE', #1365, 10.00000000000000000 ) ;
#1993 = DIRECTION ( 'NONE',  ( 0.000000000000000000, 1.000000000000000000, 0.000000000000000000 ) ) ;
#1994 = CARTESIAN_POINT ( 'NONE',  ( -47.45000000000000284, 4.000000000000000000, 47.45000000000000284 ) ) ;
#1995 = CYLINDRICAL_SURFACE ( 'NONE', #2261, 0.7500000000000006661 ) ;
#1996 = CARTESIAN_POINT ( 'NONE',  ( -15.00000000000000000, 0.000000000000000000, 47.95000000000000995 ) ) ;
#1997 = VERTEX_POINT ( 'NONE', #981 ) ;
#1998 = ORIENTED_EDGE ( 'NONE', *, *, #1789, .T. ) ;
#1999 = ORIENTED_EDGE ( 'NONE', *, *, #710, .F. ) ;
#2000 = ADVANCED_FACE ( 'NONE', ( #414 ), #1334, .F. ) ;
#2001 = ORIENTED_EDGE ( 'NONE', *, *, #1958, .T. ) ;
#2002 = ORIENTED_EDGE ( 'NONE', *, *, #2071, .T. ) ;
#2003 = AXIS2_PLACEMENT_3D ( 'NONE', #2235, #819, #2065 ) ;
#2004 = ORIENTED_EDGE ( 'NONE', *, *, #1846, .T. ) ;
#2005 = ORIENTED_EDGE ( 'NONE', *, *, #264, .T. ) ;
#2006 = EDGE_CURVE ( 'NONE', #1056, #29, #346, .T. ) ;
#2007 = CIRCLE ( 'NONE', #987, 4.500000000000003553 ) ;
#2008 = CARTESIAN_POINT ( 'NONE',  ( -58.00000000000006395, -3.500000000000000000, 58.00000000000000711 ) ) ;
#2009 = AXIS2_PLACEMENT_3D ( 'NONE', #2173, #51, #1481 ) ;
#2010 = CARTESIAN_POINT ( 'NONE',  ( 58.00000000000340350, -4.000000000000000000, -57.99999999999670308 ) ) ;
#2011 = AXIS2_PLACEMENT_3D ( 'NONE', #461, #1195, #2250 ) ;
#2012 = DIRECTION ( 'NONE',  ( 0.000000000000000000, 1.000000000000000000, 0.000000000000000000 ) ) ;
#2013 = CARTESIAN_POINT ( 'NONE',  ( -47.45000000000000284, 3.250000000000000444, 47.45000000000000284 ) ) ;
#2014 = AXIS2_PLACEMENT_3D ( 'NONE', #172, #874, #1300 ) ;
#2015 = FACE_OUTER_BOUND ( 'NONE', #1598, .T. ) ;
#2016 = FACE_OUTER_BOUND ( 'NONE', #1149, .T. ) ;
#2017 = VECTOR ( 'NONE', #1791, 1000.000000000000000 ) ;
#2018 = EDGE_CURVE ( 'NONE', #2308, #608, #2307, .T. ) ;
#2019 = ORIENTED_EDGE ( 'NONE', *, *, #697, .T. ) ;
#2020 = DIRECTION ( 'NONE',  ( 1.000000000000000000, 0.000000000000000000, -1.462359094606370465E-16 ) ) ;
#2021 = ADVANCED_FACE ( 'NONE', ( #427 ), #2037, .F. ) ;
#2022 = CARTESIAN_POINT ( 'NONE',  ( -40.14999999999999858, 2.400000000000000355, 47.14999999999999147 ) ) ;
#2023 = PLANE ( 'NONE',  #1578 ) ;
#2024 = VERTEX_POINT ( 'NONE', #277 ) ;
#2025 = DIRECTION ( 'NONE',  ( 0.000000000000000000, 0.000000000000000000, 1.000000000000000000 ) ) ;
#2026 = EDGE_CURVE ( 'NONE', #1460, #1818, #1407, .T. ) ;
#2027 = FACE_OUTER_BOUND ( 'NONE', #394, .T. ) ;
#2028 = DIRECTION ( 'NONE',  ( -0.000000000000000000, 1.000000000000000000, -0.000000000000000000 ) ) ;
#2029 = ORIENTED_EDGE ( 'NONE', *, *, #161, .T. ) ;
#2030 = CARTESIAN_POINT ( 'NONE',  ( -47.45000000000001705, 3.250000000000000444, -47.45000000000000284 ) ) ;
#2031 =( LENGTH_UNIT ( ) NAMED_UNIT ( * ) SI_UNIT ( .MILLI., .METRE. ) );
#2032 = CIRCLE ( 'NONE', #1392, 2.650000000001901057 ) ;
#2033 = CYLINDRICAL_SURFACE ( 'NONE', #1762, 2.650000000001901057 ) ;
#2034 = ADVANCED_FACE ( 'NONE', ( #773 ), #1356, .F. ) ;
#2035 = CARTESIAN_POINT ( 'NONE',  ( -16.12880754268102734, 3.811360028712926784, 50.38719126129598180 ) ) ;
#2036 = CIRCLE ( 'NONE', #1133, 2.649999999999999467 ) ;
#2037 = CYLINDRICAL_SURFACE ( 'NONE', #1742, 2.650000000003739586 ) ;
#2038 = VECTOR ( 'NONE', #1066, 1000.000000000000000 ) ;
#2039 = DIRECTION ( 'NONE',  ( 0.000000000000000000, 1.000000000000000000, 0.000000000000000000 ) ) ;
#2040 = DIRECTION ( 'NONE',  ( 0.000000000000000000, -1.000000000000000000, 0.000000000000000000 ) ) ;
#2041 = VECTOR ( 'NONE', #811, 1000.000000000000000 ) ;
#2042 = EDGE_CURVE ( 'NONE', #616, #357, #157, .T. ) ;
#2043 = ORIENTED_EDGE ( 'NONE', *, *, #1313, .F. ) ;
#2044 = CARTESIAN_POINT ( 'NONE',  ( 0.000000000000000000, -4.000000000000000000, 0.000000000000000000 ) ) ;
#2045 = VECTOR ( 'NONE', #80, 1000.000000000000000 ) ;
#2046 = ORIENTED_EDGE ( 'NONE', *, *, #1645, .F. ) ;
#2047 = AXIS2_PLACEMENT_3D ( 'NONE', #1140, #782, #2216 ) ;
#2048 = CARTESIAN_POINT ( 'NONE',  ( 19.00000000000000355, 3.250000000000000444, 51.95000000000000995 ) ) ;
#2049 = CARTESIAN_POINT ( 'NONE',  ( 0.000000000000000000, 2.400000000000000355, 10.00000000000000000 ) ) ;
#2050 = CARTESIAN_POINT ( 'NONE',  ( -65.00000000000005684, -3.000000000000000000, -67.65000000000001990 ) ) ;
#2051 = EDGE_CURVE ( 'NONE', #1151, #2276, #437, .T. ) ;
#2052 = CARTESIAN_POINT ( 'NONE',  ( -64.99999999999640465, 0.000000000000000000, 62.34999999999815401 ) ) ;
#2053 = AXIS2_PLACEMENT_3D ( 'NONE', #2148, #890, #1655 ) ;
#2054 = ORIENTED_EDGE ( 'NONE', *, *, #2159, .T. ) ;
#2055 = AXIS2_PLACEMENT_3D ( 'NONE', #1546, #1588, #2113 ) ;
#2056 = ORIENTED_EDGE ( 'NONE', *, *, #1661, .T. ) ;
#2057 = DIRECTION ( 'NONE',  ( 0.000000000000000000, 0.000000000000000000, -1.000000000000000000 ) ) ;
#2058 = CARTESIAN_POINT ( 'NONE',  ( -37.14999999999999858, 4.000000000000000000, 50.89999999999999147 ) ) ;
#2059 = EDGE_CURVE ( 'NONE', #837, #2077, #983, .T. ) ;
#2060 = CARTESIAN_POINT ( 'NONE',  ( 15.81738331684987386, 3.603572883189894771, 50.23341619978017292 ) ) ;
#2061 = CARTESIAN_POINT ( 'NONE',  ( -65.00000000000005684, 0.000000000000000000, -65.00000000000001421 ) ) ;
#2062 = ORIENTED_EDGE ( 'NONE', *, *, #1309, .F. ) ;
#2063 = CARTESIAN_POINT ( 'NONE',  ( 37.14999999999998437, 4.000000000000000000, -47.15000000000000568 ) ) ;
#2064 = ADVANCED_FACE ( 'NONE', ( #260 ), #82, .F. ) ;
#2065 = DIRECTION ( 'NONE',  ( 1.000000000000000000, 0.000000000000000000, 0.000000000000000000 ) ) ;
#2066 = AXIS2_PLACEMENT_3D ( 'NONE', #1332, #1867, #1197 ) ;
#2067 = CYLINDRICAL_SURFACE ( 'NONE', #914, 0.7500000000000006661 ) ;
#2068 = AXIS2_PLACEMENT_3D ( 'NONE', #621, #972, #645 ) ;
#2069 = FACE_OUTER_BOUND ( 'NONE', #570, .T. ) ;
#2070 = CIRCLE ( 'NONE', #2068, 2.650000000003739586 ) ;
#2071 = EDGE_CURVE ( 'NONE', #1510, #2151, #1556, .T. ) ;
#2072 = VERTEX_POINT ( 'NONE', #135 ) ;
#2073 = AXIS2_PLACEMENT_3D ( 'NONE', #448, #2247, #1529 ) ;
#2074 = DIRECTION ( 'NONE',  ( -1.462359094606370465E-16, 0.000000000000000000, -1.000000000000000000 ) ) ;
#2075 = ADVANCED_FACE ( 'NONE', ( #102 ), #1018, .T. ) ;
#2076 = ORIENTED_EDGE ( 'NONE', *, *, #756, .F. ) ;
#2077 = VERTEX_POINT ( 'NONE', #1766 ) ;
#2078 = CARTESIAN_POINT ( 'NONE',  ( 0.000000000000000000, 0.000000000000000000, 0.000000000000000000 ) ) ;
#2079 = EDGE_CURVE ( 'NONE', #2110, #604, #861, .T. ) ;
#2080 = FACE_OUTER_BOUND ( 'NONE', #1473, .T. ) ;
#2081 = DIRECTION ( 'NONE',  ( 1.000000000000000000, 0.000000000000000000, 0.000000000000000000 ) ) ;
#2082 = DIRECTION ( 'NONE',  ( 1.000000000000000000, 0.000000000000000000, 0.000000000000000000 ) ) ;
#2083 = AXIS2_PLACEMENT_3D ( 'NONE', #285, #661, #2310 ) ;
#2084 = ORIENTED_EDGE ( 'NONE', *, *, #1411, .F. ) ;
#2085 = CARTESIAN_POINT ( 'NONE',  ( 0.000000000000000000, -4.000000000000000000, 0.000000000000000000 ) ) ;
#2086 = AXIS2_PLACEMENT_3D ( 'NONE', #663, #900, #359 ) ;
#2087 = ORIENTED_EDGE ( 'NONE', *, *, #1784, .F. ) ;
#2088 = CARTESIAN_POINT ( 'NONE',  ( 65.00000000000368061, -3.000000000000000000, 64.99999999999639044 ) ) ;
#2089 = EDGE_LOOP ( 'NONE', ( #546, #1272, #1727, #912 ) ) ;
#2090 = LINE ( 'NONE', #686, #1147 ) ;
#2091 = DIRECTION ( 'NONE',  ( -0.000000000000000000, 1.000000000000000000, -0.000000000000000000 ) ) ;
#2092 = EDGE_CURVE ( 'NONE', #548, #790, #320, .T. ) ;
#2093 = CARTESIAN_POINT ( 'NONE',  ( -40.89999999999999858, 4.000000000000000000, 47.14999999999999147 ) ) ;
#2094 = EDGE_CURVE ( 'NONE', #378, #656, #1485, .T. ) ;
#2095 = ORIENTED_EDGE ( 'NONE', *, *, #1609, .T. ) ;
#2096 = CARTESIAN_POINT ( 'NONE',  ( 51.19999999999999574, 4.000000000000000000, 47.45000000000000284 ) ) ;
#2097 = DIRECTION ( 'NONE',  ( 0.000000000000000000, 0.000000000000000000, 1.000000000000000000 ) ) ;
#2098 = VERTEX_POINT ( 'NONE', #1732 ) ;
#2099 = CARTESIAN_POINT ( 'NONE',  ( -40.14999999999999858, 2.400000000000000355, 47.14999999999999147 ) ) ;
#2100 = CARTESIAN_POINT ( 'NONE',  ( -51.95000000000001705, 4.000000000000000000, -47.45000000000000284 ) ) ;
#2101 = EDGE_CURVE ( 'NONE', #1458, #1906, #1862, .T. ) ;
#2102 = CARTESIAN_POINT ( 'NONE',  ( 1.224646799147353256E-15, 2.400000000000000355, -10.00000000000000000 ) ) ;
#2103 = CIRCLE ( 'NONE', #443, 2.650000000005106493 ) ;
#2104 = VERTEX_POINT ( 'NONE', #1249 ) ;
#2105 = CARTESIAN_POINT ( 'NONE',  ( 0.000000000000000000, -4.000000000000000000, 0.000000000000000000 ) ) ;
#2106 = EDGE_CURVE ( 'NONE', #1056, #967, #1386, .T. ) ;
#2107 = VECTOR ( 'NONE', #1606, 1000.000000000000000 ) ;
#2108 = CARTESIAN_POINT ( 'NONE',  ( -65.00000000000002842, -4.000000000000000000, 69.99999999999998579 ) ) ;
#2109 = AXIS2_PLACEMENT_3D ( 'NONE', #1686, #1536, #2260 ) ;
#2110 = VERTEX_POINT ( 'NONE', #478 ) ;
#2111 = CARTESIAN_POINT ( 'NONE',  ( -64.99999999999640465, 0.000000000000000000, 65.00000000000005684 ) ) ;
#2112 = FACE_OUTER_BOUND ( 'NONE', #915, .T. ) ;
#2113 = DIRECTION ( 'NONE',  ( 0.000000000000000000, 0.000000000000000000, 1.000000000000000000 ) ) ;
#2114 = DIRECTION ( 'NONE',  ( 1.471663606342996571E-16, -0.000000000000000000, 1.000000000000000000 ) ) ;
#2115 = EDGE_LOOP ( 'NONE', ( #463, #2282, #649, #295 ) ) ;
#2116 = CARTESIAN_POINT ( 'NONE',  ( 37.14999999999998437, 2.400000000000000355, -47.15000000000000568 ) ) ;
#2117 = CIRCLE ( 'NONE', #1146, 5.000000000000004441 ) ;
#2118 = ORIENTED_EDGE ( 'NONE', *, *, #1517, .F. ) ;
#2119 = CARTESIAN_POINT ( 'NONE',  ( -19.00000000000000000, 3.250000000000000444, 47.95000000000000995 ) ) ;
#2120 = EDGE_LOOP ( 'NONE', ( #881, #815, #122, #171 ) ) ;
#2121 = VECTOR ( 'NONE', #8, 1000.000000000000000 ) ;
#2122 = CARTESIAN_POINT ( 'NONE',  ( -51.20000000000000284, 4.000000000000000000, 47.45000000000000284 ) ) ;
#2123 = CARTESIAN_POINT ( 'NONE',  ( 40.89999999999998437, 3.250000000000000444, -47.15000000000000568 ) ) ;
#2124 = CYLINDRICAL_SURFACE ( 'NONE', #1096, 3.000000000000002665 ) ;
#2125 = EDGE_LOOP ( 'NONE', ( #1723, #1919, #1605, #1716 ) ) ;
#2126 = DIRECTION ( 'NONE',  ( 0.000000000000000000, 0.000000000000000000, -1.000000000000000000 ) ) ;
#2127 = DIRECTION ( 'NONE',  ( -1.000000000000000000, 0.000000000000000000, 0.000000000000000000 ) ) ;
#2128 = ORIENTED_EDGE ( 'NONE', *, *, #1861, .T. ) ;
#2129 = CYLINDRICAL_SURFACE ( 'NONE', #2193, 4.500000000000003553 ) ;
#2130 = ADVANCED_FACE ( 'NONE', ( #1579 ), #2131, .F. ) ;
#2131 = CYLINDRICAL_SURFACE ( 'NONE', #1112, 5.000000000004660272 ) ;
#2132 = CARTESIAN_POINT ( 'NONE',  ( 47.45000000000000284, 0.000000000000000000, 51.95000000000000995 ) ) ;
#2133 = CARTESIAN_POINT ( 'NONE',  ( -47.45000000000000284, 3.250000000000000444, 51.20000000000000995 ) ) ;
#2134 = VERTEX_POINT ( 'NONE', #331 ) ;
#2135 = DIRECTION ( 'NONE',  ( -1.462359094606370465E-16, -0.000000000000000000, -1.000000000000000000 ) ) ;
#2136 = VECTOR ( 'NONE', #247, 1000.000000000000000 ) ;
#2137 = VERTEX_POINT ( 'NONE', #146 ) ;
#2138 = DIRECTION ( 'NONE',  ( 0.000000000000000000, 0.000000000000000000, 1.000000000000000000 ) ) ;
#2139 = AXIS2_PLACEMENT_3D ( 'NONE', #1937, #2126, #690 ) ;
#2140 = ORIENTED_EDGE ( 'NONE', *, *, #486, .T. ) ;
#2141 = EDGE_CURVE ( 'NONE', #897, #1137, #1214, .T. ) ;
#2142 = CIRCLE ( 'NONE', #1657, 4.500000000000003553 ) ;
#2143 = PLANE ( 'NONE',  #490 ) ;
#2144 = DIRECTION ( 'NONE',  ( 1.000000000000000000, -0.000000000000000000, 0.000000000000000000 ) ) ;
#2145 = CARTESIAN_POINT ( 'NONE',  ( -37.15000000000001279, 2.400000000000000355, -50.15000000000000568 ) ) ;
#2146 = EDGE_CURVE ( 'NONE', #1825, #1663, #2259, .T. ) ;
#2147 = CARTESIAN_POINT ( 'NONE',  ( -57.99999999999668177, -3.500000000000000000, -58.00000000000009237 ) ) ;
#2148 = CARTESIAN_POINT ( 'NONE',  ( -64.99999999999640465, -3.000000000000000000, 65.00000000000005684 ) ) ;
#2149 = ORIENTED_EDGE ( 'NONE', *, *, #1375, .T. ) ;
#2150 = LINE ( 'NONE', #1035, #1015 ) ;
#2151 = VERTEX_POINT ( 'NONE', #842 ) ;
#2152 = DIRECTION ( 'NONE',  ( -0.000000000000000000, -1.000000000000000000, -0.000000000000000000 ) ) ;
#2153 = VERTEX_POINT ( 'NONE', #1406 ) ;
#2154 = TOROIDAL_SURFACE ( 'NONE', #114, 3.250000000000000444, 0.7500000000000000000 ) ;
#2155 = AXIS2_PLACEMENT_3D ( 'NONE', #1432, #1668, #1467 ) ;
#2156 = DIRECTION ( 'NONE',  ( 0.000000000000000000, 0.000000000000000000, 1.000000000000000000 ) ) ;
#2157 = AXIS2_PLACEMENT_3D ( 'NONE', #918, #20, #1967 ) ;
#2158 = DIRECTION ( 'NONE',  ( 0.000000000000000000, -0.000000000000000000, -1.000000000000000000 ) ) ;
#2159 = EDGE_CURVE ( 'NONE', #1433, #584, #646, .T. ) ;
#2160 = DIRECTION ( 'NONE',  ( 0.000000000000000000, 0.000000000000000000, 1.000000000000000000 ) ) ;
#2161 = CARTESIAN_POINT ( 'NONE',  ( 40.14999999999998437, 2.400000000000000355, -47.15000000000000568 ) ) ;
#2162 = DIRECTION ( 'NONE',  ( -0.000000000000000000, 1.000000000000000000, -0.000000000000000000 ) ) ;
#2163 = ADVANCED_FACE ( 'NONE', ( #1569 ), #1745, .F. ) ;
#2164 = ORIENTED_EDGE ( 'NONE', *, *, #1612, .F. ) ;
#2165 = ORIENTED_EDGE ( 'NONE', *, *, #2159, .F. ) ;
#2166 = VERTEX_POINT ( 'NONE', #832 ) ;
#2167 = ORIENTED_EDGE ( 'NONE', *, *, #1571, .T. ) ;
#2168 = DIRECTION ( 'NONE',  ( 0.000000000000000000, 0.000000000000000000, -1.000000000000000000 ) ) ;
#2169 = FACE_OUTER_BOUND ( 'NONE', #1388, .T. ) ;
#2170 = PLANE ( 'NONE',  #1765 ) ;
#2171 = DIRECTION ( 'NONE',  ( 0.000000000000000000, 1.000000000000000000, 0.000000000000000000 ) ) ;
#2172 = EDGE_CURVE ( 'NONE', #1564, #507, #1227, .T. ) ;
#2173 = CARTESIAN_POINT ( 'NONE',  ( 65.00000000000368061, -3.000000000000000000, 64.99999999999639044 ) ) ;
#2174 = DIRECTION ( 'NONE',  ( 0.000000000000000000, 0.000000000000000000, 1.000000000000000000 ) ) ;
#2175 = UNCERTAINTY_MEASURE_WITH_UNIT (LENGTH_MEASURE( 1.000000000000000082E-05 ), #1840, 'distance_accuracy_value', 'NONE');
#2176 = ORIENTED_EDGE ( 'NONE', *, *, #2101, .F. ) ;
#2177 = ORIENTED_EDGE ( 'NONE', *, *, #2212, .T. ) ;
#2178 = ADVANCED_FACE ( 'NONE', ( #2284 ), #1031, .F. ) ;
#2179 = ORIENTED_EDGE ( 'NONE', *, *, #1422, .F. ) ;
#2180 = CIRCLE ( 'NONE', #365, 5.000000000003425704 ) ;
#2181 = AXIS2_PLACEMENT_3D ( 'NONE', #217, #1122, #2200 ) ;
#2182 = DIRECTION ( 'NONE',  ( 1.000000000000000000, 0.000000000000000000, 0.000000000000000000 ) ) ;
#2183 = PLANE ( 'NONE',  #2287 ) ;
#2184 = AXIS2_PLACEMENT_3D ( 'NONE', #590, #2337, #2185 ) ;
#2185 = DIRECTION ( 'NONE',  ( 0.000000000000000000, 0.000000000000000000, 1.000000000000000000 ) ) ;
#2186 = DIRECTION ( 'NONE',  ( 0.000000000000000000, 0.000000000000000000, 1.000000000000000000 ) ) ;
#2187 = LINE ( 'NONE', #404, #533 ) ;
#2188 = LINE ( 'NONE', #1109, #221 ) ;
#2189 = ORIENTED_EDGE ( 'NONE', *, *, #1335, .T. ) ;
#2190 = ORIENTED_EDGE ( 'NONE', *, *, #232, .T. ) ;
#2191 = CARTESIAN_POINT ( 'NONE',  ( -19.00000000000000000, 4.000000000000000000, 47.95000000000000995 ) ) ;
#2192 = EDGE_CURVE ( 'NONE', #1160, #1818, #1632, .T. ) ;
#2193 = AXIS2_PLACEMENT_3D ( 'NONE', #134, #1764, #1236 ) ;
#2194 = LINE ( 'NONE', #711, #386 ) ;
#2195 = LINE ( 'NONE', #2022, #743 ) ;
#2196 = DIRECTION ( 'NONE',  ( 0.000000000000000000, -1.000000000000000000, 0.000000000000000000 ) ) ;
#2197 = CARTESIAN_POINT ( 'NONE',  ( 37.14999999999999858, 3.250000000000000444, 47.14999999999999147 ) ) ;
#2198 = AXIS2_PLACEMENT_3D ( 'NONE', #92, #1515, #812 ) ;
#2199 = CARTESIAN_POINT ( 'NONE',  ( 64.99999999999994316, 0.000000000000000000, -70.00000000000000000 ) ) ;
#2200 = DIRECTION ( 'NONE',  ( 0.000000000000000000, 0.000000000000000000, 1.000000000000000000 ) ) ;
#2201 = ORIENTED_EDGE ( 'NONE', *, *, #817, .T. ) ;
#2202 = DIRECTION ( 'NONE',  ( 1.462359094606370465E-16, 0.000000000000000000, 1.000000000000000000 ) ) ;
#2203 = VERTEX_POINT ( 'NONE', #1614 ) ;
#2204 = CARTESIAN_POINT ( 'NONE',  ( -65.00000000000005684, -4.000000000000000000, -65.00000000000001421 ) ) ;
#2205 = EDGE_CURVE ( 'NONE', #418, #785, #1070, .T. ) ;
#2206 = DIRECTION ( 'NONE',  ( -1.000000000000000000, 0.000000000000000000, 0.000000000000000000 ) ) ;
#2207 = CARTESIAN_POINT ( 'NONE',  ( 58.00000000000001421, -3.500000000000000000, 63.00000000000681410 ) ) ;
#2208 = DIRECTION ( 'NONE',  ( 0.000000000000000000, 0.000000000000000000, 1.000000000000000000 ) ) ;
#2209 = FACE_OUTER_BOUND ( 'NONE', #149, .T. ) ;
#2210 = ORIENTED_EDGE ( 'NONE', *, *, #2018, .F. ) ;
#2211 = ORIENTED_EDGE ( 'NONE', *, *, #87, .F. ) ;
#2212 = EDGE_CURVE ( 'NONE', #785, #835, #564, .T. ) ;
#2213 = CARTESIAN_POINT ( 'NONE',  ( 51.19999999999999574, 4.000000000000000000, -47.45000000000000284 ) ) ;
#2214 = AXIS2_PLACEMENT_3D ( 'NONE', #2204, #579, #1010 ) ;
#2215 = DIRECTION ( 'NONE',  ( 0.000000000000000000, -0.000000000000000000, -1.000000000000000000 ) ) ;
#2216 = DIRECTION ( 'NONE',  ( 0.000000000000000000, 0.000000000000000000, 1.000000000000000000 ) ) ;
#2217 = AXIS2_PLACEMENT_3D ( 'NONE', #1294, #1470, #43 ) ;
#2218 = CARTESIAN_POINT ( 'NONE',  ( 17.24432821412818129, 3.996427683515291651, 50.80438904655280652 ) ) ;
#2219 = AXIS2_PLACEMENT_3D ( 'NONE', #2061, #1548, #1380 ) ;
#2220 = CYLINDRICAL_SURFACE ( 'NONE', #38, 4.999999999999997335 ) ;
#2221 = ORIENTED_EDGE ( 'NONE', *, *, #2079, .F. ) ;
#2222 = ORIENTED_EDGE ( 'NONE', *, *, #2238, .T. ) ;
#2223 = EDGE_LOOP ( 'NONE', ( #1748, #1903 ) ) ;
#2224 = CARTESIAN_POINT ( 'NONE',  ( -47.45000000000001705, 0.000000000000000000, -51.95000000000000995 ) ) ;
#2225 = DIRECTION ( 'NONE',  ( 0.000000000000000000, 0.000000000000000000, -1.000000000000000000 ) ) ;
#2226 = VECTOR ( 'NONE', #1781, 1000.000000000000000 ) ;
#2227 = CARTESIAN_POINT ( 'NONE',  ( -37.14999999999999858, 3.250000000000000444, 50.89999999999999147 ) ) ;
#2228 = AXIS2_PLACEMENT_3D ( 'NONE', #1304, #1618, #1265 ) ;
#2229 = AXIS2_PLACEMENT_3D ( 'NONE', #2123, #643, #1063 ) ;
#2230 = ORIENTED_EDGE ( 'NONE', *, *, #341, .F. ) ;
#2231 = EDGE_CURVE ( 'NONE', #2331, #1369, #2194, .T. ) ;
#2232 = SURFACE_SIDE_STYLE ('',( #233 ) ) ;
#2233 = ORIENTED_EDGE ( 'NONE', *, *, #968, .T. ) ;
#2234 = PRODUCT_CONTEXT ( 'NONE', #58, 'mechanical' ) ;
#2235 = CARTESIAN_POINT ( 'NONE',  ( -37.14999999999999858, 2.400000000000000355, 50.14999999999999147 ) ) ;
#2236 = CARTESIAN_POINT ( 'NONE',  ( 40.89999999999999858, 3.250000000000000444, 47.14999999999999147 ) ) ;
#2237 = CARTESIAN_POINT ( 'NONE',  ( 47.45000000000000284, 4.000000000000000000, 51.95000000000000995 ) ) ;
#2238 = EDGE_CURVE ( 'NONE', #647, #2077, #1463, .T. ) ;
#2239 = VERTEX_POINT ( 'NONE', #578 ) ;
#2240 = CARTESIAN_POINT ( 'NONE',  ( 40.14999999999998437, 2.400000000000000355, -47.15000000000000568 ) ) ;
#2241 = ADVANCED_FACE ( 'NONE', ( #2334 ), #698, .F. ) ;
#2242 = ORIENTED_EDGE ( 'NONE', *, *, #1702, .F. ) ;
#2243 =( NAMED_UNIT ( * ) SI_UNIT ( $, .STERADIAN. ) SOLID_ANGLE_UNIT ( ) );
#2244 = DIRECTION ( 'NONE',  ( -1.000000000000000000, -0.000000000000000000, -0.000000000000000000 ) ) ;
#2245 = VECTOR ( 'NONE', #1969, 1000.000000000000000 ) ;
#2246 = DIRECTION ( 'NONE',  ( 0.000000000000000000, 1.000000000000000000, 0.000000000000000000 ) ) ;
#2247 = DIRECTION ( 'NONE',  ( 0.000000000000000000, 1.000000000000000000, 0.000000000000000000 ) ) ;
#2248 = AXIS2_PLACEMENT_3D ( 'NONE', #834, #2298, #334 ) ;
#2249 = ORIENTED_EDGE ( 'NONE', *, *, #185, .F. ) ;
#2250 = DIRECTION ( 'NONE',  ( 0.000000000000000000, 0.000000000000000000, -1.000000000000000000 ) ) ;
#2251 = ORIENTED_EDGE ( 'NONE', *, *, #257, .T. ) ;
#2252 = DIRECTION ( 'NONE',  ( 0.000000000000000000, 0.000000000000000000, -1.000000000000000000 ) ) ;
#2253 = ORIENTED_EDGE ( 'NONE', *, *, #587, .T. ) ;
#2254 = EDGE_CURVE ( 'NONE', #507, #1564, #50, .T. ) ;
#2255 = DIRECTION ( 'NONE',  ( -1.000000000000000000, 0.000000000000000000, 0.000000000000000000 ) ) ;
#2256 = CIRCLE ( 'NONE', #2047, 0.7500000000000006661 ) ;
#2257 = EDGE_CURVE ( 'NONE', #2308, #647, #1932, .T. ) ;
#2258 = ORIENTED_EDGE ( 'NONE', *, *, #778, .F. ) ;
#2259 = LINE ( 'NONE', #286, #767 ) ;
#2260 = DIRECTION ( 'NONE',  ( 0.000000000000000000, 0.000000000000000000, -1.000000000000000000 ) ) ;
#2261 = AXIS2_PLACEMENT_3D ( 'NONE', #1456, #1630, #892 ) ;
#2262 = VECTOR ( 'NONE', #1499, 1000.000000000000000 ) ;
#2263 = VERTEX_POINT ( 'NONE', #1439 ) ;
#2264 = AXIS2_PLACEMENT_3D ( 'NONE', #1904, #1390, #1715 ) ;
#2265 = DIRECTION ( 'NONE',  ( 0.000000000000000000, 0.000000000000000000, -1.000000000000000000 ) ) ;
#2266 = VECTOR ( 'NONE', #1754, 1000.000000000000000 ) ;
#2267 = DIRECTION ( 'NONE',  ( -0.000000000000000000, 1.000000000000000000, -0.000000000000000000 ) ) ;
#2268 = ORIENTED_EDGE ( 'NONE', *, *, #898, .F. ) ;
#2269 = ORIENTED_EDGE ( 'NONE', *, *, #245, .F. ) ;
#2270 = ADVANCED_FACE ( 'NONE', ( #212 ), #549, .F. ) ;
#2271 = ORIENTED_EDGE ( 'NONE', *, *, #2006, .F. ) ;
#2272 = PLANE ( 'NONE',  #1521 ) ;
#2273 = CARTESIAN_POINT ( 'NONE',  ( -37.14999999999999858, 2.400000000000000355, 47.14999999999999147 ) ) ;
#2274 = ADVANCED_FACE ( 'NONE', ( #1451 ), #1311, .F. ) ;
#2275 = CARTESIAN_POINT ( 'NONE',  ( -47.45000000000000284, 4.000000000000000000, 47.45000000000000284 ) ) ;
#2276 = VERTEX_POINT ( 'NONE', #723 ) ;
#2277 = LINE ( 'NONE', #657, #746 ) ;
#2278 = DIRECTION ( 'NONE',  ( 0.000000000000000000, 0.000000000000000000, 1.000000000000000000 ) ) ;
#2279 = ORIENTED_EDGE ( 'NONE', *, *, #2254, .F. ) ;
#2280 = DIRECTION ( 'NONE',  ( 0.000000000000000000, 0.000000000000000000, -1.000000000000000000 ) ) ;
#2281 = VERTEX_POINT ( 'NONE', #186 ) ;
#2282 = ORIENTED_EDGE ( 'NONE', *, *, #2051, .T. ) ;
#2283 = LINE ( 'NONE', #466, #46 ) ;
#2284 = FACE_OUTER_BOUND ( 'NONE', #2303, .T. ) ;
#2285 = CARTESIAN_POINT ( 'NONE',  ( 40.89999999999998437, 3.250000000000000444, -47.15000000000000568 ) ) ;
#2286 = EDGE_CURVE ( 'NONE', #460, #1635, #867, .T. ) ;
#2287 = AXIS2_PLACEMENT_3D ( 'NONE', #933, #187, #1065 ) ;
#2288 = ORIENTED_EDGE ( 'NONE', *, *, #2106, .F. ) ;
#2289 = CARTESIAN_POINT ( 'NONE',  ( 69.99999999999995737, 0.000000000000000000, 64.99999999999998579 ) ) ;
#2290 = AXIS2_PLACEMENT_3D ( 'NONE', #2301, #879, #314 ) ;
#2291 = ORIENTED_EDGE ( 'NONE', *, *, #1169, .F. ) ;
#2292 = AXIS2_PLACEMENT_3D ( 'NONE', #2275, #876, #491 ) ;
#2293 = ORIENTED_EDGE ( 'NONE', *, *, #1154, .F. ) ;
#2294 = CARTESIAN_POINT ( 'NONE',  ( 40.89999999999999858, 4.000000000000000000, 47.14999999999999147 ) ) ;
#2295 = CARTESIAN_POINT ( 'NONE',  ( -37.14999999999999858, 3.250000000000000444, 47.14999999999999147 ) ) ;
#2296 = CARTESIAN_POINT ( 'NONE',  ( 65.00000000000368061, -3.000000000000000000, 67.65000000000149782 ) ) ;
#2297 = CIRCLE ( 'NONE', #1547, 5.000000000001766587 ) ;
#2298 = DIRECTION ( 'NONE',  ( 0.000000000000000000, 0.000000000000000000, -1.000000000000000000 ) ) ;
#2299 = EDGE_CURVE ( 'NONE', #144, #719, #1990, .T. ) ;
#2300 = CARTESIAN_POINT ( 'NONE',  ( 47.44999999999998863, 4.000000000000000000, -51.95000000000000995 ) ) ;
#2301 = CARTESIAN_POINT ( 'NONE',  ( 19.00000000000000000, 4.000000000000000000, 47.95000000000000995 ) ) ;
#2302 = AXIS2_PLACEMENT_3D ( 'NONE', #2191, #765, #1522 ) ;
#2303 = EDGE_LOOP ( 'NONE', ( #1072, #1161, #626, #518 ) ) ;
#2304 = TOROIDAL_SURFACE ( 'NONE', #1629, 3.750000000000000888, 0.7500000000000000000 ) ;
#2305 = DIRECTION ( 'NONE',  ( 0.000000000000000000, 0.000000000000000000, -1.000000000000000000 ) ) ;
#2306 = ADVANCED_FACE ( 'NONE', ( #1076 ), #886, .T. ) ;
#2307 = CIRCLE ( 'NONE', #428, 0.7500000000000006661 ) ;
#2308 = VERTEX_POINT ( 'NONE', #1601 ) ;
#2309 = ORIENTED_EDGE ( 'NONE', *, *, #640, .F. ) ;
#2310 = DIRECTION ( 'NONE',  ( 0.000000000000000000, 0.000000000000000000, -1.000000000000000000 ) ) ;
#2311 = CARTESIAN_POINT ( 'NONE',  ( -65.00000000000005684, 0.000000000000000000, -65.00000000000001421 ) ) ;
#2312 = DIRECTION ( 'NONE',  ( 0.000000000000000000, -0.000000000000000000, -1.000000000000000000 ) ) ;
#2313 = ORIENTED_EDGE ( 'NONE', *, *, #1101, .F. ) ;
#2314 = CARTESIAN_POINT ( 'NONE',  ( -65.00000000000005684, 0.000000000000000000, -70.00000000000000000 ) ) ;
#2315 = EDGE_CURVE ( 'NONE', #845, #2203, #1276, .T. ) ;
#2316 = ORIENTED_EDGE ( 'NONE', *, *, #670, .T. ) ;
#2317 = FACE_OUTER_BOUND ( 'NONE', #180, .T. ) ;
#2318 = ORIENTED_EDGE ( 'NONE', *, *, #1897, .T. ) ;
#2319 = ADVANCED_FACE ( 'NONE', ( #1831 ), #371, .T. ) ;
#2320 = DIRECTION ( 'NONE',  ( -1.000000000000000000, 0.000000000000000000, -0.000000000000000000 ) ) ;
#2321 = CARTESIAN_POINT ( 'NONE',  ( 37.14999999999997016, 4.000000000000000000, -50.90000000000000568 ) ) ;
#2322 = DIRECTION ( 'NONE',  ( 0.000000000000000000, 0.000000000000000000, 1.000000000000000000 ) ) ;
#2323 = CARTESIAN_POINT ( 'NONE',  ( 15.65934138230197448, 2.400000000000000355, 50.14999999999999147 ) ) ;
#2324 = CARTESIAN_POINT ( 'NONE',  ( -47.45000000000000284, 0.000000000000000000, 51.95000000000000995 ) ) ;
#2325 = ORIENTED_EDGE ( 'NONE', *, *, #2231, .T. ) ;
#2326 = DIRECTION ( 'NONE',  ( 1.000000000000000000, -0.000000000000000000, -0.000000000000000000 ) ) ;
#2327 = CIRCLE ( 'NONE', #1911, 2.650000000001901057 ) ;
#2328 = EDGE_CURVE ( 'NONE', #1068, #357, #526, .T. ) ;
#2329 = DIRECTION ( 'NONE',  ( 3.469446951953611033E-15, 0.000000000000000000, 1.000000000000000000 ) ) ;
#2330 = TOROIDAL_SURFACE ( 'NONE', #818, 3.750000000000002665, 0.7500000000000000000 ) ;
#2331 = VERTEX_POINT ( 'NONE', #1624 ) ;
#2332 = ORIENTED_EDGE ( 'NONE', *, *, #496, .T. ) ;
#2333 = CIRCLE ( 'NONE', #1951, 5.000000000000004441 ) ;
#2334 = FACE_OUTER_BOUND ( 'NONE', #2125, .T. ) ;
#2335 = DIRECTION ( 'NONE',  ( 1.000000000000000000, 0.000000000000000000, 0.000000000000000000 ) ) ;
#2336 = EDGE_CURVE ( 'NONE', #2166, #418, #586, .T. ) ;
#2337 = DIRECTION ( 'NONE',  ( -1.000000000000000000, 0.000000000000000000, 0.000000000000000000 ) ) ;
#2338 = CARTESIAN_POINT ( 'NONE',  ( 37.14999999999999147, 2.400000000000000355, 50.14999999999999147 ) ) ;
#2339 = CARTESIAN_POINT ( 'NONE',  ( -47.45000000000001705, 0.000000000000000000, -51.95000000000000995 ) ) ;
#2340 = FACE_OUTER_BOUND ( 'NONE', #1194, .T. ) ;
ENDSEC;
END-ISO-10303-21;
